{
"type": "FeatureCollection",
"name": "hotspot_lampung_2022",
"crs": { "type": "name", "properties": { "name": "urn:ogc:def:crs:OGC:1.3:CRS84" } },
"features": [
{"type":"Feature","properties":{"latitude":-4.82777,"longitude":104.94504,"bright_ti4":310.09,"scan":0.46,"track":0.47,"acq_date":"2022-01-27","acq_time":1758,"satellite":"N","instrument":"VIIRS","confidence":"n","version":2,"bright_ti5":275.16,"frp":1.84,"daynight":"N","type":0},"geometry":{"type":"Point","coordinates":[104.94504,-4.82777]}},
{"type":"Feature","properties":{"latitude":-4.60397,"longitude":104.54298,"bright_ti4":303.74,"scan":0.54,"track":0.42,"acq_date":"2022-02-15","acq_time":1841,"satellite":"N","instrument":"VIIRS","confidence":"n","version":2,"bright_ti5":286.2,"frp":0.77,"daynight":"N","type":0},"geometry":{"type":"Point","coordinates":[104.54298,-4.60397]}},
{"type":"Feature","properties":{"latitude":-4.69882,"longitude":104.64873,"bright_ti4":330.52,"scan":0.47,"track":0.48,"acq_date":"2022-03-08","acq_time":604,"satellite":"N","instrument":"VIIRS","confidence":"n","version":2,"bright_ti5":289.14,"frp":3.9,"daynight":"D","type":0},"geometry":{"type":"Point","coordinates":[104.64873,-4.69882]}},
{"type":"Feature","properties":{"latitude":-4.60758,"longitude":104.5439,"bright_ti4":325.16,"scan":0.38,"track":0.36,"acq_date":"2022-03-20","acq_time":1823,"satellite":"N","instrument":"VIIRS","confidence":"n","version":2,"bright_ti5":290.49,"frp":1.5,"daynight":"N","type":0},"geometry":{"type":"Point","coordinates":[104.5439,-4.60758]}},
{"type":"Feature","properties":{"latitude":-4.60657,"longitude":104.54295,"bright_ti4":318.5,"scan":0.48,"track":0.4,"acq_date":"2022-03-26","acq_time":1810,"satellite":"N","instrument":"VIIRS","confidence":"n","version":2,"bright_ti5":291.79,"frp":2.05,"daynight":"N","type":0},"geometry":{"type":"Point","coordinates":[104.54295,-4.60657]}},
{"type":"Feature","properties":{"latitude":-4.73134,"longitude":104.6182,"bright_ti4":336.24,"scan":0.48,"track":0.48,"acq_date":"2022-04-01","acq_time":655,"satellite":"N","instrument":"VIIRS","confidence":"n","version":2,"bright_ti5":292.66,"frp":4.27,"daynight":"D","type":0},"geometry":{"type":"Point","coordinates":[104.6182,-4.73134]}},
{"type":"Feature","properties":{"latitude":-4.73031,"longitude":104.61588,"bright_ti4":331.98,"scan":0.48,"track":0.48,"acq_date":"2022-04-01","acq_time":655,"satellite":"N","instrument":"VIIRS","confidence":"n","version":2,"bright_ti5":291.61,"frp":2.63,"daynight":"D","type":0},"geometry":{"type":"Point","coordinates":[104.61588,-4.73031]}},
{"type":"Feature","properties":{"latitude":-4.69142,"longitude":104.64279,"bright_ti4":332.9,"scan":0.41,"track":0.37,"acq_date":"2022-04-02","acq_time":636,"satellite":"N","instrument":"VIIRS","confidence":"n","version":2,"bright_ti5":296.48,"frp":2.18,"daynight":"D","type":0},"geometry":{"type":"Point","coordinates":[104.64279,-4.69142]}},
{"type":"Feature","properties":{"latitude":-4.74455,"longitude":104.85267,"bright_ti4":335.9,"scan":0.41,"track":0.6,"acq_date":"2022-04-11","acq_time":707,"satellite":"N","instrument":"VIIRS","confidence":"n","version":2,"bright_ti5":292.86,"frp":2.29,"daynight":"D","type":0},"geometry":{"type":"Point","coordinates":[104.85267,-4.74455]}},
{"type":"Feature","properties":{"latitude":-4.60658,"longitude":104.54194,"bright_ti4":313.77,"scan":0.48,"track":0.4,"acq_date":"2022-04-11","acq_time":1810,"satellite":"N","instrument":"VIIRS","confidence":"n","version":2,"bright_ti5":290.45,"frp":1.84,"daynight":"N","type":0},"geometry":{"type":"Point","coordinates":[104.54194,-4.60658]}},
{"type":"Feature","properties":{"latitude":-4.60466,"longitude":104.5414,"bright_ti4":311.98,"scan":0.5,"track":0.49,"acq_date":"2022-04-17","acq_time":1757,"satellite":"N","instrument":"VIIRS","confidence":"n","version":2,"bright_ti5":288.94,"frp":2.52,"daynight":"N","type":0},"geometry":{"type":"Point","coordinates":[104.5414,-4.60466]}},
{"type":"Feature","properties":{"latitude":-4.93192,"longitude":104.76987,"bright_ti4":333.48,"scan":0.41,"track":0.37,"acq_date":"2022-04-18","acq_time":636,"satellite":"N","instrument":"VIIRS","confidence":"n","version":2,"bright_ti5":294.66,"frp":2.65,"daynight":"D","type":0},"geometry":{"type":"Point","coordinates":[104.76987,-4.93192]}},
{"type":"Feature","properties":{"latitude":-4.81195,"longitude":104.99886,"bright_ti4":332.56,"scan":0.42,"track":0.37,"acq_date":"2022-04-18","acq_time":636,"satellite":"N","instrument":"VIIRS","confidence":"n","version":2,"bright_ti5":296.43,"frp":2.44,"daynight":"D","type":0},"geometry":{"type":"Point","coordinates":[104.99886,-4.81195]}},
{"type":"Feature","properties":{"latitude":-4.78191,"longitude":104.54333,"bright_ti4":332.29,"scan":0.41,"track":0.37,"acq_date":"2022-05-10","acq_time":623,"satellite":"N","instrument":"VIIRS","confidence":"n","version":2,"bright_ti5":294.78,"frp":2.28,"daynight":"D","type":0},"geometry":{"type":"Point","coordinates":[104.54333,-4.78191]}},
{"type":"Feature","properties":{"latitude":-4.85771,"longitude":104.93975,"bright_ti4":302.61,"scan":0.41,"track":0.37,"acq_date":"2022-05-12","acq_time":1829,"satellite":"N","instrument":"VIIRS","confidence":"n","version":2,"bright_ti5":282.38,"frp":0.38,"daynight":"N","type":0},"geometry":{"type":"Point","coordinates":[104.93975,-4.85771]}},
{"type":"Feature","properties":{"latitude":-4.76148,"longitude":104.78145,"bright_ti4":332.98,"scan":0.38,"track":0.36,"acq_date":"2022-05-15","acq_time":629,"satellite":"N","instrument":"VIIRS","confidence":"n","version":2,"bright_ti5":294.4,"frp":4.69,"daynight":"D","type":0},"geometry":{"type":"Point","coordinates":[104.78145,-4.76148]}},
{"type":"Feature","properties":{"latitude":-4.70619,"longitude":104.6589,"bright_ti4":334.63,"scan":0.38,"track":0.36,"acq_date":"2022-05-15","acq_time":629,"satellite":"N","instrument":"VIIRS","confidence":"n","version":2,"bright_ti5":296.84,"frp":2.81,"daynight":"D","type":0},"geometry":{"type":"Point","coordinates":[104.6589,-4.70619]}},
{"type":"Feature","properties":{"latitude":-4.60543,"longitude":104.54125,"bright_ti4":309.05,"scan":0.51,"track":0.49,"acq_date":"2022-05-19","acq_time":1757,"satellite":"N","instrument":"VIIRS","confidence":"n","version":2,"bright_ti5":277.42,"frp":1.16,"daynight":"N","type":0},"geometry":{"type":"Point","coordinates":[104.54125,-4.60543]}},
{"type":"Feature","properties":{"latitude":-4.60637,"longitude":104.54338,"bright_ti4":309.01,"scan":0.5,"track":0.49,"acq_date":"2022-05-19","acq_time":1757,"satellite":"N","instrument":"VIIRS","confidence":"n","version":2,"bright_ti5":277.66,"frp":0.98,"daynight":"N","type":0},"geometry":{"type":"Point","coordinates":[104.54338,-4.60637]}},
{"type":"Feature","properties":{"latitude":-4.61231,"longitude":104.71309,"bright_ti4":332.62,"scan":0.46,"track":0.39,"acq_date":"2022-05-21","acq_time":616,"satellite":"N","instrument":"VIIRS","confidence":"n","version":2,"bright_ti5":294.99,"frp":3.98,"daynight":"D","type":0},"geometry":{"type":"Point","coordinates":[104.71309,-4.61231]}},
{"type":"Feature","properties":{"latitude":-4.60719,"longitude":104.54173,"bright_ti4":310.19,"scan":0.39,"track":0.36,"acq_date":"2022-05-23","acq_time":1822,"satellite":"N","instrument":"VIIRS","confidence":"n","version":2,"bright_ti5":289.63,"frp":1.15,"daynight":"N","type":0},"geometry":{"type":"Point","coordinates":[104.54173,-4.60719]}},
{"type":"Feature","properties":{"latitude":-4.82816,"longitude":104.94349,"bright_ti4":305.65,"scan":0.4,"track":0.37,"acq_date":"2022-05-28","acq_time":1828,"satellite":"N","instrument":"VIIRS","confidence":"n","version":2,"bright_ti5":284.99,"frp":0.91,"daynight":"N","type":0},"geometry":{"type":"Point","coordinates":[104.94349,-4.82816]}},
{"type":"Feature","properties":{"latitude":-4.78628,"longitude":105.04591,"bright_ti4":336.54,"scan":0.41,"track":0.61,"acq_date":"2022-05-29","acq_time":706,"satellite":"N","instrument":"VIIRS","confidence":"n","version":2,"bright_ti5":289.12,"frp":3.94,"daynight":"D","type":0},"geometry":{"type":"Point","coordinates":[105.04591,-4.78628]}},
{"type":"Feature","properties":{"latitude":-4.78853,"longitude":105.0456,"bright_ti4":330.7,"scan":0.41,"track":0.61,"acq_date":"2022-05-29","acq_time":707,"satellite":"N","instrument":"VIIRS","confidence":"n","version":2,"bright_ti5":289.59,"frp":3.66,"daynight":"D","type":0},"geometry":{"type":"Point","coordinates":[105.0456,-4.78853]}},
{"type":"Feature","properties":{"latitude":-4.63194,"longitude":104.83257,"bright_ti4":367.0,"scan":0.4,"track":0.6,"acq_date":"2022-05-29","acq_time":707,"satellite":"N","instrument":"VIIRS","confidence":"h","version":2,"bright_ti5":291.72,"frp":7.68,"daynight":"D","type":0},"geometry":{"type":"Point","coordinates":[104.83257,-4.63194]}},
{"type":"Feature","properties":{"latitude":-4.63246,"longitude":104.8354,"bright_ti4":349.05,"scan":0.4,"track":0.6,"acq_date":"2022-05-29","acq_time":707,"satellite":"N","instrument":"VIIRS","confidence":"n","version":2,"bright_ti5":291.53,"frp":9.84,"daynight":"D","type":0},"geometry":{"type":"Point","coordinates":[104.8354,-4.63246]}},
{"type":"Feature","properties":{"latitude":-4.63305,"longitude":104.8318,"bright_ti4":338.64,"scan":0.4,"track":0.6,"acq_date":"2022-05-29","acq_time":707,"satellite":"N","instrument":"VIIRS","confidence":"n","version":2,"bright_ti5":291.0,"frp":6.33,"daynight":"D","type":0},"geometry":{"type":"Point","coordinates":[104.8318,-4.63305]}},
{"type":"Feature","properties":{"latitude":-4.71275,"longitude":104.84368,"bright_ti4":329.72,"scan":0.38,"track":0.59,"acq_date":"2022-06-02","acq_time":551,"satellite":"N","instrument":"VIIRS","confidence":"n","version":2,"bright_ti5":291.26,"frp":1.63,"daynight":"D","type":0},"geometry":{"type":"Point","coordinates":[104.84368,-4.71275]}},
{"type":"Feature","properties":{"latitude":-4.60764,"longitude":104.54413,"bright_ti4":315.71,"scan":0.42,"track":0.37,"acq_date":"2022-06-03","acq_time":1816,"satellite":"N","instrument":"VIIRS","confidence":"n","version":2,"bright_ti5":290.09,"frp":1.21,"daynight":"N","type":0},"geometry":{"type":"Point","coordinates":[104.54413,-4.60764]}},
{"type":"Feature","properties":{"latitude":-4.7534,"longitude":104.814,"bright_ti4":334.53,"scan":0.48,"track":0.48,"acq_date":"2022-06-04","acq_time":654,"satellite":"N","instrument":"VIIRS","confidence":"n","version":2,"bright_ti5":290.03,"frp":5.25,"daynight":"D","type":0},"geometry":{"type":"Point","coordinates":[104.814,-4.7534]}},
{"type":"Feature","properties":{"latitude":-4.82862,"longitude":104.94585,"bright_ti4":319.14,"scan":0.47,"track":0.48,"acq_date":"2022-06-04","acq_time":1757,"satellite":"N","instrument":"VIIRS","confidence":"n","version":2,"bright_ti5":286.61,"frp":1.98,"daynight":"N","type":0},"geometry":{"type":"Point","coordinates":[104.94585,-4.82862]}},
{"type":"Feature","properties":{"latitude":-4.82694,"longitude":104.9438,"bright_ti4":319.73,"scan":0.47,"track":0.48,"acq_date":"2022-06-04","acq_time":1757,"satellite":"N","instrument":"VIIRS","confidence":"n","version":2,"bright_ti5":286.75,"frp":1.99,"daynight":"N","type":0},"geometry":{"type":"Point","coordinates":[104.9438,-4.82694]}},
{"type":"Feature","properties":{"latitude":-4.6053,"longitude":104.54316,"bright_ti4":299.12,"scan":0.39,"track":0.36,"acq_date":"2022-06-08","acq_time":1822,"satellite":"N","instrument":"VIIRS","confidence":"n","version":2,"bright_ti5":274.43,"frp":0.48,"daynight":"N","type":0},"geometry":{"type":"Point","coordinates":[104.54316,-4.6053]}},
{"type":"Feature","properties":{"latitude":-4.70727,"longitude":104.7032,"bright_ti4":332.74,"scan":0.4,"track":0.37,"acq_date":"2022-06-11","acq_time":623,"satellite":"N","instrument":"VIIRS","confidence":"n","version":2,"bright_ti5":289.86,"frp":4.14,"daynight":"D","type":0},"geometry":{"type":"Point","coordinates":[104.7032,-4.70727]}},
{"type":"Feature","properties":{"latitude":-4.70963,"longitude":104.84644,"bright_ti4":367.0,"scan":0.4,"track":0.6,"acq_date":"2022-06-14","acq_time":707,"satellite":"N","instrument":"VIIRS","confidence":"h","version":2,"bright_ti5":291.64,"frp":22.87,"daynight":"D","type":0},"geometry":{"type":"Point","coordinates":[104.84644,-4.70963]}},
{"type":"Feature","properties":{"latitude":-4.60581,"longitude":104.5414,"bright_ti4":309.18,"scan":0.49,"track":0.4,"acq_date":"2022-06-14","acq_time":1810,"satellite":"N","instrument":"VIIRS","confidence":"n","version":2,"bright_ti5":289.48,"frp":0.63,"daynight":"N","type":0},"geometry":{"type":"Point","coordinates":[104.5414,-4.60581]}},
{"type":"Feature","properties":{"latitude":-4.60605,"longitude":104.93225,"bright_ti4":334.12,"scan":0.37,"track":0.58,"acq_date":"2022-06-18","acq_time":552,"satellite":"N","instrument":"VIIRS","confidence":"n","version":2,"bright_ti5":288.84,"frp":3.95,"daynight":"D","type":0},"geometry":{"type":"Point","coordinates":[104.93225,-4.60605]}},
{"type":"Feature","properties":{"latitude":-4.60424,"longitude":104.54253,"bright_ti4":312.87,"scan":0.45,"track":0.39,"acq_date":"2022-06-18","acq_time":1835,"satellite":"N","instrument":"VIIRS","confidence":"n","version":2,"bright_ti5":289.0,"frp":1.32,"daynight":"N","type":0},"geometry":{"type":"Point","coordinates":[104.54253,-4.60424]}},
{"type":"Feature","properties":{"latitude":-4.6078,"longitude":104.54198,"bright_ti4":309.07,"scan":0.45,"track":0.39,"acq_date":"2022-06-18","acq_time":1835,"satellite":"N","instrument":"VIIRS","confidence":"n","version":2,"bright_ti5":288.57,"frp":1.32,"daynight":"N","type":0},"geometry":{"type":"Point","coordinates":[104.54198,-4.6078]}},
{"type":"Feature","properties":{"latitude":-4.67345,"longitude":104.8753,"bright_ti4":327.08,"scan":0.48,"track":0.4,"acq_date":"2022-06-26","acq_time":642,"satellite":"N","instrument":"VIIRS","confidence":"n","version":2,"bright_ti5":288.29,"frp":1.99,"daynight":"D","type":0},"geometry":{"type":"Point","coordinates":[104.8753,-4.67345]}},
{"type":"Feature","properties":{"latitude":-4.69823,"longitude":104.94973,"bright_ti4":339.93,"scan":0.4,"track":0.37,"acq_date":"2022-06-27","acq_time":623,"satellite":"N","instrument":"VIIRS","confidence":"n","version":2,"bright_ti5":295.06,"frp":4.03,"daynight":"D","type":0},"geometry":{"type":"Point","coordinates":[104.94973,-4.69823]}},
{"type":"Feature","properties":{"latitude":-4.7016,"longitude":104.95023,"bright_ti4":329.39,"scan":0.4,"track":0.37,"acq_date":"2022-06-27","acq_time":623,"satellite":"N","instrument":"VIIRS","confidence":"n","version":2,"bright_ti5":295.37,"frp":2.35,"daynight":"D","type":0},"geometry":{"type":"Point","coordinates":[104.95023,-4.7016]}},
{"type":"Feature","properties":{"latitude":-4.62693,"longitude":104.8186,"bright_ti4":329.31,"scan":0.4,"track":0.37,"acq_date":"2022-06-27","acq_time":623,"satellite":"N","instrument":"VIIRS","confidence":"n","version":2,"bright_ti5":296.41,"frp":2.75,"daynight":"D","type":0},"geometry":{"type":"Point","coordinates":[104.8186,-4.62693]}},
{"type":"Feature","properties":{"latitude":-4.63625,"longitude":104.87128,"bright_ti4":340.74,"scan":0.4,"track":0.37,"acq_date":"2022-06-27","acq_time":623,"satellite":"N","instrument":"VIIRS","confidence":"n","version":2,"bright_ti5":296.25,"frp":5.2,"daynight":"D","type":0},"geometry":{"type":"Point","coordinates":[104.87128,-4.63625]}},
{"type":"Feature","properties":{"latitude":-4.63751,"longitude":104.87131,"bright_ti4":333.71,"scan":0.4,"track":0.37,"acq_date":"2022-06-27","acq_time":623,"satellite":"N","instrument":"VIIRS","confidence":"n","version":2,"bright_ti5":296.56,"frp":2.17,"daynight":"D","type":0},"geometry":{"type":"Point","coordinates":[104.87131,-4.63751]}},
{"type":"Feature","properties":{"latitude":-4.65244,"longitude":104.91007,"bright_ti4":333.47,"scan":0.4,"track":0.37,"acq_date":"2022-06-27","acq_time":623,"satellite":"N","instrument":"VIIRS","confidence":"n","version":2,"bright_ti5":295.53,"frp":2.88,"daynight":"D","type":0},"geometry":{"type":"Point","coordinates":[104.91007,-4.65244]}},
{"type":"Feature","properties":{"latitude":-4.91997,"longitude":104.86684,"bright_ti4":337.09,"scan":0.4,"track":0.37,"acq_date":"2022-06-27","acq_time":623,"satellite":"N","instrument":"VIIRS","confidence":"n","version":2,"bright_ti5":293.9,"frp":5.92,"daynight":"D","type":0},"geometry":{"type":"Point","coordinates":[104.86684,-4.91997]}},
{"type":"Feature","properties":{"latitude":-4.60767,"longitude":104.54222,"bright_ti4":299.62,"scan":0.48,"track":0.4,"acq_date":"2022-06-30","acq_time":1810,"satellite":"N","instrument":"VIIRS","confidence":"n","version":2,"bright_ti5":284.68,"frp":0.35,"daynight":"N","type":0},"geometry":{"type":"Point","coordinates":[104.54222,-4.60767]}},
{"type":"Feature","properties":{"latitude":-4.60718,"longitude":104.54256,"bright_ti4":303.03,"scan":0.32,"track":0.55,"acq_date":"2022-07-01","acq_time":1751,"satellite":"N","instrument":"VIIRS","confidence":"n","version":2,"bright_ti5":289.48,"frp":0.54,"daynight":"N","type":2},"geometry":{"type":"Point","coordinates":[104.54256,-4.60718]}},
{"type":"Feature","properties":{"latitude":-4.55344,"longitude":104.88577,"bright_ti4":304.92,"scan":0.49,"track":0.65,"acq_date":"2022-07-07","acq_time":1739,"satellite":"N","instrument":"VIIRS","confidence":"n","version":2,"bright_ti5":289.17,"frp":0.81,"daynight":"N","type":0},"geometry":{"type":"Point","coordinates":[104.88577,-4.55344]}},
{"type":"Feature","properties":{"latitude":-4.93033,"longitude":104.91101,"bright_ti4":332.84,"scan":0.45,"track":0.39,"acq_date":"2022-07-08","acq_time":617,"satellite":"N","instrument":"VIIRS","confidence":"n","version":2,"bright_ti5":300.24,"frp":2.36,"daynight":"D","type":0},"geometry":{"type":"Point","coordinates":[104.91101,-4.93033]}},
{"type":"Feature","properties":{"latitude":-4.82701,"longitude":105.05215,"bright_ti4":347.37,"scan":0.44,"track":0.38,"acq_date":"2022-07-08","acq_time":617,"satellite":"N","instrument":"VIIRS","confidence":"n","version":2,"bright_ti5":302.02,"frp":5.54,"daynight":"D","type":0},"geometry":{"type":"Point","coordinates":[105.05215,-4.82701]}},
{"type":"Feature","properties":{"latitude":-4.81664,"longitude":104.58097,"bright_ti4":303.19,"scan":0.55,"track":0.43,"acq_date":"2022-07-09","acq_time":1842,"satellite":"N","instrument":"VIIRS","confidence":"n","version":2,"bright_ti5":291.48,"frp":0.51,"daynight":"N","type":0},"geometry":{"type":"Point","coordinates":[104.58097,-4.81664]}},
{"type":"Feature","properties":{"latitude":-4.83006,"longitude":104.94382,"bright_ti4":316.27,"scan":0.39,"track":0.44,"acq_date":"2022-07-09","acq_time":1842,"satellite":"N","instrument":"VIIRS","confidence":"n","version":2,"bright_ti5":291.39,"frp":0.9,"daynight":"N","type":0},"geometry":{"type":"Point","coordinates":[104.94382,-4.83006]}},
{"type":"Feature","properties":{"latitude":-4.82604,"longitude":104.94442,"bright_ti4":309.2,"scan":0.39,"track":0.44,"acq_date":"2022-07-09","acq_time":1842,"satellite":"N","instrument":"VIIRS","confidence":"n","version":2,"bright_ti5":291.37,"frp":0.66,"daynight":"N","type":0},"geometry":{"type":"Point","coordinates":[104.94442,-4.82604]}},
{"type":"Feature","properties":{"latitude":-4.60526,"longitude":104.54041,"bright_ti4":304.88,"scan":0.58,"track":0.52,"acq_date":"2022-07-19","acq_time":1854,"satellite":"N","instrument":"VIIRS","confidence":"n","version":2,"bright_ti5":288.31,"frp":0.57,"daynight":"N","type":2},"geometry":{"type":"Point","coordinates":[104.54041,-4.60526]}},
{"type":"Feature","properties":{"latitude":-4.60591,"longitude":104.54083,"bright_ti4":304.93,"scan":0.41,"track":0.37,"acq_date":"2022-07-21","acq_time":1817,"satellite":"N","instrument":"VIIRS","confidence":"n","version":2,"bright_ti5":287.82,"frp":0.62,"daynight":"N","type":2},"geometry":{"type":"Point","coordinates":[104.54083,-4.60591]}},
{"type":"Feature","properties":{"latitude":-4.6002,"longitude":104.95346,"bright_ti4":329.69,"scan":0.42,"track":0.37,"acq_date":"2022-07-23","acq_time":636,"satellite":"N","instrument":"VIIRS","confidence":"n","version":2,"bright_ti5":291.9,"frp":2.27,"daynight":"D","type":0},"geometry":{"type":"Point","coordinates":[104.95346,-4.6002]}},
{"type":"Feature","properties":{"latitude":-4.61127,"longitude":104.78237,"bright_ti4":303.62,"scan":0.38,"track":0.36,"acq_date":"2022-08-11","acq_time":1823,"satellite":"N","instrument":"VIIRS","confidence":"n","version":2,"bright_ti5":291.3,"frp":0.55,"daynight":"N","type":0},"geometry":{"type":"Point","coordinates":[104.78237,-4.61127]}},
{"type":"Feature","properties":{"latitude":-4.65914,"longitude":104.62067,"bright_ti4":336.95,"scan":0.63,"track":0.54,"acq_date":"2022-08-12","acq_time":701,"satellite":"N","instrument":"VIIRS","confidence":"n","version":2,"bright_ti5":293.13,"frp":6.48,"daynight":"D","type":0},"geometry":{"type":"Point","coordinates":[104.62067,-4.65914]}},
{"type":"Feature","properties":{"latitude":-4.68404,"longitude":104.87045,"bright_ti4":352.52,"scan":0.32,"track":0.55,"acq_date":"2022-08-12","acq_time":701,"satellite":"N","instrument":"VIIRS","confidence":"n","version":2,"bright_ti5":292.14,"frp":5.52,"daynight":"D","type":0},"geometry":{"type":"Point","coordinates":[104.87045,-4.68404]}},
{"type":"Feature","properties":{"latitude":-4.65966,"longitude":104.61736,"bright_ti4":331.82,"scan":0.62,"track":0.54,"acq_date":"2022-08-12","acq_time":701,"satellite":"N","instrument":"VIIRS","confidence":"n","version":2,"bright_ti5":293.15,"frp":4.0,"daynight":"D","type":0},"geometry":{"type":"Point","coordinates":[104.61736,-4.65966]}},
{"type":"Feature","properties":{"latitude":-4.84529,"longitude":104.54697,"bright_ti4":331.24,"scan":0.47,"track":0.4,"acq_date":"2022-08-13","acq_time":643,"satellite":"N","instrument":"VIIRS","confidence":"n","version":2,"bright_ti5":292.53,"frp":3.54,"daynight":"D","type":0},"geometry":{"type":"Point","coordinates":[104.54697,-4.84529]}},
{"type":"Feature","properties":{"latitude":-4.64968,"longitude":104.6143,"bright_ti4":339.83,"scan":0.46,"track":0.47,"acq_date":"2022-08-15","acq_time":605,"satellite":"N","instrument":"VIIRS","confidence":"n","version":2,"bright_ti5":279.47,"frp":3.67,"daynight":"D","type":0},"geometry":{"type":"Point","coordinates":[104.6143,-4.64968]}},
{"type":"Feature","properties":{"latitude":-4.68656,"longitude":104.60667,"bright_ti4":337.4,"scan":0.46,"track":0.47,"acq_date":"2022-08-15","acq_time":605,"satellite":"N","instrument":"VIIRS","confidence":"n","version":2,"bright_ti5":278.96,"frp":3.43,"daynight":"D","type":0},"geometry":{"type":"Point","coordinates":[104.60667,-4.68656]}},
{"type":"Feature","properties":{"latitude":-4.68706,"longitude":104.60597,"bright_ti4":333.24,"scan":0.46,"track":0.47,"acq_date":"2022-08-15","acq_time":605,"satellite":"N","instrument":"VIIRS","confidence":"n","version":2,"bright_ti5":278.59,"frp":3.89,"daynight":"D","type":0},"geometry":{"type":"Point","coordinates":[104.60597,-4.68706]}},
{"type":"Feature","properties":{"latitude":-4.60612,"longitude":104.54321,"bright_ti4":311.35,"scan":0.4,"track":0.37,"acq_date":"2022-08-16","acq_time":1829,"satellite":"N","instrument":"VIIRS","confidence":"n","version":2,"bright_ti5":290.43,"frp":1.23,"daynight":"N","type":2},"geometry":{"type":"Point","coordinates":[104.54321,-4.60612]}},
{"type":"Feature","properties":{"latitude":-5.06315,"longitude":104.87717,"bright_ti4":307.79,"scan":0.41,"track":0.37,"acq_date":"2022-08-16","acq_time":1830,"satellite":"N","instrument":"VIIRS","confidence":"n","version":2,"bright_ti5":288.69,"frp":0.66,"daynight":"N","type":0},"geometry":{"type":"Point","coordinates":[104.87717,-5.06315]}},
{"type":"Feature","properties":{"latitude":-4.67629,"longitude":104.53545,"bright_ti4":312.28,"scan":0.47,"track":0.4,"acq_date":"2022-08-17","acq_time":1811,"satellite":"N","instrument":"VIIRS","confidence":"n","version":2,"bright_ti5":291.0,"frp":1.69,"daynight":"N","type":0},"geometry":{"type":"Point","coordinates":[104.53545,-4.67629]}},
{"type":"Feature","properties":{"latitude":-4.60568,"longitude":104.54183,"bright_ti4":301.0,"scan":0.41,"track":0.37,"acq_date":"2022-08-22","acq_time":1817,"satellite":"N","instrument":"VIIRS","confidence":"n","version":2,"bright_ti5":284.8,"frp":0.59,"daynight":"N","type":2},"geometry":{"type":"Point","coordinates":[104.54183,-4.60568]}},
{"type":"Feature","properties":{"latitude":-4.60515,"longitude":104.54417,"bright_ti4":302.82,"scan":0.49,"track":0.48,"acq_date":"2022-08-23","acq_time":1758,"satellite":"N","instrument":"VIIRS","confidence":"n","version":2,"bright_ti5":285.48,"frp":0.48,"daynight":"N","type":2},"geometry":{"type":"Point","coordinates":[104.54417,-4.60515]}},
{"type":"Feature","properties":{"latitude":-4.6032,"longitude":104.69531,"bright_ti4":340.1,"scan":0.41,"track":0.37,"acq_date":"2022-08-24","acq_time":636,"satellite":"N","instrument":"VIIRS","confidence":"n","version":2,"bright_ti5":298.76,"frp":3.85,"daynight":"D","type":0},"geometry":{"type":"Point","coordinates":[104.69531,-4.6032]}},
{"type":"Feature","properties":{"latitude":-4.93751,"longitude":104.8577,"bright_ti4":333.65,"scan":0.41,"track":0.37,"acq_date":"2022-08-24","acq_time":636,"satellite":"N","instrument":"VIIRS","confidence":"n","version":2,"bright_ti5":298.94,"frp":2.11,"daynight":"D","type":0},"geometry":{"type":"Point","coordinates":[104.8577,-4.93751]}},
{"type":"Feature","properties":{"latitude":-4.75096,"longitude":104.61923,"bright_ti4":330.24,"scan":0.41,"track":0.37,"acq_date":"2022-08-24","acq_time":636,"satellite":"N","instrument":"VIIRS","confidence":"n","version":2,"bright_ti5":298.5,"frp":1.2,"daynight":"D","type":0},"geometry":{"type":"Point","coordinates":[104.61923,-4.75096]}},
{"type":"Feature","properties":{"latitude":-4.71616,"longitude":104.61769,"bright_ti4":337.28,"scan":0.41,"track":0.37,"acq_date":"2022-08-24","acq_time":636,"satellite":"N","instrument":"VIIRS","confidence":"n","version":2,"bright_ti5":299.49,"frp":3.68,"daynight":"D","type":0},"geometry":{"type":"Point","coordinates":[104.61769,-4.71616]}},
{"type":"Feature","properties":{"latitude":-4.66997,"longitude":104.53529,"bright_ti4":334.55,"scan":0.41,"track":0.37,"acq_date":"2022-08-24","acq_time":636,"satellite":"N","instrument":"VIIRS","confidence":"n","version":2,"bright_ti5":299.47,"frp":1.53,"daynight":"D","type":0},"geometry":{"type":"Point","coordinates":[104.53529,-4.66997]}},
{"type":"Feature","properties":{"latitude":-4.69933,"longitude":104.60077,"bright_ti4":350.3,"scan":0.46,"track":0.47,"acq_date":"2022-08-31","acq_time":605,"satellite":"N","instrument":"VIIRS","confidence":"n","version":2,"bright_ti5":290.75,"frp":9.24,"daynight":"D","type":0},"geometry":{"type":"Point","coordinates":[104.60077,-4.69933]}},
{"type":"Feature","properties":{"latitude":-4.65986,"longitude":104.56483,"bright_ti4":343.07,"scan":0.46,"track":0.47,"acq_date":"2022-08-31","acq_time":605,"satellite":"N","instrument":"VIIRS","confidence":"n","version":2,"bright_ti5":289.94,"frp":5.49,"daynight":"D","type":0},"geometry":{"type":"Point","coordinates":[104.56483,-4.65986]}},
{"type":"Feature","properties":{"latitude":-4.60707,"longitude":104.54333,"bright_ti4":306.31,"scan":0.4,"track":0.37,"acq_date":"2022-09-01","acq_time":1830,"satellite":"N","instrument":"VIIRS","confidence":"n","version":2,"bright_ti5":287.19,"frp":0.38,"daynight":"N","type":2},"geometry":{"type":"Point","coordinates":[104.54333,-4.60707]}},
{"type":"Feature","properties":{"latitude":-4.70799,"longitude":104.62581,"bright_ti4":330.5,"scan":0.38,"track":0.36,"acq_date":"2022-09-04","acq_time":630,"satellite":"N","instrument":"VIIRS","confidence":"n","version":2,"bright_ti5":284.69,"frp":2.0,"daynight":"D","type":0},"geometry":{"type":"Point","coordinates":[104.62581,-4.70799]}},
{"type":"Feature","properties":{"latitude":-4.78826,"longitude":105.04834,"bright_ti4":367.0,"scan":0.34,"track":0.56,"acq_date":"2022-09-13","acq_time":702,"satellite":"N","instrument":"VIIRS","confidence":"h","version":2,"bright_ti5":291.03,"frp":13.28,"daynight":"D","type":0},"geometry":{"type":"Point","coordinates":[105.04834,-4.78826]}},
{"type":"Feature","properties":{"latitude":-4.82838,"longitude":104.9444,"bright_ti4":299.03,"scan":0.54,"track":0.42,"acq_date":"2022-09-13","acq_time":1805,"satellite":"N","instrument":"VIIRS","confidence":"n","version":2,"bright_ti5":275.25,"frp":0.57,"daynight":"N","type":0},"geometry":{"type":"Point","coordinates":[104.9444,-4.82838]}},
{"type":"Feature","properties":{"latitude":-4.71967,"longitude":104.63681,"bright_ti4":347.3,"scan":0.4,"track":0.37,"acq_date":"2022-09-15","acq_time":624,"satellite":"N","instrument":"VIIRS","confidence":"l","version":2,"bright_ti5":295.72,"frp":8.23,"daynight":"D","type":0},"geometry":{"type":"Point","coordinates":[104.63681,-4.71967]}},
{"type":"Feature","properties":{"latitude":-4.66139,"longitude":104.62736,"bright_ti4":340.59,"scan":0.46,"track":0.47,"acq_date":"2022-09-16","acq_time":605,"satellite":"N","instrument":"VIIRS","confidence":"n","version":2,"bright_ti5":293.54,"frp":63.96,"daynight":"D","type":0},"geometry":{"type":"Point","coordinates":[104.62736,-4.66139]}},
{"type":"Feature","properties":{"latitude":-4.67519,"longitude":104.65473,"bright_ti4":339.99,"scan":0.46,"track":0.47,"acq_date":"2022-09-16","acq_time":605,"satellite":"N","instrument":"VIIRS","confidence":"n","version":2,"bright_ti5":291.86,"frp":4.56,"daynight":"D","type":0},"geometry":{"type":"Point","coordinates":[104.65473,-4.67519]}},
{"type":"Feature","properties":{"latitude":-4.96102,"longitude":104.89624,"bright_ti4":330.52,"scan":0.39,"track":0.36,"acq_date":"2022-09-20","acq_time":630,"satellite":"N","instrument":"VIIRS","confidence":"n","version":2,"bright_ti5":299.96,"frp":2.72,"daynight":"D","type":0},"geometry":{"type":"Point","coordinates":[104.89624,-4.96102]}},
{"type":"Feature","properties":{"latitude":-4.80521,"longitude":104.58488,"bright_ti4":333.52,"scan":0.38,"track":0.36,"acq_date":"2022-09-20","acq_time":630,"satellite":"N","instrument":"VIIRS","confidence":"n","version":2,"bright_ti5":290.23,"frp":2.42,"daynight":"D","type":0},"geometry":{"type":"Point","coordinates":[104.58488,-4.80521]}},
{"type":"Feature","properties":{"latitude":-4.75884,"longitude":104.66931,"bright_ti4":344.01,"scan":0.38,"track":0.36,"acq_date":"2022-09-20","acq_time":630,"satellite":"N","instrument":"VIIRS","confidence":"n","version":2,"bright_ti5":293.3,"frp":9.07,"daynight":"D","type":0},"geometry":{"type":"Point","coordinates":[104.66931,-4.75884]}},
{"type":"Feature","properties":{"latitude":-4.74452,"longitude":104.60689,"bright_ti4":332.97,"scan":0.38,"track":0.36,"acq_date":"2022-09-20","acq_time":630,"satellite":"N","instrument":"VIIRS","confidence":"n","version":2,"bright_ti5":288.32,"frp":3.83,"daynight":"D","type":0},"geometry":{"type":"Point","coordinates":[104.60689,-4.74452]}},
{"type":"Feature","properties":{"latitude":-4.74505,"longitude":104.60342,"bright_ti4":332.9,"scan":0.38,"track":0.36,"acq_date":"2022-09-20","acq_time":630,"satellite":"N","instrument":"VIIRS","confidence":"n","version":2,"bright_ti5":287.42,"frp":3.14,"daynight":"D","type":0},"geometry":{"type":"Point","coordinates":[104.60342,-4.74505]}},
{"type":"Feature","properties":{"latitude":-4.70674,"longitude":104.58702,"bright_ti4":340.91,"scan":0.38,"track":0.36,"acq_date":"2022-09-20","acq_time":630,"satellite":"N","instrument":"VIIRS","confidence":"n","version":2,"bright_ti5":292.16,"frp":20.86,"daynight":"D","type":0},"geometry":{"type":"Point","coordinates":[104.58702,-4.70674]}},
{"type":"Feature","properties":{"latitude":-4.67921,"longitude":104.61743,"bright_ti4":342.47,"scan":0.38,"track":0.36,"acq_date":"2022-09-20","acq_time":630,"satellite":"N","instrument":"VIIRS","confidence":"n","version":2,"bright_ti5":288.04,"frp":16.44,"daynight":"D","type":0},"geometry":{"type":"Point","coordinates":[104.61743,-4.67921]}},
{"type":"Feature","properties":{"latitude":-4.59957,"longitude":104.62668,"bright_ti4":333.12,"scan":0.38,"track":0.36,"acq_date":"2022-09-20","acq_time":630,"satellite":"N","instrument":"VIIRS","confidence":"n","version":2,"bright_ti5":288.6,"frp":1.82,"daynight":"D","type":0},"geometry":{"type":"Point","coordinates":[104.62668,-4.59957]}},
{"type":"Feature","properties":{"latitude":-4.51722,"longitude":104.5675,"bright_ti4":331.8,"scan":0.38,"track":0.36,"acq_date":"2022-09-20","acq_time":630,"satellite":"N","instrument":"VIIRS","confidence":"n","version":2,"bright_ti5":293.78,"frp":1.43,"daynight":"D","type":0},"geometry":{"type":"Point","coordinates":[104.5675,-4.51722]}},
{"type":"Feature","properties":{"latitude":-5.01927,"longitude":104.81233,"bright_ti4":335.89,"scan":0.54,"track":0.42,"acq_date":"2022-09-21","acq_time":611,"satellite":"N","instrument":"VIIRS","confidence":"n","version":2,"bright_ti5":288.39,"frp":9.31,"daynight":"D","type":0},"geometry":{"type":"Point","coordinates":[104.81233,-5.01927]}},
{"type":"Feature","properties":{"latitude":-4.60515,"longitude":104.54267,"bright_ti4":300.8,"scan":0.49,"track":0.48,"acq_date":"2022-09-24","acq_time":1758,"satellite":"N","instrument":"VIIRS","confidence":"n","version":2,"bright_ti5":284.17,"frp":0.8,"daynight":"N","type":2},"geometry":{"type":"Point","coordinates":[104.54267,-4.60515]}},
{"type":"Feature","properties":{"latitude":-4.60777,"longitude":104.54307,"bright_ti4":302.46,"scan":0.49,"track":0.48,"acq_date":"2022-09-24","acq_time":1758,"satellite":"N","instrument":"VIIRS","confidence":"n","version":2,"bright_ti5":284.74,"frp":0.87,"daynight":"N","type":2},"geometry":{"type":"Point","coordinates":[104.54307,-4.60777]}},
{"type":"Feature","properties":{"latitude":-4.76637,"longitude":104.5701,"bright_ti4":330.23,"scan":0.46,"track":0.39,"acq_date":"2022-09-26","acq_time":618,"satellite":"N","instrument":"VIIRS","confidence":"l","version":2,"bright_ti5":304.13,"frp":3.3,"daynight":"D","type":0},"geometry":{"type":"Point","coordinates":[104.5701,-4.76637]}},
{"type":"Feature","properties":{"latitude":-4.73751,"longitude":104.59102,"bright_ti4":345.74,"scan":0.45,"track":0.39,"acq_date":"2022-09-26","acq_time":618,"satellite":"N","instrument":"VIIRS","confidence":"n","version":2,"bright_ti5":305.08,"frp":13.07,"daynight":"D","type":0},"geometry":{"type":"Point","coordinates":[104.59102,-4.73751]}},
{"type":"Feature","properties":{"latitude":-4.70335,"longitude":104.64832,"bright_ti4":332.17,"scan":0.45,"track":0.39,"acq_date":"2022-09-26","acq_time":618,"satellite":"N","instrument":"VIIRS","confidence":"l","version":2,"bright_ti5":305.91,"frp":4.23,"daynight":"D","type":0},"geometry":{"type":"Point","coordinates":[104.64832,-4.70335]}},
{"type":"Feature","properties":{"latitude":-4.70095,"longitude":104.63972,"bright_ti4":341.9,"scan":0.45,"track":0.39,"acq_date":"2022-09-26","acq_time":618,"satellite":"N","instrument":"VIIRS","confidence":"n","version":2,"bright_ti5":307.98,"frp":33.2,"daynight":"D","type":0},"geometry":{"type":"Point","coordinates":[104.63972,-4.70095]}},
{"type":"Feature","properties":{"latitude":-4.69736,"longitude":104.564,"bright_ti4":334.24,"scan":0.46,"track":0.39,"acq_date":"2022-09-26","acq_time":618,"satellite":"N","instrument":"VIIRS","confidence":"n","version":2,"bright_ti5":304.04,"frp":4.95,"daynight":"D","type":0},"geometry":{"type":"Point","coordinates":[104.564,-4.69736]}},
{"type":"Feature","properties":{"latitude":-4.67158,"longitude":104.58962,"bright_ti4":336.04,"scan":0.45,"track":0.39,"acq_date":"2022-09-26","acq_time":618,"satellite":"N","instrument":"VIIRS","confidence":"n","version":2,"bright_ti5":308.48,"frp":33.26,"daynight":"D","type":0},"geometry":{"type":"Point","coordinates":[104.58962,-4.67158]}},
{"type":"Feature","properties":{"latitude":-4.67218,"longitude":104.58548,"bright_ti4":299.88,"scan":0.45,"track":0.39,"acq_date":"2022-09-26","acq_time":618,"satellite":"N","instrument":"VIIRS","confidence":"l","version":2,"bright_ti5":302.47,"frp":33.26,"daynight":"D","type":0},"geometry":{"type":"Point","coordinates":[104.58548,-4.67218]}},
{"type":"Feature","properties":{"latitude":-4.6699,"longitude":104.59005,"bright_ti4":332.96,"scan":0.45,"track":0.39,"acq_date":"2022-09-26","acq_time":618,"satellite":"N","instrument":"VIIRS","confidence":"l","version":2,"bright_ti5":300.6,"frp":50.23,"daynight":"D","type":0},"geometry":{"type":"Point","coordinates":[104.59005,-4.6699]}},
{"type":"Feature","properties":{"latitude":-4.51197,"longitude":104.924,"bright_ti4":297.25,"scan":0.39,"track":0.44,"acq_date":"2022-09-27","acq_time":1842,"satellite":"N","instrument":"VIIRS","confidence":"n","version":2,"bright_ti5":271.68,"frp":0.59,"daynight":"N","type":0},"geometry":{"type":"Point","coordinates":[104.924,-4.51197]}},
{"type":"Feature","properties":{"latitude":-4.79036,"longitude":104.8365,"bright_ti4":335.14,"scan":0.67,"track":0.74,"acq_date":"2022-09-28","acq_time":721,"satellite":"N","instrument":"VIIRS","confidence":"n","version":2,"bright_ti5":292.14,"frp":9.33,"daynight":"D","type":0},"geometry":{"type":"Point","coordinates":[104.8365,-4.79036]}},
{"type":"Feature","properties":{"latitude":-4.606,"longitude":104.54353,"bright_ti4":307.28,"scan":0.38,"track":0.36,"acq_date":"2022-09-28","acq_time":1823,"satellite":"N","instrument":"VIIRS","confidence":"n","version":2,"bright_ti5":275.01,"frp":1.22,"daynight":"N","type":2},"geometry":{"type":"Point","coordinates":[104.54353,-4.606]}},
{"type":"Feature","properties":{"latitude":-4.8271,"longitude":104.64796,"bright_ti4":330.21,"scan":0.38,"track":0.36,"acq_date":"2022-10-06","acq_time":630,"satellite":"N","instrument":"VIIRS","confidence":"n","version":2,"bright_ti5":294.17,"frp":1.23,"daynight":"D","type":0},"geometry":{"type":"Point","coordinates":[104.64796,-4.8271]}},
{"type":"Feature","properties":{"latitude":-4.77608,"longitude":104.78213,"bright_ti4":330.64,"scan":0.39,"track":0.36,"acq_date":"2022-10-06","acq_time":630,"satellite":"N","instrument":"VIIRS","confidence":"n","version":2,"bright_ti5":291.79,"frp":2.89,"daynight":"D","type":0},"geometry":{"type":"Point","coordinates":[104.78213,-4.77608]}},
{"type":"Feature","properties":{"latitude":-4.67817,"longitude":104.535,"bright_ti4":322.34,"scan":0.41,"track":0.37,"acq_date":"2022-10-09","acq_time":1817,"satellite":"N","instrument":"VIIRS","confidence":"n","version":2,"bright_ti5":266.85,"frp":1.72,"daynight":"N","type":0},"geometry":{"type":"Point","coordinates":[104.535,-4.67817]}},
{"type":"Feature","properties":{"latitude":-4.67884,"longitude":104.53461,"bright_ti4":321.17,"scan":0.38,"track":0.59,"acq_date":"2022-10-12","acq_time":1901,"satellite":"N","instrument":"VIIRS","confidence":"n","version":2,"bright_ti5":269.61,"frp":2.33,"daynight":"N","type":0},"geometry":{"type":"Point","coordinates":[104.53461,-4.67884]}},
{"type":"Feature","properties":{"latitude":-4.60453,"longitude":104.54386,"bright_ti4":296.92,"scan":0.39,"track":0.44,"acq_date":"2022-10-15","acq_time":1805,"satellite":"N","instrument":"VIIRS","confidence":"n","version":2,"bright_ti5":277.65,"frp":0.84,"daynight":"N","type":2},"geometry":{"type":"Point","coordinates":[104.54386,-4.60453]}},
{"type":"Feature","properties":{"latitude":-4.67744,"longitude":104.53557,"bright_ti4":319.32,"scan":0.39,"track":0.44,"acq_date":"2022-10-15","acq_time":1805,"satellite":"N","instrument":"VIIRS","confidence":"n","version":2,"bright_ti5":276.71,"frp":2.08,"daynight":"N","type":0},"geometry":{"type":"Point","coordinates":[104.53557,-4.67744]}},
{"type":"Feature","properties":{"latitude":-4.67776,"longitude":104.53733,"bright_ti4":336.36,"scan":0.47,"track":0.4,"acq_date":"2022-10-16","acq_time":643,"satellite":"N","instrument":"VIIRS","confidence":"n","version":2,"bright_ti5":284.78,"frp":3.25,"daynight":"D","type":0},"geometry":{"type":"Point","coordinates":[104.53733,-4.67776]}},
{"type":"Feature","properties":{"latitude":-4.678,"longitude":104.535,"bright_ti4":312.9,"scan":0.49,"track":0.65,"acq_date":"2022-10-17","acq_time":1907,"satellite":"N","instrument":"VIIRS","confidence":"n","version":2,"bright_ti5":276.69,"frp":2.04,"daynight":"N","type":0},"geometry":{"type":"Point","coordinates":[104.535,-4.678]}},
{"type":"Feature","properties":{"latitude":-4.67946,"longitude":104.53333,"bright_ti4":298.32,"scan":0.49,"track":0.65,"acq_date":"2022-10-17","acq_time":1907,"satellite":"N","instrument":"VIIRS","confidence":"n","version":2,"bright_ti5":276.22,"frp":1.55,"daynight":"N","type":0},"geometry":{"type":"Point","coordinates":[104.53333,-4.67946]}},
{"type":"Feature","properties":{"latitude":-4.68006,"longitude":104.5377,"bright_ti4":297.83,"scan":0.49,"track":0.65,"acq_date":"2022-10-17","acq_time":1907,"satellite":"N","instrument":"VIIRS","confidence":"n","version":2,"bright_ti5":276.71,"frp":2.53,"daynight":"N","type":0},"geometry":{"type":"Point","coordinates":[104.5377,-4.68006]}},
{"type":"Feature","properties":{"latitude":-4.78116,"longitude":104.75576,"bright_ti4":350.12,"scan":0.45,"track":0.47,"acq_date":"2022-10-18","acq_time":605,"satellite":"N","instrument":"VIIRS","confidence":"n","version":2,"bright_ti5":289.87,"frp":42.04,"daynight":"D","type":0},"geometry":{"type":"Point","coordinates":[104.75576,-4.78116]}},
{"type":"Feature","properties":{"latitude":-4.67815,"longitude":104.53539,"bright_ti4":315.23,"scan":0.4,"track":0.37,"acq_date":"2022-10-19","acq_time":1830,"satellite":"N","instrument":"VIIRS","confidence":"n","version":2,"bright_ti5":271.84,"frp":1.83,"daynight":"N","type":0},"geometry":{"type":"Point","coordinates":[104.53539,-4.67815]}},
{"type":"Feature","properties":{"latitude":-4.60557,"longitude":104.54102,"bright_ti4":300.25,"scan":0.38,"track":0.59,"acq_date":"2022-10-28","acq_time":1901,"satellite":"N","instrument":"VIIRS","confidence":"n","version":2,"bright_ti5":277.97,"frp":0.67,"daynight":"N","type":2},"geometry":{"type":"Point","coordinates":[104.54102,-4.60557]}},
{"type":"Feature","properties":{"latitude":-4.60497,"longitude":104.54224,"bright_ti4":304.87,"scan":0.38,"track":0.59,"acq_date":"2022-10-28","acq_time":1901,"satellite":"N","instrument":"VIIRS","confidence":"n","version":2,"bright_ti5":277.92,"frp":0.46,"daynight":"N","type":2},"geometry":{"type":"Point","coordinates":[104.54224,-4.60497]}},
{"type":"Feature","properties":{"latitude":-4.67667,"longitude":104.53382,"bright_ti4":302.49,"scan":0.38,"track":0.59,"acq_date":"2022-10-28","acq_time":1901,"satellite":"N","instrument":"VIIRS","confidence":"n","version":2,"bright_ti5":277.75,"frp":0.87,"daynight":"N","type":0},"geometry":{"type":"Point","coordinates":[104.53382,-4.67667]}},
{"type":"Feature","properties":{"latitude":-4.67726,"longitude":104.53551,"bright_ti4":317.27,"scan":0.38,"track":0.36,"acq_date":"2022-10-30","acq_time":1823,"satellite":"N","instrument":"VIIRS","confidence":"n","version":2,"bright_ti5":286.57,"frp":1.34,"daynight":"N","type":0},"geometry":{"type":"Point","coordinates":[104.53551,-4.67726]}},
{"type":"Feature","properties":{"latitude":-4.63621,"longitude":104.93904,"bright_ti4":336.83,"scan":0.38,"track":0.36,"acq_date":"2022-10-30","acq_time":1823,"satellite":"N","instrument":"VIIRS","confidence":"n","version":2,"bright_ti5":278.62,"frp":5.49,"daynight":"N","type":0},"geometry":{"type":"Point","coordinates":[104.93904,-4.63621]}},
{"type":"Feature","properties":{"latitude":-4.60785,"longitude":104.54327,"bright_ti4":306.73,"scan":0.38,"track":0.36,"acq_date":"2022-10-30","acq_time":1823,"satellite":"N","instrument":"VIIRS","confidence":"n","version":2,"bright_ti5":284.88,"frp":0.85,"daynight":"N","type":2},"geometry":{"type":"Point","coordinates":[104.54327,-4.60785]}},
{"type":"Feature","properties":{"latitude":-4.66091,"longitude":104.64677,"bright_ti4":339.12,"scan":0.47,"track":0.4,"acq_date":"2022-11-01","acq_time":643,"satellite":"N","instrument":"VIIRS","confidence":"n","version":2,"bright_ti5":286.5,"frp":4.05,"daynight":"D","type":0},"geometry":{"type":"Point","coordinates":[104.64677,-4.66091]}},
{"type":"Feature","properties":{"latitude":-4.65789,"longitude":104.67334,"bright_ti4":334.71,"scan":0.4,"track":0.37,"acq_date":"2022-11-02","acq_time":624,"satellite":"N","instrument":"VIIRS","confidence":"n","version":2,"bright_ti5":291.75,"frp":4.88,"daynight":"D","type":0},"geometry":{"type":"Point","coordinates":[104.67334,-4.65789]}},
{"type":"Feature","properties":{"latitude":-4.67791,"longitude":104.53499,"bright_ti4":298.24,"scan":0.46,"track":0.47,"acq_date":"2022-11-03","acq_time":1848,"satellite":"N","instrument":"VIIRS","confidence":"n","version":2,"bright_ti5":268.4,"frp":0.84,"daynight":"N","type":0},"geometry":{"type":"Point","coordinates":[104.53499,-4.67791]}},
{"type":"Feature","properties":{"latitude":-4.67576,"longitude":104.53513,"bright_ti4":299.83,"scan":0.41,"track":0.37,"acq_date":"2022-11-10","acq_time":1817,"satellite":"N","instrument":"VIIRS","confidence":"n","version":2,"bright_ti5":277.29,"frp":0.9,"daynight":"N","type":0},"geometry":{"type":"Point","coordinates":[104.53513,-4.67576]}},
{"type":"Feature","properties":{"latitude":-4.57456,"longitude":104.53048,"bright_ti4":338.45,"scan":0.57,"track":0.43,"acq_date":"2022-11-22","acq_time":649,"satellite":"N","instrument":"VIIRS","confidence":"n","version":2,"bright_ti5":300.33,"frp":9.22,"daynight":"D","type":0},"geometry":{"type":"Point","coordinates":[104.53048,-4.57456]}},
{"type":"Feature","properties":{"latitude":-4.9975,"longitude":104.97133,"bright_ti4":344.45,"scan":0.39,"track":0.44,"acq_date":"2022-11-22","acq_time":649,"satellite":"N","instrument":"VIIRS","confidence":"n","version":2,"bright_ti5":297.14,"frp":4.45,"daynight":"D","type":0},"geometry":{"type":"Point","coordinates":[104.97133,-4.9975]}},
{"type":"Feature","properties":{"latitude":-4.82525,"longitude":104.8041,"bright_ti4":343.1,"scan":0.39,"track":0.44,"acq_date":"2022-11-22","acq_time":649,"satellite":"N","instrument":"VIIRS","confidence":"n","version":2,"bright_ti5":297.12,"frp":3.61,"daynight":"D","type":0},"geometry":{"type":"Point","coordinates":[104.8041,-4.82525]}},
{"type":"Feature","properties":{"latitude":-4.77153,"longitude":104.75121,"bright_ti4":333.96,"scan":0.39,"track":0.44,"acq_date":"2022-11-22","acq_time":649,"satellite":"N","instrument":"VIIRS","confidence":"n","version":2,"bright_ti5":298.1,"frp":3.78,"daynight":"D","type":0},"geometry":{"type":"Point","coordinates":[104.75121,-4.77153]}},
{"type":"Feature","properties":{"latitude":-4.54155,"longitude":104.8832,"bright_ti4":342.75,"scan":0.41,"track":0.37,"acq_date":"2022-11-28","acq_time":636,"satellite":"N","instrument":"VIIRS","confidence":"n","version":2,"bright_ti5":292.78,"frp":5.53,"daynight":"D","type":0},"geometry":{"type":"Point","coordinates":[104.8832,-4.54155]}},
{"type":"Feature","properties":{"latitude":-4.51622,"longitude":104.95572,"bright_ti4":337.22,"scan":0.42,"track":0.37,"acq_date":"2022-11-28","acq_time":636,"satellite":"N","instrument":"VIIRS","confidence":"n","version":2,"bright_ti5":295.05,"frp":11.52,"daynight":"D","type":0},"geometry":{"type":"Point","coordinates":[104.95572,-4.51622]}},
{"type":"Feature","properties":{"latitude":-4.67783,"longitude":104.53404,"bright_ti4":301.67,"scan":0.37,"track":0.58,"acq_date":"2022-11-29","acq_time":1901,"satellite":"N","instrument":"VIIRS","confidence":"n","version":2,"bright_ti5":278.74,"frp":0.57,"daynight":"N","type":0},"geometry":{"type":"Point","coordinates":[104.53404,-4.67783]}},
{"type":"Feature","properties":{"latitude":-4.89648,"longitude":105.64505,"bright_ti4":331.09,"scan":0.69,"track":0.74,"acq_date":"2022-01-02","acq_time":1727,"satellite":"N","instrument":"VIIRS","confidence":"n","version":2,"bright_ti5":266.65,"frp":6.02,"daynight":"N","type":0},"geometry":{"type":"Point","coordinates":[105.64505,-4.89648]}},
{"type":"Feature","properties":{"latitude":-5.23281,"longitude":105.16649,"bright_ti4":306.1,"scan":0.42,"track":0.38,"acq_date":"2022-01-04","acq_time":1830,"satellite":"N","instrument":"VIIRS","confidence":"n","version":2,"bright_ti5":285.8,"frp":0.74,"daynight":"N","type":0},"geometry":{"type":"Point","coordinates":[105.16649,-5.23281]}},
{"type":"Feature","properties":{"latitude":-4.9988,"longitude":105.60146,"bright_ti4":367.0,"scan":0.52,"track":0.5,"acq_date":"2022-01-30","acq_time":558,"satellite":"N","instrument":"VIIRS","confidence":"h","version":2,"bright_ti5":291.45,"frp":20.72,"daynight":"D","type":0},"geometry":{"type":"Point","coordinates":[105.60146,-4.9988]}},
{"type":"Feature","properties":{"latitude":-4.99945,"longitude":105.5967,"bright_ti4":332.83,"scan":0.52,"track":0.5,"acq_date":"2022-01-30","acq_time":558,"satellite":"N","instrument":"VIIRS","confidence":"n","version":2,"bright_ti5":290.03,"frp":3.6,"daynight":"D","type":0},"geometry":{"type":"Point","coordinates":[105.5967,-4.99945]}},
{"type":"Feature","properties":{"latitude":-5.00047,"longitude":105.6035,"bright_ti4":355.7,"scan":0.52,"track":0.5,"acq_date":"2022-01-30","acq_time":558,"satellite":"N","instrument":"VIIRS","confidence":"n","version":2,"bright_ti5":291.39,"frp":15.09,"daynight":"D","type":0},"geometry":{"type":"Point","coordinates":[105.6035,-5.00047]}},
{"type":"Feature","properties":{"latitude":-5.00116,"longitude":105.59875,"bright_ti4":336.07,"scan":0.52,"track":0.5,"acq_date":"2022-01-30","acq_time":558,"satellite":"N","instrument":"VIIRS","confidence":"n","version":2,"bright_ti5":290.92,"frp":4.73,"daynight":"D","type":0},"geometry":{"type":"Point","coordinates":[105.59875,-5.00116]}},
{"type":"Feature","properties":{"latitude":-4.99654,"longitude":105.59811,"bright_ti4":336.96,"scan":0.52,"track":0.5,"acq_date":"2022-01-30","acq_time":558,"satellite":"N","instrument":"VIIRS","confidence":"n","version":2,"bright_ti5":290.56,"frp":4.73,"daynight":"D","type":0},"geometry":{"type":"Point","coordinates":[105.59811,-4.99654]}},
{"type":"Feature","properties":{"latitude":-4.80627,"longitude":105.70473,"bright_ti4":323.68,"scan":0.45,"track":0.63,"acq_date":"2022-02-14","acq_time":1900,"satellite":"N","instrument":"VIIRS","confidence":"n","version":2,"bright_ti5":268.37,"frp":6.74,"daynight":"N","type":0},"geometry":{"type":"Point","coordinates":[105.70473,-4.80627]}},
{"type":"Feature","properties":{"latitude":-4.80685,"longitude":105.70885,"bright_ti4":352.69,"scan":0.45,"track":0.63,"acq_date":"2022-02-14","acq_time":1900,"satellite":"N","instrument":"VIIRS","confidence":"n","version":2,"bright_ti5":272.41,"frp":9.56,"daynight":"N","type":0},"geometry":{"type":"Point","coordinates":[105.70885,-4.80685]}},
{"type":"Feature","properties":{"latitude":-4.80043,"longitude":105.7056,"bright_ti4":304.15,"scan":0.45,"track":0.63,"acq_date":"2022-02-14","acq_time":1900,"satellite":"N","instrument":"VIIRS","confidence":"n","version":2,"bright_ti5":279.93,"frp":2.61,"daynight":"N","type":0},"geometry":{"type":"Point","coordinates":[105.7056,-4.80043]}},
{"type":"Feature","properties":{"latitude":-4.80101,"longitude":105.70972,"bright_ti4":305.74,"scan":0.45,"track":0.63,"acq_date":"2022-02-14","acq_time":1900,"satellite":"N","instrument":"VIIRS","confidence":"n","version":2,"bright_ti5":281.58,"frp":2.31,"daynight":"N","type":0},"geometry":{"type":"Point","coordinates":[105.70972,-4.80101]}},
{"type":"Feature","properties":{"latitude":-4.81328,"longitude":105.7121,"bright_ti4":298.05,"scan":0.45,"track":0.63,"acq_date":"2022-02-14","acq_time":1900,"satellite":"N","instrument":"VIIRS","confidence":"n","version":2,"bright_ti5":257.72,"frp":9.56,"daynight":"N","type":0},"geometry":{"type":"Point","coordinates":[105.7121,-4.81328]}},
{"type":"Feature","properties":{"latitude":-4.80802,"longitude":105.7171,"bright_ti4":304.98,"scan":0.45,"track":0.63,"acq_date":"2022-02-14","acq_time":1900,"satellite":"N","instrument":"VIIRS","confidence":"n","version":2,"bright_ti5":280.29,"frp":6.87,"daynight":"N","type":0},"geometry":{"type":"Point","coordinates":[105.7171,-4.80802]}},
{"type":"Feature","properties":{"latitude":-4.80743,"longitude":105.71297,"bright_ti4":367.0,"scan":0.45,"track":0.63,"acq_date":"2022-02-14","acq_time":1900,"satellite":"N","instrument":"VIIRS","confidence":"h","version":2,"bright_ti5":280.17,"frp":9.56,"daynight":"N","type":0},"geometry":{"type":"Point","coordinates":[105.71297,-4.80743]}},
{"type":"Feature","properties":{"latitude":-4.91957,"longitude":105.62782,"bright_ti4":301.35,"scan":0.43,"track":0.46,"acq_date":"2022-02-15","acq_time":1841,"satellite":"N","instrument":"VIIRS","confidence":"n","version":2,"bright_ti5":281.87,"frp":0.45,"daynight":"N","type":0},"geometry":{"type":"Point","coordinates":[105.62782,-4.91957]}},
{"type":"Feature","properties":{"latitude":-4.95046,"longitude":105.63523,"bright_ti4":303.18,"scan":0.43,"track":0.46,"acq_date":"2022-02-15","acq_time":1841,"satellite":"N","instrument":"VIIRS","confidence":"n","version":2,"bright_ti5":278.08,"frp":0.93,"daynight":"N","type":0},"geometry":{"type":"Point","coordinates":[105.63523,-4.95046]}},
{"type":"Feature","properties":{"latitude":-4.92378,"longitude":105.62718,"bright_ti4":301.74,"scan":0.43,"track":0.46,"acq_date":"2022-02-15","acq_time":1841,"satellite":"N","instrument":"VIIRS","confidence":"n","version":2,"bright_ti5":279.91,"frp":0.45,"daynight":"N","type":0},"geometry":{"type":"Point","coordinates":[105.62718,-4.92378]}},
{"type":"Feature","properties":{"latitude":-5.22297,"longitude":105.1715,"bright_ti4":302.77,"scan":0.4,"track":0.44,"acq_date":"2022-02-15","acq_time":1842,"satellite":"N","instrument":"VIIRS","confidence":"n","version":2,"bright_ti5":287.64,"frp":0.59,"daynight":"N","type":0},"geometry":{"type":"Point","coordinates":[105.1715,-5.22297]}},
{"type":"Feature","properties":{"latitude":-4.80638,"longitude":105.72819,"bright_ti4":327.96,"scan":0.75,"track":0.77,"acq_date":"2022-02-16","acq_time":720,"satellite":"N","instrument":"VIIRS","confidence":"n","version":2,"bright_ti5":284.49,"frp":6.89,"daynight":"D","type":0},"geometry":{"type":"Point","coordinates":[105.72819,-4.80638]}},
{"type":"Feature","properties":{"latitude":-5.22071,"longitude":105.17342,"bright_ti4":329.74,"scan":0.4,"track":0.45,"acq_date":"2022-02-23","acq_time":648,"satellite":"N","instrument":"VIIRS","confidence":"n","version":2,"bright_ti5":295.45,"frp":3.48,"daynight":"D","type":0},"geometry":{"type":"Point","coordinates":[105.17342,-5.22071]}},
{"type":"Feature","properties":{"latitude":-5.21104,"longitude":105.60172,"bright_ti4":299.38,"scan":0.35,"track":0.57,"acq_date":"2022-02-25","acq_time":1854,"satellite":"N","instrument":"VIIRS","confidence":"n","version":2,"bright_ti5":279.87,"frp":0.33,"daynight":"N","type":0},"geometry":{"type":"Point","coordinates":[105.60172,-5.21104]}},
{"type":"Feature","properties":{"latitude":-5.01354,"longitude":105.65336,"bright_ti4":314.14,"scan":0.39,"track":0.36,"acq_date":"2022-02-27","acq_time":1816,"satellite":"N","instrument":"VIIRS","confidence":"n","version":2,"bright_ti5":277.28,"frp":1.03,"daynight":"N","type":0},"geometry":{"type":"Point","coordinates":[105.65336,-5.01354]}},
{"type":"Feature","properties":{"latitude":-5.01298,"longitude":105.64987,"bright_ti4":302.11,"scan":0.39,"track":0.36,"acq_date":"2022-02-27","acq_time":1816,"satellite":"N","instrument":"VIIRS","confidence":"n","version":2,"bright_ti5":278.0,"frp":0.92,"daynight":"N","type":0},"geometry":{"type":"Point","coordinates":[105.64987,-5.01298]}},
{"type":"Feature","properties":{"latitude":-5.22078,"longitude":105.17385,"bright_ti4":303.22,"scan":0.42,"track":0.37,"acq_date":"2022-03-09","acq_time":1829,"satellite":"N","instrument":"VIIRS","confidence":"n","version":2,"bright_ti5":284.35,"frp":0.72,"daynight":"N","type":0},"geometry":{"type":"Point","coordinates":[105.17385,-5.22078]}},
{"type":"Feature","properties":{"latitude":-5.22119,"longitude":105.17439,"bright_ti4":305.12,"scan":0.44,"track":0.38,"acq_date":"2022-03-26","acq_time":1810,"satellite":"N","instrument":"VIIRS","confidence":"n","version":2,"bright_ti5":290.6,"frp":1.35,"daynight":"N","type":0},"geometry":{"type":"Point","coordinates":[105.17439,-5.22119]}},
{"type":"Feature","properties":{"latitude":-5.23117,"longitude":105.16872,"bright_ti4":304.36,"scan":0.44,"track":0.38,"acq_date":"2022-03-26","acq_time":1810,"satellite":"N","instrument":"VIIRS","confidence":"n","version":2,"bright_ti5":290.76,"frp":0.8,"daynight":"N","type":0},"geometry":{"type":"Point","coordinates":[105.16872,-5.23117]}},
{"type":"Feature","properties":{"latitude":-5.22065,"longitude":105.1746,"bright_ti4":336.85,"scan":0.42,"track":0.38,"acq_date":"2022-04-02","acq_time":636,"satellite":"N","instrument":"VIIRS","confidence":"n","version":2,"bright_ti5":295.38,"frp":3.06,"daynight":"D","type":0},"geometry":{"type":"Point","coordinates":[105.1746,-5.22065]}},
{"type":"Feature","properties":{"latitude":-4.93283,"longitude":105.7373,"bright_ti4":303.83,"scan":0.44,"track":0.38,"acq_date":"2022-04-10","acq_time":1829,"satellite":"N","instrument":"VIIRS","confidence":"n","version":2,"bright_ti5":289.62,"frp":0.72,"daynight":"N","type":0},"geometry":{"type":"Point","coordinates":[105.7373,-4.93283]}},
{"type":"Feature","properties":{"latitude":-5.23305,"longitude":105.16651,"bright_ti4":304.07,"scan":0.42,"track":0.37,"acq_date":"2022-04-10","acq_time":1829,"satellite":"N","instrument":"VIIRS","confidence":"n","version":2,"bright_ti5":292.88,"frp":0.55,"daynight":"N","type":0},"geometry":{"type":"Point","coordinates":[105.16651,-5.23305]}},
{"type":"Feature","properties":{"latitude":-4.91916,"longitude":105.74776,"bright_ti4":339.59,"scan":0.47,"track":0.64,"acq_date":"2022-04-11","acq_time":707,"satellite":"N","instrument":"VIIRS","confidence":"n","version":2,"bright_ti5":290.5,"frp":7.89,"daynight":"D","type":0},"geometry":{"type":"Point","coordinates":[105.74776,-4.91916]}},
{"type":"Feature","properties":{"latitude":-4.91989,"longitude":105.74349,"bright_ti4":338.8,"scan":0.47,"track":0.64,"acq_date":"2022-04-11","acq_time":707,"satellite":"N","instrument":"VIIRS","confidence":"n","version":2,"bright_ti5":289.22,"frp":4.62,"daynight":"D","type":0},"geometry":{"type":"Point","coordinates":[105.74349,-4.91989]}},
{"type":"Feature","properties":{"latitude":-4.9067,"longitude":105.74426,"bright_ti4":307.51,"scan":0.42,"track":0.38,"acq_date":"2022-04-11","acq_time":1810,"satellite":"N","instrument":"VIIRS","confidence":"n","version":2,"bright_ti5":290.27,"frp":1.36,"daynight":"N","type":0},"geometry":{"type":"Point","coordinates":[105.74426,-4.9067]}},
{"type":"Feature","properties":{"latitude":-4.90732,"longitude":105.74808,"bright_ti4":319.57,"scan":0.42,"track":0.38,"acq_date":"2022-04-11","acq_time":1810,"satellite":"N","instrument":"VIIRS","confidence":"n","version":2,"bright_ti5":290.17,"frp":1.36,"daynight":"N","type":0},"geometry":{"type":"Point","coordinates":[105.74808,-4.90732]}},
{"type":"Feature","properties":{"latitude":-4.92589,"longitude":105.75289,"bright_ti4":304.98,"scan":0.42,"track":0.38,"acq_date":"2022-04-11","acq_time":1810,"satellite":"N","instrument":"VIIRS","confidence":"n","version":2,"bright_ti5":288.09,"frp":0.67,"daynight":"N","type":0},"geometry":{"type":"Point","coordinates":[105.75289,-4.92589]}},
{"type":"Feature","properties":{"latitude":-4.92935,"longitude":105.75233,"bright_ti4":311.5,"scan":0.42,"track":0.38,"acq_date":"2022-04-11","acq_time":1810,"satellite":"N","instrument":"VIIRS","confidence":"n","version":2,"bright_ti5":287.62,"frp":1.63,"daynight":"N","type":0},"geometry":{"type":"Point","coordinates":[105.75233,-4.92935]}},
{"type":"Feature","properties":{"latitude":-4.88265,"longitude":105.16803,"bright_ti4":323.13,"scan":0.44,"track":0.39,"acq_date":"2022-04-11","acq_time":1810,"satellite":"N","instrument":"VIIRS","confidence":"n","version":2,"bright_ti5":289.78,"frp":2.32,"daynight":"N","type":0},"geometry":{"type":"Point","coordinates":[105.16803,-4.88265]}},
{"type":"Feature","properties":{"latitude":-5.2589,"longitude":105.37515,"bright_ti4":330.34,"scan":0.39,"track":0.36,"acq_date":"2022-04-13","acq_time":629,"satellite":"N","instrument":"VIIRS","confidence":"n","version":2,"bright_ti5":300.17,"frp":1.22,"daynight":"D","type":0},"geometry":{"type":"Point","coordinates":[105.37515,-5.2589]}},
{"type":"Feature","properties":{"latitude":-4.85393,"longitude":105.17201,"bright_ti4":332.8,"scan":0.39,"track":0.36,"acq_date":"2022-04-13","acq_time":629,"satellite":"N","instrument":"VIIRS","confidence":"n","version":2,"bright_ti5":295.64,"frp":3.43,"daynight":"D","type":0},"geometry":{"type":"Point","coordinates":[105.17201,-4.85393]}},
{"type":"Feature","properties":{"latitude":-4.80862,"longitude":105.66268,"bright_ti4":334.24,"scan":0.49,"track":0.4,"acq_date":"2022-04-14","acq_time":611,"satellite":"N","instrument":"VIIRS","confidence":"n","version":2,"bright_ti5":297.15,"frp":5.66,"daynight":"D","type":0},"geometry":{"type":"Point","coordinates":[105.66268,-4.80862]}},
{"type":"Feature","properties":{"latitude":-4.81542,"longitude":105.66818,"bright_ti4":334.14,"scan":0.49,"track":0.4,"acq_date":"2022-04-14","acq_time":611,"satellite":"N","instrument":"VIIRS","confidence":"n","version":2,"bright_ti5":298.0,"frp":13.25,"daynight":"D","type":0},"geometry":{"type":"Point","coordinates":[105.66818,-4.81542]}},
{"type":"Feature","properties":{"latitude":-4.80357,"longitude":105.67154,"bright_ti4":303.07,"scan":0.35,"track":0.57,"acq_date":"2022-04-14","acq_time":1854,"satellite":"N","instrument":"VIIRS","confidence":"n","version":2,"bright_ti5":290.61,"frp":0.25,"daynight":"N","type":0},"geometry":{"type":"Point","coordinates":[105.67154,-4.80357]}},
{"type":"Feature","properties":{"latitude":-4.84802,"longitude":105.27203,"bright_ti4":303.79,"scan":0.44,"track":0.46,"acq_date":"2022-04-17","acq_time":1757,"satellite":"N","instrument":"VIIRS","confidence":"n","version":2,"bright_ti5":289.85,"frp":0.73,"daynight":"N","type":0},"geometry":{"type":"Point","coordinates":[105.27203,-4.84802]}},
{"type":"Feature","properties":{"latitude":-5.207,"longitude":105.11417,"bright_ti4":331.48,"scan":0.42,"track":0.37,"acq_date":"2022-04-18","acq_time":636,"satellite":"N","instrument":"VIIRS","confidence":"n","version":2,"bright_ti5":296.5,"frp":1.54,"daynight":"D","type":0},"geometry":{"type":"Point","coordinates":[105.11417,-5.207]}},
{"type":"Feature","properties":{"latitude":-5.20191,"longitude":105.03272,"bright_ti4":332.17,"scan":0.41,"track":0.37,"acq_date":"2022-04-18","acq_time":636,"satellite":"N","instrument":"VIIRS","confidence":"n","version":2,"bright_ti5":298.7,"frp":2.05,"daynight":"D","type":0},"geometry":{"type":"Point","coordinates":[105.03272,-5.20191]}},
{"type":"Feature","properties":{"latitude":-5.19846,"longitude":105.0322,"bright_ti4":334.14,"scan":0.41,"track":0.37,"acq_date":"2022-04-18","acq_time":636,"satellite":"N","instrument":"VIIRS","confidence":"n","version":2,"bright_ti5":299.4,"frp":6.42,"daynight":"D","type":0},"geometry":{"type":"Point","coordinates":[105.0322,-5.19846]}},
{"type":"Feature","properties":{"latitude":-4.58986,"longitude":105.17563,"bright_ti4":332.94,"scan":0.41,"track":0.45,"acq_date":"2022-04-28","acq_time":648,"satellite":"N","instrument":"VIIRS","confidence":"n","version":2,"bright_ti5":286.3,"frp":3.29,"daynight":"D","type":0},"geometry":{"type":"Point","coordinates":[105.17563,-4.58986]}},
{"type":"Feature","properties":{"latitude":-4.77928,"longitude":105.73932,"bright_ti4":329.1,"scan":0.35,"track":0.57,"acq_date":"2022-04-30","acq_time":1854,"satellite":"N","instrument":"VIIRS","confidence":"n","version":2,"bright_ti5":276.4,"frp":1.6,"daynight":"N","type":0},"geometry":{"type":"Point","coordinates":[105.73932,-4.77928]}},
{"type":"Feature","properties":{"latitude":-4.77882,"longitude":105.73613,"bright_ti4":302.67,"scan":0.35,"track":0.57,"acq_date":"2022-04-30","acq_time":1854,"satellite":"N","instrument":"VIIRS","confidence":"n","version":2,"bright_ti5":277.39,"frp":1.6,"daynight":"N","type":0},"geometry":{"type":"Point","coordinates":[105.73613,-4.77882]}},
{"type":"Feature","properties":{"latitude":-4.77974,"longitude":105.74251,"bright_ti4":297.72,"scan":0.35,"track":0.57,"acq_date":"2022-04-30","acq_time":1854,"satellite":"N","instrument":"VIIRS","confidence":"n","version":2,"bright_ti5":273.77,"frp":1.12,"daynight":"N","type":0},"geometry":{"type":"Point","coordinates":[105.74251,-4.77974]}},
{"type":"Feature","properties":{"latitude":-5.22174,"longitude":105.174,"bright_ti4":321.17,"scan":0.42,"track":0.61,"acq_date":"2022-05-05","acq_time":1900,"satellite":"N","instrument":"VIIRS","confidence":"n","version":2,"bright_ti5":281.45,"frp":1.29,"daynight":"N","type":0},"geometry":{"type":"Point","coordinates":[105.174,-5.22174]}},
{"type":"Feature","properties":{"latitude":-4.7593,"longitude":105.70053,"bright_ti4":330.64,"scan":0.36,"track":0.57,"acq_date":"2022-05-08","acq_time":701,"satellite":"N","instrument":"VIIRS","confidence":"n","version":2,"bright_ti5":288.18,"frp":3.63,"daynight":"D","type":0},"geometry":{"type":"Point","coordinates":[105.70053,-4.7593]}},
{"type":"Feature","properties":{"latitude":-4.87434,"longitude":105.76053,"bright_ti4":303.59,"scan":0.5,"track":0.41,"acq_date":"2022-05-08","acq_time":1803,"satellite":"N","instrument":"VIIRS","confidence":"n","version":2,"bright_ti5":284.42,"frp":0.75,"daynight":"N","type":0},"geometry":{"type":"Point","coordinates":[105.76053,-4.87434]}},
{"type":"Feature","properties":{"latitude":-4.87884,"longitude":105.76443,"bright_ti4":302.92,"scan":0.5,"track":0.41,"acq_date":"2022-05-08","acq_time":1803,"satellite":"N","instrument":"VIIRS","confidence":"n","version":2,"bright_ti5":284.21,"frp":0.75,"daynight":"N","type":0},"geometry":{"type":"Point","coordinates":[105.76443,-4.87884]}},
{"type":"Feature","properties":{"latitude":-5.19916,"longitude":105.06245,"bright_ti4":334.17,"scan":0.48,"track":0.4,"acq_date":"2022-05-09","acq_time":642,"satellite":"N","instrument":"VIIRS","confidence":"n","version":2,"bright_ti5":296.02,"frp":3.15,"daynight":"D","type":0},"geometry":{"type":"Point","coordinates":[105.06245,-5.19916]}},
{"type":"Feature","properties":{"latitude":-4.75295,"longitude":105.71948,"bright_ti4":332.24,"scan":0.39,"track":0.36,"acq_date":"2022-05-10","acq_time":623,"satellite":"N","instrument":"VIIRS","confidence":"n","version":2,"bright_ti5":291.7,"frp":4.61,"daynight":"D","type":0},"geometry":{"type":"Point","coordinates":[105.71948,-4.75295]}},
{"type":"Feature","properties":{"latitude":-5.19731,"longitude":105.37309,"bright_ti4":331.6,"scan":0.39,"track":0.36,"acq_date":"2022-05-10","acq_time":623,"satellite":"N","instrument":"VIIRS","confidence":"n","version":2,"bright_ti5":293.67,"frp":2.59,"daynight":"D","type":0},"geometry":{"type":"Point","coordinates":[105.37309,-5.19731]}},
{"type":"Feature","properties":{"latitude":-5.21935,"longitude":105.17249,"bright_ti4":304.22,"scan":0.51,"track":0.49,"acq_date":"2022-05-11","acq_time":1848,"satellite":"N","instrument":"VIIRS","confidence":"n","version":2,"bright_ti5":278.88,"frp":0.65,"daynight":"N","type":0},"geometry":{"type":"Point","coordinates":[105.17249,-5.21935]}},
{"type":"Feature","properties":{"latitude":-4.69704,"longitude":105.36769,"bright_ti4":304.59,"scan":0.56,"track":0.52,"acq_date":"2022-05-14","acq_time":1751,"satellite":"N","instrument":"VIIRS","confidence":"n","version":2,"bright_ti5":289.7,"frp":1.15,"daynight":"N","type":0},"geometry":{"type":"Point","coordinates":[105.36769,-4.69704]}},
{"type":"Feature","properties":{"latitude":-4.64787,"longitude":105.22155,"bright_ti4":341.82,"scan":0.39,"track":0.36,"acq_date":"2022-05-15","acq_time":629,"satellite":"N","instrument":"VIIRS","confidence":"n","version":2,"bright_ti5":295.83,"frp":4.66,"daynight":"D","type":0},"geometry":{"type":"Point","coordinates":[105.22155,-4.64787]}},
{"type":"Feature","properties":{"latitude":-4.90353,"longitude":105.59673,"bright_ti4":332.34,"scan":0.5,"track":0.41,"acq_date":"2022-05-16","acq_time":610,"satellite":"N","instrument":"VIIRS","confidence":"n","version":2,"bright_ti5":292.55,"frp":25.35,"daynight":"D","type":0},"geometry":{"type":"Point","coordinates":[105.59673,-4.90353]}},
{"type":"Feature","properties":{"latitude":-4.90798,"longitude":105.59273,"bright_ti4":367.0,"scan":0.5,"track":0.41,"acq_date":"2022-05-16","acq_time":610,"satellite":"N","instrument":"VIIRS","confidence":"h","version":2,"bright_ti5":296.01,"frp":25.35,"daynight":"D","type":0},"geometry":{"type":"Point","coordinates":[105.59273,-4.90798]}},
{"type":"Feature","properties":{"latitude":-4.90406,"longitude":105.59529,"bright_ti4":340.68,"scan":0.5,"track":0.41,"acq_date":"2022-05-16","acq_time":610,"satellite":"N","instrument":"VIIRS","confidence":"n","version":2,"bright_ti5":294.5,"frp":17.18,"daynight":"D","type":0},"geometry":{"type":"Point","coordinates":[105.59529,-4.90406]}},
{"type":"Feature","properties":{"latitude":-4.90848,"longitude":105.59129,"bright_ti4":350.98,"scan":0.5,"track":0.41,"acq_date":"2022-05-16","acq_time":610,"satellite":"N","instrument":"VIIRS","confidence":"n","version":2,"bright_ti5":295.46,"frp":17.18,"daynight":"D","type":0},"geometry":{"type":"Point","coordinates":[105.59129,-4.90848]}},
{"type":"Feature","properties":{"latitude":-4.90783,"longitude":105.59584,"bright_ti4":339.65,"scan":0.5,"track":0.41,"acq_date":"2022-05-16","acq_time":610,"satellite":"N","instrument":"VIIRS","confidence":"n","version":2,"bright_ti5":293.34,"frp":17.18,"daynight":"D","type":0},"geometry":{"type":"Point","coordinates":[105.59584,-4.90783]}},
{"type":"Feature","properties":{"latitude":-5.26264,"longitude":105.61544,"bright_ti4":331.33,"scan":0.5,"track":0.41,"acq_date":"2022-05-16","acq_time":610,"satellite":"N","instrument":"VIIRS","confidence":"n","version":2,"bright_ti5":294.97,"frp":3.2,"daynight":"D","type":0},"geometry":{"type":"Point","coordinates":[105.61544,-5.26264]}},
{"type":"Feature","properties":{"latitude":-4.48853,"longitude":105.80713,"bright_ti4":326.56,"scan":0.53,"track":0.67,"acq_date":"2022-05-23","acq_time":539,"satellite":"N","instrument":"VIIRS","confidence":"n","version":2,"bright_ti5":288.11,"frp":2.81,"daynight":"D","type":0},"geometry":{"type":"Point","coordinates":[105.80713,-4.48853]}},
{"type":"Feature","properties":{"latitude":-5.00618,"longitude":105.28129,"bright_ti4":330.35,"scan":0.42,"track":0.61,"acq_date":"2022-05-29","acq_time":706,"satellite":"N","instrument":"VIIRS","confidence":"n","version":2,"bright_ti5":291.21,"frp":4.05,"daynight":"D","type":0},"geometry":{"type":"Point","coordinates":[105.28129,-5.00618]}},
{"type":"Feature","properties":{"latitude":-5.00049,"longitude":105.28037,"bright_ti4":336.4,"scan":0.42,"track":0.61,"acq_date":"2022-05-29","acq_time":706,"satellite":"N","instrument":"VIIRS","confidence":"n","version":2,"bright_ti5":290.96,"frp":6.61,"daynight":"D","type":0},"geometry":{"type":"Point","coordinates":[105.28037,-5.00049]}},
{"type":"Feature","properties":{"latitude":-4.50727,"longitude":105.75746,"bright_ti4":367.0,"scan":0.33,"track":0.55,"acq_date":"2022-06-02","acq_time":551,"satellite":"N","instrument":"VIIRS","confidence":"h","version":2,"bright_ti5":292.88,"frp":6.93,"daynight":"D","type":0},"geometry":{"type":"Point","coordinates":[105.75746,-4.50727]}},
{"type":"Feature","properties":{"latitude":-5.22204,"longitude":105.17525,"bright_ti4":301.26,"scan":0.4,"track":0.37,"acq_date":"2022-06-03","acq_time":1816,"satellite":"N","instrument":"VIIRS","confidence":"n","version":2,"bright_ti5":286.05,"frp":0.51,"daynight":"N","type":0},"geometry":{"type":"Point","coordinates":[105.17525,-5.22204]}},
{"type":"Feature","properties":{"latitude":-4.69978,"longitude":105.36761,"bright_ti4":299.9,"scan":0.47,"track":0.64,"acq_date":"2022-06-05","acq_time":1738,"satellite":"N","instrument":"VIIRS","confidence":"n","version":2,"bright_ti5":277.39,"frp":0.47,"daynight":"N","type":0},"geometry":{"type":"Point","coordinates":[105.36761,-4.69978]}},
{"type":"Feature","properties":{"latitude":-4.88039,"longitude":105.16579,"bright_ti4":302.43,"scan":0.41,"track":0.6,"acq_date":"2022-06-06","acq_time":1900,"satellite":"N","instrument":"VIIRS","confidence":"n","version":2,"bright_ti5":286.28,"frp":0.48,"daynight":"N","type":0},"geometry":{"type":"Point","coordinates":[105.16579,-4.88039]}},
{"type":"Feature","properties":{"latitude":-5.22213,"longitude":105.1734,"bright_ti4":302.97,"scan":0.38,"track":0.36,"acq_date":"2022-06-08","acq_time":1822,"satellite":"N","instrument":"VIIRS","confidence":"n","version":2,"bright_ti5":273.4,"frp":0.51,"daynight":"N","type":0},"geometry":{"type":"Point","coordinates":[105.1734,-5.22213]}},
{"type":"Feature","properties":{"latitude":-4.53665,"longitude":105.81431,"bright_ti4":334.87,"scan":0.54,"track":0.42,"acq_date":"2022-06-10","acq_time":642,"satellite":"N","instrument":"VIIRS","confidence":"n","version":2,"bright_ti5":291.71,"frp":4.4,"daynight":"D","type":0},"geometry":{"type":"Point","coordinates":[105.81431,-4.53665]}},
{"type":"Feature","properties":{"latitude":-5.22124,"longitude":105.17326,"bright_ti4":301.47,"scan":0.37,"track":0.58,"acq_date":"2022-06-10","acq_time":1745,"satellite":"N","instrument":"VIIRS","confidence":"n","version":2,"bright_ti5":282.77,"frp":1.19,"daynight":"N","type":0},"geometry":{"type":"Point","coordinates":[105.17326,-5.22124]}},
{"type":"Feature","properties":{"latitude":-4.96694,"longitude":105.69977,"bright_ti4":317.07,"scan":0.43,"track":0.38,"acq_date":"2022-06-13","acq_time":1828,"satellite":"N","instrument":"VIIRS","confidence":"n","version":2,"bright_ti5":284.98,"frp":1.55,"daynight":"N","type":0},"geometry":{"type":"Point","coordinates":[105.69977,-4.96694]}},
{"type":"Feature","properties":{"latitude":-4.96669,"longitude":105.69629,"bright_ti4":309.71,"scan":0.43,"track":0.38,"acq_date":"2022-06-13","acq_time":1828,"satellite":"N","instrument":"VIIRS","confidence":"n","version":2,"bright_ti5":285.82,"frp":0.73,"daynight":"N","type":0},"geometry":{"type":"Point","coordinates":[105.69629,-4.96669]}},
{"type":"Feature","properties":{"latitude":-4.96634,"longitude":105.6959,"bright_ti4":310.04,"scan":0.43,"track":0.38,"acq_date":"2022-06-13","acq_time":1828,"satellite":"N","instrument":"VIIRS","confidence":"n","version":2,"bright_ti5":286.91,"frp":1.11,"daynight":"N","type":0},"geometry":{"type":"Point","coordinates":[105.6959,-4.96634]}},
{"type":"Feature","properties":{"latitude":-4.96728,"longitude":105.70016,"bright_ti4":308.51,"scan":0.43,"track":0.38,"acq_date":"2022-06-13","acq_time":1828,"satellite":"N","instrument":"VIIRS","confidence":"n","version":2,"bright_ti5":283.26,"frp":0.83,"daynight":"N","type":0},"geometry":{"type":"Point","coordinates":[105.70016,-4.96728]}},
{"type":"Feature","properties":{"latitude":-4.69828,"longitude":105.36652,"bright_ti4":304.82,"scan":0.57,"track":0.52,"acq_date":"2022-06-15","acq_time":1751,"satellite":"N","instrument":"VIIRS","confidence":"n","version":2,"bright_ti5":286.18,"frp":1.52,"daynight":"N","type":0},"geometry":{"type":"Point","coordinates":[105.36652,-4.69828]}},
{"type":"Feature","properties":{"latitude":-4.58152,"longitude":105.24102,"bright_ti4":345.43,"scan":0.35,"track":0.57,"acq_date":"2022-06-18","acq_time":551,"satellite":"N","instrument":"VIIRS","confidence":"n","version":2,"bright_ti5":281.48,"frp":4.6,"daynight":"D","type":0},"geometry":{"type":"Point","coordinates":[105.24102,-4.58152]}},
{"type":"Feature","properties":{"latitude":-4.57787,"longitude":105.23879,"bright_ti4":328.35,"scan":0.35,"track":0.57,"acq_date":"2022-06-18","acq_time":552,"satellite":"N","instrument":"VIIRS","confidence":"n","version":2,"bright_ti5":283.34,"frp":4.26,"daynight":"D","type":0},"geometry":{"type":"Point","coordinates":[105.23879,-4.57787]}},
{"type":"Feature","properties":{"latitude":-5.22261,"longitude":105.17187,"bright_ti4":309.08,"scan":0.4,"track":0.37,"acq_date":"2022-06-19","acq_time":1816,"satellite":"N","instrument":"VIIRS","confidence":"n","version":2,"bright_ti5":283.99,"frp":0.76,"daynight":"N","type":0},"geometry":{"type":"Point","coordinates":[105.17187,-5.22261]}},
{"type":"Feature","properties":{"latitude":-4.4841,"longitude":105.37993,"bright_ti4":333.28,"scan":0.39,"track":0.36,"acq_date":"2022-06-27","acq_time":623,"satellite":"N","instrument":"VIIRS","confidence":"n","version":2,"bright_ti5":292.96,"frp":2.13,"daynight":"D","type":0},"geometry":{"type":"Point","coordinates":[105.37993,-4.4841]}},
{"type":"Feature","properties":{"latitude":-4.53425,"longitude":105.31935,"bright_ti4":332.01,"scan":0.39,"track":0.36,"acq_date":"2022-06-27","acq_time":623,"satellite":"N","instrument":"VIIRS","confidence":"n","version":2,"bright_ti5":294.51,"frp":2.64,"daynight":"D","type":0},"geometry":{"type":"Point","coordinates":[105.31935,-4.53425]}},
{"type":"Feature","properties":{"latitude":-4.55526,"longitude":105.1888,"bright_ti4":316.42,"scan":0.45,"track":0.39,"acq_date":"2022-06-30","acq_time":1810,"satellite":"N","instrument":"VIIRS","confidence":"n","version":2,"bright_ti5":283.75,"frp":1.46,"daynight":"N","type":0},"geometry":{"type":"Point","coordinates":[105.1888,-4.55526]}},
{"type":"Feature","properties":{"latitude":-4.55493,"longitude":105.73887,"bright_ti4":312.35,"scan":0.51,"track":0.41,"acq_date":"2022-07-04","acq_time":1835,"satellite":"N","instrument":"VIIRS","confidence":"n","version":2,"bright_ti5":291.26,"frp":1.09,"daynight":"N","type":0},"geometry":{"type":"Point","coordinates":[105.73887,-4.55493]}},
{"type":"Feature","properties":{"latitude":-4.88489,"longitude":105.16853,"bright_ti4":304.4,"scan":0.48,"track":0.4,"acq_date":"2022-07-04","acq_time":1835,"satellite":"N","instrument":"VIIRS","confidence":"n","version":2,"bright_ti5":291.08,"frp":0.54,"daynight":"N","type":0},"geometry":{"type":"Point","coordinates":[105.16853,-4.88489]}},
{"type":"Feature","properties":{"latitude":-4.69993,"longitude":105.37014,"bright_ti4":306.79,"scan":0.39,"track":0.36,"acq_date":"2022-07-05","acq_time":1816,"satellite":"N","instrument":"VIIRS","confidence":"n","version":2,"bright_ti5":291.14,"frp":0.56,"daynight":"N","type":0},"geometry":{"type":"Point","coordinates":[105.37014,-4.69993]}},
{"type":"Feature","properties":{"latitude":-4.76721,"longitude":105.26022,"bright_ti4":335.48,"scan":0.43,"track":0.38,"acq_date":"2022-07-07","acq_time":636,"satellite":"N","instrument":"VIIRS","confidence":"n","version":2,"bright_ti5":296.6,"frp":3.75,"daynight":"D","type":0},"geometry":{"type":"Point","coordinates":[105.26022,-4.76721]}},
{"type":"Feature","properties":{"latitude":-4.76843,"longitude":105.26042,"bright_ti4":337.91,"scan":0.42,"track":0.38,"acq_date":"2022-07-07","acq_time":636,"satellite":"N","instrument":"VIIRS","confidence":"n","version":2,"bright_ti5":297.68,"frp":3.42,"daynight":"D","type":0},"geometry":{"type":"Point","coordinates":[105.26042,-4.76843]}},
{"type":"Feature","properties":{"latitude":-4.61012,"longitude":105.17751,"bright_ti4":307.54,"scan":0.47,"track":0.64,"acq_date":"2022-07-07","acq_time":1739,"satellite":"N","instrument":"VIIRS","confidence":"n","version":2,"bright_ti5":288.11,"frp":0.98,"daynight":"N","type":0},"geometry":{"type":"Point","coordinates":[105.17751,-4.61012]}},
{"type":"Feature","properties":{"latitude":-4.90591,"longitude":105.1756,"bright_ti4":315.53,"scan":0.4,"track":0.44,"acq_date":"2022-07-09","acq_time":1842,"satellite":"N","instrument":"VIIRS","confidence":"n","version":2,"bright_ti5":291.1,"frp":1.71,"daynight":"N","type":0},"geometry":{"type":"Point","coordinates":[105.1756,-4.90591]}},
{"type":"Feature","properties":{"latitude":-4.81718,"longitude":105.6916,"bright_ti4":314.36,"scan":0.39,"track":0.36,"acq_date":"2022-07-10","acq_time":1823,"satellite":"N","instrument":"VIIRS","confidence":"n","version":2,"bright_ti5":290.33,"frp":0.8,"daynight":"N","type":0},"geometry":{"type":"Point","coordinates":[105.6916,-4.81718]}},
{"type":"Feature","properties":{"latitude":-4.52788,"longitude":105.87419,"bright_ti4":340.84,"scan":0.39,"track":0.44,"acq_date":"2022-07-14","acq_time":604,"satellite":"N","instrument":"VIIRS","confidence":"n","version":2,"bright_ti5":291.3,"frp":7.19,"daynight":"D","type":0},"geometry":{"type":"Point","coordinates":[105.87419,-4.52788]}},
{"type":"Feature","properties":{"latitude":-4.54079,"longitude":105.29787,"bright_ti4":344.14,"scan":0.42,"track":0.45,"acq_date":"2022-07-17","acq_time":649,"satellite":"N","instrument":"VIIRS","confidence":"n","version":2,"bright_ti5":292.86,"frp":15.65,"daynight":"D","type":0},"geometry":{"type":"Point","coordinates":[105.29787,-4.54079]}},
{"type":"Feature","properties":{"latitude":-4.65617,"longitude":105.19603,"bright_ti4":329.34,"scan":0.42,"track":0.45,"acq_date":"2022-07-17","acq_time":649,"satellite":"N","instrument":"VIIRS","confidence":"n","version":2,"bright_ti5":294.39,"frp":2.91,"daynight":"D","type":0},"geometry":{"type":"Point","coordinates":[105.19603,-4.65617]}},
{"type":"Feature","properties":{"latitude":-4.50313,"longitude":105.47358,"bright_ti4":336.58,"scan":0.39,"track":0.36,"acq_date":"2022-07-18","acq_time":630,"satellite":"N","instrument":"VIIRS","confidence":"n","version":2,"bright_ti5":291.04,"frp":4.31,"daynight":"D","type":0},"geometry":{"type":"Point","coordinates":[105.47358,-4.50313]}},
{"type":"Feature","properties":{"latitude":-4.61332,"longitude":105.17828,"bright_ti4":297.57,"scan":0.4,"track":0.37,"acq_date":"2022-07-21","acq_time":1816,"satellite":"N","instrument":"VIIRS","confidence":"n","version":2,"bright_ti5":266.65,"frp":0.33,"daynight":"N","type":0},"geometry":{"type":"Point","coordinates":[105.17828,-4.61332]}},
{"type":"Feature","properties":{"latitude":-4.51134,"longitude":105.79681,"bright_ti4":329.81,"scan":0.47,"track":0.4,"acq_date":"2022-08-20","acq_time":611,"satellite":"N","instrument":"VIIRS","confidence":"n","version":2,"bright_ti5":293.48,"frp":3.12,"daynight":"D","type":0},"geometry":{"type":"Point","coordinates":[105.79681,-4.51134]}},
{"type":"Feature","properties":{"latitude":-4.88429,"longitude":105.16705,"bright_ti4":308.95,"scan":0.39,"track":0.36,"acq_date":"2022-08-22","acq_time":1817,"satellite":"N","instrument":"VIIRS","confidence":"n","version":2,"bright_ti5":290.41,"frp":0.8,"daynight":"N","type":0},"geometry":{"type":"Point","coordinates":[105.16705,-4.88429]}},
{"type":"Feature","properties":{"latitude":-5.23241,"longitude":105.16293,"bright_ti4":303.2,"scan":0.39,"track":0.36,"acq_date":"2022-08-22","acq_time":1817,"satellite":"N","instrument":"VIIRS","confidence":"n","version":2,"bright_ti5":290.48,"frp":0.43,"daynight":"N","type":0},"geometry":{"type":"Point","coordinates":[105.16293,-5.23241]}},
{"type":"Feature","properties":{"latitude":-4.88254,"longitude":105.16718,"bright_ti4":308.08,"scan":0.39,"track":0.36,"acq_date":"2022-08-22","acq_time":1817,"satellite":"N","instrument":"VIIRS","confidence":"n","version":2,"bright_ti5":290.31,"frp":0.61,"daynight":"N","type":0},"geometry":{"type":"Point","coordinates":[105.16718,-4.88254]}},
{"type":"Feature","properties":{"latitude":-4.62506,"longitude":105.20796,"bright_ti4":337.58,"scan":0.54,"track":0.51,"acq_date":"2022-08-23","acq_time":655,"satellite":"N","instrument":"VIIRS","confidence":"n","version":2,"bright_ti5":290.59,"frp":2.21,"daynight":"D","type":0},"geometry":{"type":"Point","coordinates":[105.20796,-4.62506]}},
{"type":"Feature","properties":{"latitude":-4.52235,"longitude":105.48071,"bright_ti4":356.99,"scan":0.42,"track":0.61,"acq_date":"2022-09-01","acq_time":546,"satellite":"N","instrument":"VIIRS","confidence":"l","version":2,"bright_ti5":286.35,"frp":9.7,"daynight":"D","type":0},"geometry":{"type":"Point","coordinates":[105.48071,-4.52235]}},
{"type":"Feature","properties":{"latitude":-4.52803,"longitude":105.48154,"bright_ti4":344.37,"scan":0.42,"track":0.61,"acq_date":"2022-09-01","acq_time":546,"satellite":"N","instrument":"VIIRS","confidence":"n","version":2,"bright_ti5":285.27,"frp":5.65,"daynight":"D","type":0},"geometry":{"type":"Point","coordinates":[105.48154,-4.52803]}},
{"type":"Feature","properties":{"latitude":-4.50047,"longitude":105.75974,"bright_ti4":345.6,"scan":0.4,"track":0.37,"acq_date":"2022-09-04","acq_time":630,"satellite":"N","instrument":"VIIRS","confidence":"n","version":2,"bright_ti5":300.32,"frp":6.85,"daynight":"D","type":0},"geometry":{"type":"Point","coordinates":[105.75974,-4.50047]}},
{"type":"Feature","properties":{"latitude":-4.50441,"longitude":105.75666,"bright_ti4":337.92,"scan":0.4,"track":0.37,"acq_date":"2022-09-04","acq_time":630,"satellite":"N","instrument":"VIIRS","confidence":"n","version":2,"bright_ti5":301.69,"frp":6.85,"daynight":"D","type":0},"geometry":{"type":"Point","coordinates":[105.75666,-4.50441]}},
{"type":"Feature","properties":{"latitude":-4.58915,"longitude":105.68546,"bright_ti4":334.89,"scan":0.4,"track":0.37,"acq_date":"2022-09-04","acq_time":630,"satellite":"N","instrument":"VIIRS","confidence":"n","version":2,"bright_ti5":299.64,"frp":3.37,"daynight":"D","type":0},"geometry":{"type":"Point","coordinates":[105.68546,-4.58915]}},
{"type":"Feature","properties":{"latitude":-5.00693,"longitude":105.61533,"bright_ti4":342.8,"scan":0.39,"track":0.37,"acq_date":"2022-09-04","acq_time":630,"satellite":"N","instrument":"VIIRS","confidence":"n","version":2,"bright_ti5":284.67,"frp":49.99,"daynight":"D","type":0},"geometry":{"type":"Point","coordinates":[105.61533,-5.00693]}},
{"type":"Feature","properties":{"latitude":-4.76939,"longitude":105.78017,"bright_ti4":344.32,"scan":0.49,"track":0.49,"acq_date":"2022-09-11","acq_time":559,"satellite":"N","instrument":"VIIRS","confidence":"n","version":2,"bright_ti5":275.35,"frp":6.59,"daynight":"D","type":0},"geometry":{"type":"Point","coordinates":[105.78017,-4.76939]}},
{"type":"Feature","properties":{"latitude":-4.56268,"longitude":105.59807,"bright_ti4":329.44,"scan":0.37,"track":0.58,"acq_date":"2022-09-13","acq_time":702,"satellite":"N","instrument":"VIIRS","confidence":"n","version":2,"bright_ti5":288.05,"frp":2.21,"daynight":"D","type":0},"geometry":{"type":"Point","coordinates":[105.59807,-4.56268]}},
{"type":"Feature","properties":{"latitude":-4.78968,"longitude":105.74845,"bright_ti4":304.94,"scan":0.49,"track":0.4,"acq_date":"2022-09-13","acq_time":1805,"satellite":"N","instrument":"VIIRS","confidence":"n","version":2,"bright_ti5":273.81,"frp":2.34,"daynight":"N","type":0},"geometry":{"type":"Point","coordinates":[105.74845,-4.78968]}},
{"type":"Feature","properties":{"latitude":-4.79871,"longitude":105.75472,"bright_ti4":300.63,"scan":0.33,"track":0.55,"acq_date":"2022-09-14","acq_time":1746,"satellite":"N","instrument":"VIIRS","confidence":"n","version":2,"bright_ti5":279.2,"frp":0.9,"daynight":"N","type":0},"geometry":{"type":"Point","coordinates":[105.75472,-4.79871]}},
{"type":"Feature","properties":{"latitude":-4.79921,"longitude":105.7577,"bright_ti4":298.84,"scan":0.33,"track":0.55,"acq_date":"2022-09-14","acq_time":1746,"satellite":"N","instrument":"VIIRS","confidence":"n","version":2,"bright_ti5":279.63,"frp":0.65,"daynight":"N","type":0},"geometry":{"type":"Point","coordinates":[105.7577,-4.79921]}},
{"type":"Feature","properties":{"latitude":-4.8017,"longitude":105.75476,"bright_ti4":300.61,"scan":0.33,"track":0.55,"acq_date":"2022-09-14","acq_time":1746,"satellite":"N","instrument":"VIIRS","confidence":"n","version":2,"bright_ti5":279.94,"frp":0.86,"daynight":"N","type":0},"geometry":{"type":"Point","coordinates":[105.75476,-4.8017]}},
{"type":"Feature","properties":{"latitude":-4.54567,"longitude":105.2608,"bright_ti4":344.39,"scan":0.39,"track":0.36,"acq_date":"2022-09-15","acq_time":624,"satellite":"N","instrument":"VIIRS","confidence":"n","version":2,"bright_ti5":295.03,"frp":31.73,"daynight":"D","type":0},"geometry":{"type":"Point","coordinates":[105.2608,-4.54567]}},
{"type":"Feature","properties":{"latitude":-4.54848,"longitude":105.26479,"bright_ti4":345.73,"scan":0.39,"track":0.36,"acq_date":"2022-09-15","acq_time":624,"satellite":"N","instrument":"VIIRS","confidence":"n","version":2,"bright_ti5":295.72,"frp":4.93,"daynight":"D","type":0},"geometry":{"type":"Point","coordinates":[105.26479,-4.54848]}},
{"type":"Feature","properties":{"latitude":-4.763,"longitude":105.27632,"bright_ti4":347.9,"scan":0.39,"track":0.36,"acq_date":"2022-09-15","acq_time":624,"satellite":"N","instrument":"VIIRS","confidence":"n","version":2,"bright_ti5":301.32,"frp":12.56,"daynight":"D","type":0},"geometry":{"type":"Point","coordinates":[105.27632,-4.763]}},
{"type":"Feature","properties":{"latitude":-4.76247,"longitude":105.27982,"bright_ti4":347.69,"scan":0.39,"track":0.36,"acq_date":"2022-09-15","acq_time":624,"satellite":"N","instrument":"VIIRS","confidence":"n","version":2,"bright_ti5":303.43,"frp":28.97,"daynight":"D","type":0},"geometry":{"type":"Point","coordinates":[105.27982,-4.76247]}},
{"type":"Feature","properties":{"latitude":-4.79852,"longitude":105.75563,"bright_ti4":351.53,"scan":0.38,"track":0.36,"acq_date":"2022-09-15","acq_time":624,"satellite":"N","instrument":"VIIRS","confidence":"n","version":2,"bright_ti5":304.78,"frp":6.53,"daynight":"D","type":0},"geometry":{"type":"Point","coordinates":[105.75563,-4.79852]}},
{"type":"Feature","properties":{"latitude":-4.80342,"longitude":105.74574,"bright_ti4":343.78,"scan":0.38,"track":0.36,"acq_date":"2022-09-15","acq_time":624,"satellite":"N","instrument":"VIIRS","confidence":"n","version":2,"bright_ti5":299.39,"frp":18.7,"daynight":"D","type":0},"geometry":{"type":"Point","coordinates":[105.74574,-4.80342]}},
{"type":"Feature","properties":{"latitude":-4.80289,"longitude":105.74921,"bright_ti4":334.87,"scan":0.38,"track":0.36,"acq_date":"2022-09-15","acq_time":624,"satellite":"N","instrument":"VIIRS","confidence":"n","version":2,"bright_ti5":302.93,"frp":7.9,"daynight":"D","type":0},"geometry":{"type":"Point","coordinates":[105.74921,-4.80289]}},
{"type":"Feature","properties":{"latitude":-4.80622,"longitude":105.7497,"bright_ti4":347.99,"scan":0.38,"track":0.36,"acq_date":"2022-09-15","acq_time":624,"satellite":"N","instrument":"VIIRS","confidence":"n","version":2,"bright_ti5":301.1,"frp":19.72,"daynight":"D","type":0},"geometry":{"type":"Point","coordinates":[105.7497,-4.80622]}},
{"type":"Feature","properties":{"latitude":-4.57698,"longitude":105.53694,"bright_ti4":367.0,"scan":0.42,"track":0.61,"acq_date":"2022-09-17","acq_time":546,"satellite":"N","instrument":"VIIRS","confidence":"h","version":2,"bright_ti5":290.14,"frp":17.56,"daynight":"D","type":0},"geometry":{"type":"Point","coordinates":[105.53694,-4.57698]}},
{"type":"Feature","properties":{"latitude":-4.58002,"longitude":105.53726,"bright_ti4":337.81,"scan":0.42,"track":0.61,"acq_date":"2022-09-17","acq_time":546,"satellite":"N","instrument":"VIIRS","confidence":"n","version":2,"bright_ti5":289.12,"frp":8.93,"daynight":"D","type":0},"geometry":{"type":"Point","coordinates":[105.53726,-4.58002]}},
{"type":"Feature","properties":{"latitude":-4.57435,"longitude":105.53651,"bright_ti4":357.04,"scan":0.42,"track":0.61,"acq_date":"2022-09-17","acq_time":546,"satellite":"N","instrument":"VIIRS","confidence":"l","version":2,"bright_ti5":289.55,"frp":8.93,"daynight":"D","type":0},"geometry":{"type":"Point","coordinates":[105.53651,-4.57435]}},
{"type":"Feature","properties":{"latitude":-4.98995,"longitude":105.19392,"bright_ti4":335.37,"scan":0.39,"track":0.36,"acq_date":"2022-09-20","acq_time":630,"satellite":"N","instrument":"VIIRS","confidence":"n","version":2,"bright_ti5":296.09,"frp":3.88,"daynight":"D","type":0},"geometry":{"type":"Point","coordinates":[105.19392,-4.98995]}},
{"type":"Feature","properties":{"latitude":-4.5001,"longitude":105.07863,"bright_ti4":332.98,"scan":0.35,"track":0.57,"acq_date":"2022-09-22","acq_time":553,"satellite":"N","instrument":"VIIRS","confidence":"n","version":2,"bright_ti5":285.7,"frp":3.98,"daynight":"D","type":0},"geometry":{"type":"Point","coordinates":[105.07863,-4.5001]}},
{"type":"Feature","properties":{"latitude":-4.49964,"longitude":105.08183,"bright_ti4":327.35,"scan":0.35,"track":0.57,"acq_date":"2022-09-22","acq_time":553,"satellite":"N","instrument":"VIIRS","confidence":"n","version":2,"bright_ti5":284.93,"frp":4.86,"daynight":"D","type":0},"geometry":{"type":"Point","coordinates":[105.08183,-4.49964]}},
{"type":"Feature","properties":{"latitude":-4.55522,"longitude":105.73087,"bright_ti4":308.5,"scan":0.52,"track":0.42,"acq_date":"2022-09-22","acq_time":1836,"satellite":"N","instrument":"VIIRS","confidence":"n","version":2,"bright_ti5":280.55,"frp":1.23,"daynight":"N","type":0},"geometry":{"type":"Point","coordinates":[105.73087,-4.55522]}},
{"type":"Feature","properties":{"latitude":-4.55563,"longitude":105.6642,"bright_ti4":332.46,"scan":0.45,"track":0.39,"acq_date":"2022-09-25","acq_time":637,"satellite":"N","instrument":"VIIRS","confidence":"n","version":2,"bright_ti5":290.89,"frp":3.76,"daynight":"D","type":0},"geometry":{"type":"Point","coordinates":[105.6642,-4.55563]}},
{"type":"Feature","properties":{"latitude":-4.48421,"longitude":105.72832,"bright_ti4":344.43,"scan":0.41,"track":0.37,"acq_date":"2022-09-26","acq_time":618,"satellite":"N","instrument":"VIIRS","confidence":"n","version":2,"bright_ti5":305.07,"frp":26.59,"daynight":"D","type":0},"geometry":{"type":"Point","coordinates":[105.72832,-4.48421]}},
{"type":"Feature","properties":{"latitude":-4.52853,"longitude":105.43389,"bright_ti4":340.91,"scan":0.42,"track":0.38,"acq_date":"2022-09-26","acq_time":618,"satellite":"N","instrument":"VIIRS","confidence":"l","version":2,"bright_ti5":301.65,"frp":23.86,"daynight":"D","type":0},"geometry":{"type":"Point","coordinates":[105.43389,-4.52853]}},
{"type":"Feature","properties":{"latitude":-4.48507,"longitude":105.71026,"bright_ti4":334.14,"scan":0.49,"track":0.49,"acq_date":"2022-09-27","acq_time":559,"satellite":"N","instrument":"VIIRS","confidence":"n","version":2,"bright_ti5":292.11,"frp":3.78,"daynight":"D","type":0},"geometry":{"type":"Point","coordinates":[105.71026,-4.48507]}},
{"type":"Feature","properties":{"latitude":-5.20289,"longitude":105.81532,"bright_ti4":339.69,"scan":0.5,"track":0.49,"acq_date":"2022-09-27","acq_time":559,"satellite":"N","instrument":"VIIRS","confidence":"n","version":2,"bright_ti5":298.18,"frp":3.93,"daynight":"D","type":0},"geometry":{"type":"Point","coordinates":[105.81532,-5.20289]}},
{"type":"Feature","properties":{"latitude":-4.60421,"longitude":105.54461,"bright_ti4":329.89,"scan":0.76,"track":0.77,"acq_date":"2022-09-28","acq_time":721,"satellite":"N","instrument":"VIIRS","confidence":"n","version":2,"bright_ti5":289.69,"frp":7.62,"daynight":"D","type":0},"geometry":{"type":"Point","coordinates":[105.54461,-4.60421]}},
{"type":"Feature","properties":{"latitude":-4.60269,"longitude":105.54094,"bright_ti4":331.15,"scan":0.76,"track":0.77,"acq_date":"2022-09-28","acq_time":721,"satellite":"N","instrument":"VIIRS","confidence":"n","version":2,"bright_ti5":289.37,"frp":7.08,"daynight":"D","type":0},"geometry":{"type":"Point","coordinates":[105.54094,-4.60269]}},
{"type":"Feature","properties":{"latitude":-4.51653,"longitude":105.31734,"bright_ti4":346.43,"scan":0.52,"track":0.42,"acq_date":"2022-09-30","acq_time":643,"satellite":"N","instrument":"VIIRS","confidence":"n","version":2,"bright_ti5":292.67,"frp":12.74,"daynight":"D","type":0},"geometry":{"type":"Point","coordinates":[105.31734,-4.51653]}},
{"type":"Feature","properties":{"latitude":-4.51728,"longitude":105.31264,"bright_ti4":333.15,"scan":0.52,"track":0.42,"acq_date":"2022-09-30","acq_time":643,"satellite":"N","instrument":"VIIRS","confidence":"n","version":2,"bright_ti5":293.15,"frp":7.59,"daynight":"D","type":0},"geometry":{"type":"Point","coordinates":[105.31264,-4.51728]}},
{"type":"Feature","properties":{"latitude":-4.84247,"longitude":105.21146,"bright_ti4":325.17,"scan":0.71,"track":0.75,"acq_date":"2022-10-14","acq_time":720,"satellite":"N","instrument":"VIIRS","confidence":"n","version":2,"bright_ti5":282.76,"frp":5.06,"daynight":"D","type":0},"geometry":{"type":"Point","coordinates":[105.21146,-4.84247]}},
{"type":"Feature","properties":{"latitude":-4.76744,"longitude":105.75776,"bright_ti4":297.57,"scan":0.33,"track":0.55,"acq_date":"2022-10-16","acq_time":1746,"satellite":"N","instrument":"VIIRS","confidence":"n","version":2,"bright_ti5":268.38,"frp":0.48,"daynight":"N","type":0},"geometry":{"type":"Point","coordinates":[105.75776,-4.76744]}},
{"type":"Feature","properties":{"latitude":-4.87651,"longitude":105.72084,"bright_ti4":316.21,"scan":0.41,"track":0.45,"acq_date":"2022-10-26","acq_time":1758,"satellite":"N","instrument":"VIIRS","confidence":"n","version":2,"bright_ti5":280.93,"frp":1.95,"daynight":"N","type":0},"geometry":{"type":"Point","coordinates":[105.72084,-4.87651]}},
{"type":"Feature","properties":{"latitude":-4.49041,"longitude":105.60808,"bright_ti4":340.6,"scan":0.54,"track":0.42,"acq_date":"2022-11-01","acq_time":643,"satellite":"N","instrument":"VIIRS","confidence":"n","version":2,"bright_ti5":282.0,"frp":4.89,"daynight":"D","type":0},"geometry":{"type":"Point","coordinates":[105.60808,-4.49041]}},
{"type":"Feature","properties":{"latitude":-4.61057,"longitude":105.28555,"bright_ti4":337.73,"scan":0.39,"track":0.36,"acq_date":"2022-11-02","acq_time":624,"satellite":"N","instrument":"VIIRS","confidence":"n","version":2,"bright_ti5":295.35,"frp":8.71,"daynight":"D","type":0},"geometry":{"type":"Point","coordinates":[105.28555,-4.61057]}},
{"type":"Feature","properties":{"latitude":-4.84591,"longitude":105.20915,"bright_ti4":346.08,"scan":0.42,"track":0.38,"acq_date":"2022-11-12","acq_time":636,"satellite":"N","instrument":"VIIRS","confidence":"n","version":2,"bright_ti5":280.59,"frp":7.37,"daynight":"D","type":0},"geometry":{"type":"Point","coordinates":[105.20915,-4.84591]}},
{"type":"Feature","properties":{"latitude":-4.84939,"longitude":105.20969,"bright_ti4":330.38,"scan":0.42,"track":0.38,"acq_date":"2022-11-12","acq_time":636,"satellite":"N","instrument":"VIIRS","confidence":"n","version":2,"bright_ti5":278.33,"frp":7.37,"daynight":"D","type":0},"geometry":{"type":"Point","coordinates":[105.20969,-4.84939]}},
{"type":"Feature","properties":{"latitude":-4.94271,"longitude":105.66975,"bright_ti4":331.62,"scan":0.39,"track":0.36,"acq_date":"2022-11-18","acq_time":624,"satellite":"N","instrument":"VIIRS","confidence":"n","version":2,"bright_ti5":279.15,"frp":3.44,"daynight":"D","type":0},"geometry":{"type":"Point","coordinates":[105.66975,-4.94271]}},
{"type":"Feature","properties":{"latitude":-4.49213,"longitude":105.82722,"bright_ti4":332.37,"scan":0.46,"track":0.47,"acq_date":"2022-11-22","acq_time":649,"satellite":"N","instrument":"VIIRS","confidence":"n","version":2,"bright_ti5":296.75,"frp":4.26,"daynight":"D","type":0},"geometry":{"type":"Point","coordinates":[105.82722,-4.49213]}},
{"type":"Feature","properties":{"latitude":-4.91881,"longitude":105.66709,"bright_ti4":321.78,"scan":0.55,"track":0.68,"acq_date":"2022-11-23","acq_time":1733,"satellite":"N","instrument":"VIIRS","confidence":"n","version":2,"bright_ti5":270.45,"frp":3.01,"daynight":"N","type":0},"geometry":{"type":"Point","coordinates":[105.66709,-4.91881]}},
{"type":"Feature","properties":{"latitude":-4.93024,"longitude":105.68549,"bright_ti4":297.04,"scan":0.55,"track":0.68,"acq_date":"2022-11-23","acq_time":1733,"satellite":"N","instrument":"VIIRS","confidence":"n","version":2,"bright_ti5":267.12,"frp":0.95,"daynight":"N","type":0},"geometry":{"type":"Point","coordinates":[105.68549,-4.93024]}},
{"type":"Feature","properties":{"latitude":-4.93017,"longitude":105.64867,"bright_ti4":300.09,"scan":0.56,"track":0.68,"acq_date":"2022-11-23","acq_time":1733,"satellite":"N","instrument":"VIIRS","confidence":"n","version":2,"bright_ti5":259.55,"frp":1.73,"daynight":"N","type":0},"geometry":{"type":"Point","coordinates":[105.64867,-4.93017]}},
{"type":"Feature","properties":{"latitude":-4.93589,"longitude":105.69028,"bright_ti4":297.79,"scan":0.55,"track":0.68,"acq_date":"2022-11-23","acq_time":1733,"satellite":"N","instrument":"VIIRS","confidence":"n","version":2,"bright_ti5":267.8,"frp":0.44,"daynight":"N","type":0},"geometry":{"type":"Point","coordinates":[105.69028,-4.93589]}},
{"type":"Feature","properties":{"latitude":-4.92868,"longitude":105.68635,"bright_ti4":299.74,"scan":0.55,"track":0.68,"acq_date":"2022-11-23","acq_time":1733,"satellite":"N","instrument":"VIIRS","confidence":"n","version":2,"bright_ti5":268.64,"frp":2.27,"daynight":"N","type":0},"geometry":{"type":"Point","coordinates":[105.68635,-4.92868]}},
{"type":"Feature","properties":{"latitude":-4.92516,"longitude":105.66601,"bright_ti4":300.34,"scan":0.55,"track":0.68,"acq_date":"2022-11-23","acq_time":1733,"satellite":"N","instrument":"VIIRS","confidence":"n","version":2,"bright_ti5":265.14,"frp":3.01,"daynight":"N","type":0},"geometry":{"type":"Point","coordinates":[105.66601,-4.92516]}},
{"type":"Feature","properties":{"latitude":-4.92391,"longitude":105.68663,"bright_ti4":300.59,"scan":0.55,"track":0.68,"acq_date":"2022-11-23","acq_time":1733,"satellite":"N","instrument":"VIIRS","confidence":"n","version":2,"bright_ti5":268.6,"frp":0.95,"daynight":"N","type":0},"geometry":{"type":"Point","coordinates":[105.68663,-4.92391]}},
{"type":"Feature","properties":{"latitude":-4.92566,"longitude":105.66006,"bright_ti4":311.57,"scan":0.55,"track":0.68,"acq_date":"2022-11-23","acq_time":1733,"satellite":"N","instrument":"VIIRS","confidence":"n","version":2,"bright_ti5":258.69,"frp":3.02,"daynight":"N","type":0},"geometry":{"type":"Point","coordinates":[105.66006,-4.92566]}},
{"type":"Feature","properties":{"latitude":-4.93749,"longitude":105.68942,"bright_ti4":300.84,"scan":0.55,"track":0.68,"acq_date":"2022-11-23","acq_time":1733,"satellite":"N","instrument":"VIIRS","confidence":"n","version":2,"bright_ti5":266.45,"frp":1.32,"daynight":"N","type":0},"geometry":{"type":"Point","coordinates":[105.68942,-4.93749]}},
{"type":"Feature","properties":{"latitude":-4.94222,"longitude":105.68914,"bright_ti4":296.71,"scan":0.55,"track":0.68,"acq_date":"2022-11-23","acq_time":1733,"satellite":"N","instrument":"VIIRS","confidence":"n","version":2,"bright_ti5":264.97,"frp":0.44,"daynight":"N","type":0},"geometry":{"type":"Point","coordinates":[105.68914,-4.94222]}},
{"type":"Feature","properties":{"latitude":-4.69839,"longitude":105.37003,"bright_ti4":302.44,"scan":0.4,"track":0.44,"acq_date":"2022-11-30","acq_time":1842,"satellite":"N","instrument":"VIIRS","confidence":"n","version":2,"bright_ti5":281.04,"frp":0.53,"daynight":"N","type":0},"geometry":{"type":"Point","coordinates":[105.37003,-4.69839]}},
{"type":"Feature","properties":{"latitude":-6.10229,"longitude":105.42489,"bright_ti4":340.56,"scan":0.39,"track":0.36,"acq_date":"2022-02-03","acq_time":623,"satellite":"N","instrument":"VIIRS","confidence":"l","version":2,"bright_ti5":302.85,"frp":15.74,"daynight":"D","type":1},"geometry":{"type":"Point","coordinates":[105.42489,-6.10229]}},
{"type":"Feature","properties":{"latitude":-5.69116,"longitude":105.72669,"bright_ti4":307.22,"scan":0.44,"track":0.39,"acq_date":"2022-03-25","acq_time":1829,"satellite":"N","instrument":"VIIRS","confidence":"n","version":2,"bright_ti5":291.74,"frp":0.88,"daynight":"N","type":0},"geometry":{"type":"Point","coordinates":[105.72669,-5.69116]}},
{"type":"Feature","properties":{"latitude":-5.27,"longitude":105.59418,"bright_ti4":329.93,"scan":0.41,"track":0.45,"acq_date":"2022-04-09","acq_time":604,"satellite":"N","instrument":"VIIRS","confidence":"n","version":2,"bright_ti5":293.09,"frp":2.05,"daynight":"D","type":0},"geometry":{"type":"Point","coordinates":[105.59418,-5.27]}},
{"type":"Feature","properties":{"latitude":-5.31977,"longitude":105.57449,"bright_ti4":330.79,"scan":0.43,"track":0.38,"acq_date":"2022-04-18","acq_time":636,"satellite":"N","instrument":"VIIRS","confidence":"n","version":2,"bright_ti5":299.18,"frp":1.41,"daynight":"D","type":0},"geometry":{"type":"Point","coordinates":[105.57449,-5.31977]}},
{"type":"Feature","properties":{"latitude":-6.09311,"longitude":105.41737,"bright_ti4":308.81,"scan":0.5,"track":0.41,"acq_date":"2022-04-22","acq_time":1804,"satellite":"N","instrument":"VIIRS","confidence":"n","version":2,"bright_ti5":267.01,"frp":4.27,"daynight":"N","type":3},"geometry":{"type":"Point","coordinates":[105.41737,-6.09311]}},
{"type":"Feature","properties":{"latitude":-6.09388,"longitude":105.422,"bright_ti4":318.72,"scan":0.5,"track":0.41,"acq_date":"2022-04-22","acq_time":1804,"satellite":"N","instrument":"VIIRS","confidence":"n","version":2,"bright_ti5":265.14,"frp":4.27,"daynight":"N","type":1},"geometry":{"type":"Point","coordinates":[105.422,-6.09388]}},
{"type":"Feature","properties":{"latitude":-6.09686,"longitude":105.41663,"bright_ti4":323.98,"scan":0.5,"track":0.41,"acq_date":"2022-04-22","acq_time":1804,"satellite":"N","instrument":"VIIRS","confidence":"n","version":2,"bright_ti5":265.74,"frp":4.27,"daynight":"N","type":3},"geometry":{"type":"Point","coordinates":[105.41663,-6.09686]}},
{"type":"Feature","properties":{"latitude":-6.09766,"longitude":105.42144,"bright_ti4":349.1,"scan":0.5,"track":0.41,"acq_date":"2022-04-22","acq_time":1804,"satellite":"N","instrument":"VIIRS","confidence":"n","version":2,"bright_ti5":266.03,"frp":4.27,"daynight":"N","type":1},"geometry":{"type":"Point","coordinates":[105.42144,-6.09766]}},
{"type":"Feature","properties":{"latitude":-6.10189,"longitude":105.42536,"bright_ti4":330.36,"scan":0.44,"track":0.46,"acq_date":"2022-04-25","acq_time":604,"satellite":"N","instrument":"VIIRS","confidence":"n","version":2,"bright_ti5":294.31,"frp":14.35,"daynight":"D","type":1},"geometry":{"type":"Point","coordinates":[105.42536,-6.10189]}},
{"type":"Feature","properties":{"latitude":-6.10673,"longitude":105.42193,"bright_ti4":350.4,"scan":0.44,"track":0.46,"acq_date":"2022-04-25","acq_time":604,"satellite":"N","instrument":"VIIRS","confidence":"n","version":2,"bright_ti5":300.23,"frp":9.22,"daynight":"D","type":1},"geometry":{"type":"Point","coordinates":[105.42193,-6.10673]}},
{"type":"Feature","properties":{"latitude":-6.09936,"longitude":105.41689,"bright_ti4":326.07,"scan":0.43,"track":0.38,"acq_date":"2022-04-26","acq_time":1829,"satellite":"N","instrument":"VIIRS","confidence":"n","version":2,"bright_ti5":290.33,"frp":4.59,"daynight":"N","type":1},"geometry":{"type":"Point","coordinates":[105.41689,-6.09936]}},
{"type":"Feature","properties":{"latitude":-6.09992,"longitude":105.42059,"bright_ti4":334.09,"scan":0.43,"track":0.38,"acq_date":"2022-04-26","acq_time":1829,"satellite":"N","instrument":"VIIRS","confidence":"n","version":2,"bright_ti5":291.84,"frp":4.59,"daynight":"N","type":1},"geometry":{"type":"Point","coordinates":[105.42059,-6.09992]}},
{"type":"Feature","properties":{"latitude":-6.10052,"longitude":105.42452,"bright_ti4":310.68,"scan":0.43,"track":0.38,"acq_date":"2022-04-26","acq_time":1829,"satellite":"N","instrument":"VIIRS","confidence":"n","version":2,"bright_ti5":287.83,"frp":2.76,"daynight":"N","type":1},"geometry":{"type":"Point","coordinates":[105.42452,-6.10052]}},
{"type":"Feature","properties":{"latitude":-6.10403,"longitude":105.42394,"bright_ti4":333.99,"scan":0.43,"track":0.38,"acq_date":"2022-04-26","acq_time":1829,"satellite":"N","instrument":"VIIRS","confidence":"n","version":2,"bright_ti5":291.79,"frp":9.33,"daynight":"N","type":1},"geometry":{"type":"Point","coordinates":[105.42394,-6.10403]}},
{"type":"Feature","properties":{"latitude":-6.10418,"longitude":105.41921,"bright_ti4":352.97,"scan":0.39,"track":0.36,"acq_date":"2022-04-29","acq_time":629,"satellite":"N","instrument":"VIIRS","confidence":"n","version":2,"bright_ti5":302.02,"frp":8.13,"daynight":"D","type":1},"geometry":{"type":"Point","coordinates":[105.41921,-6.10418]}},
{"type":"Feature","properties":{"latitude":-6.10085,"longitude":105.41871,"bright_ti4":350.2,"scan":0.39,"track":0.36,"acq_date":"2022-04-29","acq_time":629,"satellite":"N","instrument":"VIIRS","confidence":"n","version":2,"bright_ti5":300.85,"frp":8.13,"daynight":"D","type":1},"geometry":{"type":"Point","coordinates":[105.41871,-6.10085]}},
{"type":"Feature","properties":{"latitude":-6.10372,"longitude":105.42104,"bright_ti4":336.54,"scan":0.55,"track":0.68,"acq_date":"2022-04-29","acq_time":1733,"satellite":"N","instrument":"VIIRS","confidence":"n","version":2,"bright_ti5":290.1,"frp":5.68,"daynight":"N","type":1},"geometry":{"type":"Point","coordinates":[105.42104,-6.10372]}},
{"type":"Feature","properties":{"latitude":-6.09932,"longitude":105.42059,"bright_ti4":317.08,"scan":0.55,"track":0.68,"acq_date":"2022-04-29","acq_time":1733,"satellite":"N","instrument":"VIIRS","confidence":"n","version":2,"bright_ti5":288.58,"frp":2.9,"daynight":"N","type":1},"geometry":{"type":"Point","coordinates":[105.42059,-6.09932]}},
{"type":"Feature","properties":{"latitude":-6.10023,"longitude":105.42548,"bright_ti4":304.19,"scan":0.55,"track":0.68,"acq_date":"2022-04-29","acq_time":1733,"satellite":"N","instrument":"VIIRS","confidence":"n","version":2,"bright_ti5":287.75,"frp":2.9,"daynight":"N","type":1},"geometry":{"type":"Point","coordinates":[105.42548,-6.10023]}},
{"type":"Feature","properties":{"latitude":-6.10561,"longitude":105.41927,"bright_ti4":326.72,"scan":0.55,"track":0.68,"acq_date":"2022-04-29","acq_time":1733,"satellite":"N","instrument":"VIIRS","confidence":"n","version":2,"bright_ti5":288.97,"frp":2.9,"daynight":"N","type":1},"geometry":{"type":"Point","coordinates":[105.41927,-6.10561]}},
{"type":"Feature","properties":{"latitude":-6.10654,"longitude":105.42428,"bright_ti4":309.54,"scan":0.55,"track":0.68,"acq_date":"2022-04-29","acq_time":1733,"satellite":"N","instrument":"VIIRS","confidence":"n","version":2,"bright_ti5":287.83,"frp":2.9,"daynight":"N","type":1},"geometry":{"type":"Point","coordinates":[105.42428,-6.10654]}},
{"type":"Feature","properties":{"latitude":-6.10015,"longitude":105.4243,"bright_ti4":330.21,"scan":0.53,"track":0.42,"acq_date":"2022-04-30","acq_time":610,"satellite":"N","instrument":"VIIRS","confidence":"n","version":2,"bright_ti5":285.58,"frp":7.49,"daynight":"D","type":1},"geometry":{"type":"Point","coordinates":[105.4243,-6.10015]}},
{"type":"Feature","properties":{"latitude":-6.10258,"longitude":105.42195,"bright_ti4":354.39,"scan":0.53,"track":0.42,"acq_date":"2022-04-30","acq_time":610,"satellite":"N","instrument":"VIIRS","confidence":"n","version":2,"bright_ti5":293.25,"frp":11.86,"daynight":"D","type":1},"geometry":{"type":"Point","coordinates":[105.42195,-6.10258]}},
{"type":"Feature","properties":{"latitude":-6.10645,"longitude":105.42239,"bright_ti4":327.45,"scan":0.53,"track":0.42,"acq_date":"2022-04-30","acq_time":610,"satellite":"N","instrument":"VIIRS","confidence":"n","version":2,"bright_ti5":289.72,"frp":11.86,"daynight":"D","type":1},"geometry":{"type":"Point","coordinates":[105.42239,-6.10645]}},
{"type":"Feature","properties":{"latitude":-6.10082,"longitude":105.41955,"bright_ti4":340.93,"scan":0.53,"track":0.42,"acq_date":"2022-04-30","acq_time":610,"satellite":"N","instrument":"VIIRS","confidence":"n","version":2,"bright_ti5":290.67,"frp":7.49,"daynight":"D","type":1},"geometry":{"type":"Point","coordinates":[105.41955,-6.10082]}},
{"type":"Feature","properties":{"latitude":-6.10467,"longitude":105.42017,"bright_ti4":344.67,"scan":0.53,"track":0.42,"acq_date":"2022-04-30","acq_time":610,"satellite":"N","instrument":"VIIRS","confidence":"n","version":2,"bright_ti5":292.87,"frp":7.49,"daynight":"D","type":1},"geometry":{"type":"Point","coordinates":[105.42017,-6.10467]}},
{"type":"Feature","properties":{"latitude":-6.104,"longitude":105.42493,"bright_ti4":340.88,"scan":0.53,"track":0.42,"acq_date":"2022-04-30","acq_time":610,"satellite":"N","instrument":"VIIRS","confidence":"n","version":2,"bright_ti5":291.19,"frp":7.49,"daynight":"D","type":1},"geometry":{"type":"Point","coordinates":[105.42493,-6.104]}},
{"type":"Feature","properties":{"latitude":-6.09979,"longitude":105.41725,"bright_ti4":298.3,"scan":0.35,"track":0.57,"acq_date":"2022-04-30","acq_time":1854,"satellite":"N","instrument":"VIIRS","confidence":"n","version":2,"bright_ti5":268.81,"frp":0.93,"daynight":"N","type":1},"geometry":{"type":"Point","coordinates":[105.41725,-6.09979]}},
{"type":"Feature","properties":{"latitude":-6.10022,"longitude":105.42021,"bright_ti4":298.57,"scan":0.35,"track":0.57,"acq_date":"2022-04-30","acq_time":1854,"satellite":"N","instrument":"VIIRS","confidence":"n","version":2,"bright_ti5":271.33,"frp":0.93,"daynight":"N","type":1},"geometry":{"type":"Point","coordinates":[105.42021,-6.10022]}},
{"type":"Feature","properties":{"latitude":-6.10629,"longitude":105.42059,"bright_ti4":311.92,"scan":0.42,"track":0.45,"acq_date":"2022-05-03","acq_time":1758,"satellite":"N","instrument":"VIIRS","confidence":"n","version":2,"bright_ti5":276.45,"frp":1.57,"daynight":"N","type":1},"geometry":{"type":"Point","coordinates":[105.42059,-6.10629]}},
{"type":"Feature","properties":{"latitude":-6.10277,"longitude":105.42515,"bright_ti4":313.84,"scan":0.42,"track":0.45,"acq_date":"2022-05-03","acq_time":1758,"satellite":"N","instrument":"VIIRS","confidence":"n","version":2,"bright_ti5":281.35,"frp":1.26,"daynight":"N","type":1},"geometry":{"type":"Point","coordinates":[105.42515,-6.10277]}},
{"type":"Feature","properties":{"latitude":-6.10216,"longitude":105.42146,"bright_ti4":315.25,"scan":0.42,"track":0.45,"acq_date":"2022-05-03","acq_time":1758,"satellite":"N","instrument":"VIIRS","confidence":"n","version":2,"bright_ti5":280.2,"frp":2.28,"daynight":"N","type":1},"geometry":{"type":"Point","coordinates":[105.42146,-6.10216]}},
{"type":"Feature","properties":{"latitude":-6.10375,"longitude":105.42397,"bright_ti4":329.45,"scan":0.39,"track":0.36,"acq_date":"2022-05-07","acq_time":1823,"satellite":"N","instrument":"VIIRS","confidence":"n","version":2,"bright_ti5":283.54,"frp":2.17,"daynight":"N","type":1},"geometry":{"type":"Point","coordinates":[105.42397,-6.10375]}},
{"type":"Feature","properties":{"latitude":-6.10321,"longitude":105.42046,"bright_ti4":327.2,"scan":0.39,"track":0.36,"acq_date":"2022-05-07","acq_time":1823,"satellite":"N","instrument":"VIIRS","confidence":"n","version":2,"bright_ti5":282.59,"frp":3.31,"daynight":"N","type":1},"geometry":{"type":"Point","coordinates":[105.42046,-6.10321]}},
{"type":"Feature","properties":{"latitude":-6.10041,"longitude":105.4245,"bright_ti4":309.13,"scan":0.39,"track":0.36,"acq_date":"2022-05-07","acq_time":1823,"satellite":"N","instrument":"VIIRS","confidence":"n","version":2,"bright_ti5":280.16,"frp":2.17,"daynight":"N","type":1},"geometry":{"type":"Point","coordinates":[105.4245,-6.10041]}},
{"type":"Feature","properties":{"latitude":-6.09986,"longitude":105.42097,"bright_ti4":323.29,"scan":0.39,"track":0.36,"acq_date":"2022-05-07","acq_time":1823,"satellite":"N","instrument":"VIIRS","confidence":"n","version":2,"bright_ti5":282.82,"frp":3.31,"daynight":"N","type":1},"geometry":{"type":"Point","coordinates":[105.42097,-6.09986]}},
{"type":"Feature","properties":{"latitude":-6.10586,"longitude":105.42148,"bright_ti4":325.55,"scan":0.5,"track":0.41,"acq_date":"2022-05-08","acq_time":1804,"satellite":"N","instrument":"VIIRS","confidence":"n","version":2,"bright_ti5":286.39,"frp":4.18,"daynight":"N","type":1},"geometry":{"type":"Point","coordinates":[105.42148,-6.10586]}},
{"type":"Feature","properties":{"latitude":-6.10209,"longitude":105.42211,"bright_ti4":338.88,"scan":0.5,"track":0.41,"acq_date":"2022-05-08","acq_time":1804,"satellite":"N","instrument":"VIIRS","confidence":"n","version":2,"bright_ti5":289.51,"frp":4.18,"daynight":"N","type":1},"geometry":{"type":"Point","coordinates":[105.42211,-6.10209]}},
{"type":"Feature","properties":{"latitude":-6.10367,"longitude":105.41961,"bright_ti4":332.11,"scan":0.49,"track":0.4,"acq_date":"2022-05-09","acq_time":641,"satellite":"N","instrument":"VIIRS","confidence":"n","version":2,"bright_ti5":301.29,"frp":6.27,"daynight":"D","type":1},"geometry":{"type":"Point","coordinates":[105.41961,-6.10367]}},
{"type":"Feature","properties":{"latitude":-6.10295,"longitude":105.42404,"bright_ti4":342.25,"scan":0.49,"track":0.4,"acq_date":"2022-05-09","acq_time":641,"satellite":"N","instrument":"VIIRS","confidence":"n","version":2,"bright_ti5":300.12,"frp":6.27,"daynight":"D","type":1},"geometry":{"type":"Point","coordinates":[105.42404,-6.10295]}},
{"type":"Feature","properties":{"latitude":-6.10228,"longitude":105.42052,"bright_ti4":338.74,"scan":0.49,"track":0.4,"acq_date":"2022-05-09","acq_time":641,"satellite":"N","instrument":"VIIRS","confidence":"n","version":2,"bright_ti5":302.74,"frp":8.85,"daynight":"D","type":1},"geometry":{"type":"Point","coordinates":[105.42052,-6.10228]}},
{"type":"Feature","properties":{"latitude":-6.10158,"longitude":105.42501,"bright_ti4":337.16,"scan":0.49,"track":0.4,"acq_date":"2022-05-09","acq_time":641,"satellite":"N","instrument":"VIIRS","confidence":"n","version":2,"bright_ti5":300.16,"frp":8.85,"daynight":"D","type":1},"geometry":{"type":"Point","coordinates":[105.42501,-6.10158]}},
{"type":"Feature","properties":{"latitude":-6.1011,"longitude":105.42195,"bright_ti4":344.92,"scan":0.39,"track":0.36,"acq_date":"2022-05-10","acq_time":622,"satellite":"N","instrument":"VIIRS","confidence":"n","version":2,"bright_ti5":308.41,"frp":7.92,"daynight":"D","type":1},"geometry":{"type":"Point","coordinates":[105.42195,-6.1011]}},
{"type":"Feature","properties":{"latitude":-6.10057,"longitude":105.42548,"bright_ti4":339.96,"scan":0.39,"track":0.36,"acq_date":"2022-05-10","acq_time":622,"satellite":"N","instrument":"VIIRS","confidence":"n","version":2,"bright_ti5":308.59,"frp":7.6,"daynight":"D","type":1},"geometry":{"type":"Point","coordinates":[105.42548,-6.10057]}},
{"type":"Feature","properties":{"latitude":-6.10446,"longitude":105.42247,"bright_ti4":343.45,"scan":0.39,"track":0.36,"acq_date":"2022-05-10","acq_time":622,"satellite":"N","instrument":"VIIRS","confidence":"n","version":2,"bright_ti5":306.08,"frp":7.92,"daynight":"D","type":1},"geometry":{"type":"Point","coordinates":[105.42247,-6.10446]}},
{"type":"Feature","properties":{"latitude":-6.10393,"longitude":105.42599,"bright_ti4":338.13,"scan":0.39,"track":0.36,"acq_date":"2022-05-10","acq_time":622,"satellite":"N","instrument":"VIIRS","confidence":"n","version":2,"bright_ti5":307.28,"frp":7.6,"daynight":"D","type":1},"geometry":{"type":"Point","coordinates":[105.42599,-6.10393]}},
{"type":"Feature","properties":{"latitude":-5.30577,"longitude":105.57617,"bright_ti4":330.12,"scan":0.39,"track":0.36,"acq_date":"2022-05-10","acq_time":623,"satellite":"N","instrument":"VIIRS","confidence":"n","version":2,"bright_ti5":296.25,"frp":2.14,"daynight":"D","type":0},"geometry":{"type":"Point","coordinates":[105.57617,-5.30577]}},
{"type":"Feature","properties":{"latitude":-6.09941,"longitude":105.42277,"bright_ti4":326.75,"scan":0.44,"track":0.46,"acq_date":"2022-05-11","acq_time":604,"satellite":"N","instrument":"VIIRS","confidence":"n","version":2,"bright_ti5":291.81,"frp":8.05,"daynight":"D","type":1},"geometry":{"type":"Point","coordinates":[105.42277,-6.09941]}},
{"type":"Feature","properties":{"latitude":-6.10426,"longitude":105.41941,"bright_ti4":326.41,"scan":0.44,"track":0.46,"acq_date":"2022-05-11","acq_time":604,"satellite":"N","instrument":"VIIRS","confidence":"n","version":2,"bright_ti5":292.07,"frp":4.54,"daynight":"D","type":1},"geometry":{"type":"Point","coordinates":[105.41941,-6.10426]}},
{"type":"Feature","properties":{"latitude":-6.10368,"longitude":105.42345,"bright_ti4":333.17,"scan":0.44,"track":0.46,"acq_date":"2022-05-11","acq_time":604,"satellite":"N","instrument":"VIIRS","confidence":"n","version":2,"bright_ti5":290.36,"frp":4.54,"daynight":"D","type":1},"geometry":{"type":"Point","coordinates":[105.42345,-6.10368]}},
{"type":"Feature","properties":{"latitude":-6.10101,"longitude":105.41791,"bright_ti4":309.4,"scan":0.43,"track":0.38,"acq_date":"2022-05-12","acq_time":1829,"satellite":"N","instrument":"VIIRS","confidence":"n","version":2,"bright_ti5":292.49,"frp":3.27,"daynight":"N","type":1},"geometry":{"type":"Point","coordinates":[105.41791,-6.10101]}},
{"type":"Feature","properties":{"latitude":-6.10194,"longitude":105.42459,"bright_ti4":324.35,"scan":0.43,"track":0.38,"acq_date":"2022-05-12","acq_time":1829,"satellite":"N","instrument":"VIIRS","confidence":"n","version":2,"bright_ti5":291.92,"frp":4.46,"daynight":"N","type":1},"geometry":{"type":"Point","coordinates":[105.42459,-6.10194]}},
{"type":"Feature","properties":{"latitude":-6.10134,"longitude":105.42068,"bright_ti4":316.12,"scan":0.43,"track":0.38,"acq_date":"2022-05-12","acq_time":1829,"satellite":"N","instrument":"VIIRS","confidence":"n","version":2,"bright_ti5":291.77,"frp":5.36,"daynight":"N","type":1},"geometry":{"type":"Point","coordinates":[105.42068,-6.10134]}},
{"type":"Feature","properties":{"latitude":-6.10159,"longitude":105.42171,"bright_ti4":324.08,"scan":0.43,"track":0.38,"acq_date":"2022-05-12","acq_time":1829,"satellite":"N","instrument":"VIIRS","confidence":"n","version":2,"bright_ti5":292.19,"frp":3.27,"daynight":"N","type":1},"geometry":{"type":"Point","coordinates":[105.42171,-6.10159]}},
{"type":"Feature","properties":{"latitude":-6.10218,"longitude":105.42567,"bright_ti4":316.22,"scan":0.43,"track":0.38,"acq_date":"2022-05-12","acq_time":1829,"satellite":"N","instrument":"VIIRS","confidence":"n","version":2,"bright_ti5":291.18,"frp":3.7,"daynight":"N","type":1},"geometry":{"type":"Point","coordinates":[105.42567,-6.10218]}},
{"type":"Feature","properties":{"latitude":-6.10509,"longitude":105.42117,"bright_ti4":327.36,"scan":0.43,"track":0.38,"acq_date":"2022-05-12","acq_time":1829,"satellite":"N","instrument":"VIIRS","confidence":"n","version":2,"bright_ti5":293.23,"frp":3.93,"daynight":"N","type":1},"geometry":{"type":"Point","coordinates":[105.42117,-6.10509]}},
{"type":"Feature","properties":{"latitude":-6.09974,"longitude":105.42455,"bright_ti4":326.06,"scan":0.42,"track":0.61,"acq_date":"2022-05-13","acq_time":706,"satellite":"N","instrument":"VIIRS","confidence":"n","version":2,"bright_ti5":293.88,"frp":9.87,"daynight":"D","type":1},"geometry":{"type":"Point","coordinates":[105.42455,-6.09974]}},
{"type":"Feature","properties":{"latitude":-6.10142,"longitude":105.423,"bright_ti4":341.64,"scan":0.43,"track":0.38,"acq_date":"2022-05-13","acq_time":1810,"satellite":"N","instrument":"VIIRS","confidence":"n","version":2,"bright_ti5":294.59,"frp":3.47,"daynight":"N","type":1},"geometry":{"type":"Point","coordinates":[105.423,-6.10142]}},
{"type":"Feature","properties":{"latitude":-6.1008,"longitude":105.4191,"bright_ti4":311.33,"scan":0.43,"track":0.38,"acq_date":"2022-05-13","acq_time":1810,"satellite":"N","instrument":"VIIRS","confidence":"n","version":2,"bright_ti5":289.47,"frp":3.47,"daynight":"N","type":1},"geometry":{"type":"Point","coordinates":[105.4191,-6.1008]}},
{"type":"Feature","properties":{"latitude":-6.10491,"longitude":105.42245,"bright_ti4":336.36,"scan":0.43,"track":0.38,"acq_date":"2022-05-13","acq_time":1810,"satellite":"N","instrument":"VIIRS","confidence":"n","version":2,"bright_ti5":291.7,"frp":3.89,"daynight":"N","type":1},"geometry":{"type":"Point","coordinates":[105.42245,-6.10491]}},
{"type":"Feature","properties":{"latitude":-6.1043,"longitude":105.41856,"bright_ti4":315.62,"scan":0.43,"track":0.38,"acq_date":"2022-05-13","acq_time":1810,"satellite":"N","instrument":"VIIRS","confidence":"n","version":2,"bright_ti5":290.7,"frp":3.89,"daynight":"N","type":1},"geometry":{"type":"Point","coordinates":[105.41856,-6.1043]}},
{"type":"Feature","properties":{"latitude":-6.10569,"longitude":105.42329,"bright_ti4":327.03,"scan":0.43,"track":0.38,"acq_date":"2022-05-13","acq_time":1810,"satellite":"N","instrument":"VIIRS","confidence":"n","version":2,"bright_ti5":288.08,"frp":3.07,"daynight":"N","type":1},"geometry":{"type":"Point","coordinates":[105.42329,-6.10569]}},
{"type":"Feature","properties":{"latitude":-6.10506,"longitude":105.41943,"bright_ti4":319.6,"scan":0.43,"track":0.38,"acq_date":"2022-05-13","acq_time":1810,"satellite":"N","instrument":"VIIRS","confidence":"n","version":2,"bright_ti5":290.87,"frp":3.07,"daynight":"N","type":1},"geometry":{"type":"Point","coordinates":[105.41943,-6.10506]}},
{"type":"Feature","properties":{"latitude":-6.10275,"longitude":105.42574,"bright_ti4":339.99,"scan":0.4,"track":0.44,"acq_date":"2022-05-14","acq_time":648,"satellite":"N","instrument":"VIIRS","confidence":"n","version":2,"bright_ti5":303.25,"frp":8.23,"daynight":"D","type":1},"geometry":{"type":"Point","coordinates":[105.42574,-6.10275]}},
{"type":"Feature","properties":{"latitude":-6.10336,"longitude":105.42195,"bright_ti4":342.11,"scan":0.4,"track":0.44,"acq_date":"2022-05-14","acq_time":648,"satellite":"N","instrument":"VIIRS","confidence":"n","version":2,"bright_ti5":304.87,"frp":8.23,"daynight":"D","type":1},"geometry":{"type":"Point","coordinates":[105.42195,-6.10336]}},
{"type":"Feature","properties":{"latitude":-6.09925,"longitude":105.42136,"bright_ti4":329.07,"scan":0.4,"track":0.44,"acq_date":"2022-05-14","acq_time":648,"satellite":"N","instrument":"VIIRS","confidence":"l","version":2,"bright_ti5":300.96,"frp":12.36,"daynight":"D","type":1},"geometry":{"type":"Point","coordinates":[105.42136,-6.09925]}},
{"type":"Feature","properties":{"latitude":-6.10171,"longitude":105.42282,"bright_ti4":327.56,"scan":0.53,"track":0.5,"acq_date":"2022-05-14","acq_time":1751,"satellite":"N","instrument":"VIIRS","confidence":"n","version":2,"bright_ti5":294.71,"frp":7.95,"daynight":"N","type":1},"geometry":{"type":"Point","coordinates":[105.42282,-6.10171]}},
{"type":"Feature","properties":{"latitude":-6.10632,"longitude":105.42185,"bright_ti4":315.02,"scan":0.53,"track":0.5,"acq_date":"2022-05-14","acq_time":1751,"satellite":"N","instrument":"VIIRS","confidence":"n","version":2,"bright_ti5":292.29,"frp":3.56,"daynight":"N","type":1},"geometry":{"type":"Point","coordinates":[105.42185,-6.10632]}},
{"type":"Feature","properties":{"latitude":-6.10376,"longitude":105.42283,"bright_ti4":347.33,"scan":0.39,"track":0.36,"acq_date":"2022-05-15","acq_time":629,"satellite":"N","instrument":"VIIRS","confidence":"n","version":2,"bright_ti5":305.44,"frp":7.07,"daynight":"D","type":1},"geometry":{"type":"Point","coordinates":[105.42283,-6.10376]}},
{"type":"Feature","properties":{"latitude":-6.1043,"longitude":105.41935,"bright_ti4":330.79,"scan":0.39,"track":0.36,"acq_date":"2022-05-15","acq_time":629,"satellite":"N","instrument":"VIIRS","confidence":"n","version":2,"bright_ti5":302.49,"frp":3.55,"daynight":"D","type":1},"geometry":{"type":"Point","coordinates":[105.41935,-6.1043]}},
{"type":"Feature","properties":{"latitude":-6.10043,"longitude":105.42233,"bright_ti4":340.62,"scan":0.39,"track":0.36,"acq_date":"2022-05-15","acq_time":629,"satellite":"N","instrument":"VIIRS","confidence":"n","version":2,"bright_ti5":298.11,"frp":7.07,"daynight":"D","type":1},"geometry":{"type":"Point","coordinates":[105.42233,-6.10043]}},
{"type":"Feature","properties":{"latitude":-6.10019,"longitude":105.42123,"bright_ti4":333.55,"scan":0.53,"track":0.42,"acq_date":"2022-05-16","acq_time":610,"satellite":"N","instrument":"VIIRS","confidence":"n","version":2,"bright_ti5":294.94,"frp":9.9,"daynight":"D","type":1},"geometry":{"type":"Point","coordinates":[105.42123,-6.10019]}},
{"type":"Feature","properties":{"latitude":-6.10405,"longitude":105.42184,"bright_ti4":339.19,"scan":0.53,"track":0.42,"acq_date":"2022-05-16","acq_time":610,"satellite":"N","instrument":"VIIRS","confidence":"n","version":2,"bright_ti5":296.76,"frp":9.9,"daynight":"D","type":1},"geometry":{"type":"Point","coordinates":[105.42184,-6.10405]}},
{"type":"Feature","properties":{"latitude":-6.10442,"longitude":105.42485,"bright_ti4":335.27,"scan":0.53,"track":0.42,"acq_date":"2022-05-16","acq_time":610,"satellite":"N","instrument":"VIIRS","confidence":"n","version":2,"bright_ti5":295.57,"frp":11.44,"daynight":"D","type":1},"geometry":{"type":"Point","coordinates":[105.42485,-6.10442]}},
{"type":"Feature","properties":{"latitude":-6.09966,"longitude":105.42319,"bright_ti4":310.97,"scan":0.51,"track":0.41,"acq_date":"2022-05-17","acq_time":1835,"satellite":"N","instrument":"VIIRS","confidence":"n","version":2,"bright_ti5":269.18,"frp":1.53,"daynight":"N","type":1},"geometry":{"type":"Point","coordinates":[105.42319,-6.09966]}},
{"type":"Feature","properties":{"latitude":-6.10277,"longitude":105.41801,"bright_ti4":295.33,"scan":0.51,"track":0.41,"acq_date":"2022-05-17","acq_time":1835,"satellite":"N","instrument":"VIIRS","confidence":"n","version":2,"bright_ti5":266.11,"frp":1.32,"daynight":"N","type":1},"geometry":{"type":"Point","coordinates":[105.41801,-6.10277]}},
{"type":"Feature","properties":{"latitude":-6.10345,"longitude":105.42253,"bright_ti4":313.41,"scan":0.51,"track":0.41,"acq_date":"2022-05-17","acq_time":1835,"satellite":"N","instrument":"VIIRS","confidence":"n","version":2,"bright_ti5":267.33,"frp":1.53,"daynight":"N","type":1},"geometry":{"type":"Point","coordinates":[105.42253,-6.10345]}},
{"type":"Feature","properties":{"latitude":-6.10117,"longitude":105.42011,"bright_ti4":321.66,"scan":0.39,"track":0.36,"acq_date":"2022-05-18","acq_time":1816,"satellite":"N","instrument":"VIIRS","confidence":"n","version":2,"bright_ti5":296.14,"frp":5.26,"daynight":"N","type":1},"geometry":{"type":"Point","coordinates":[105.42011,-6.10117]}},
{"type":"Feature","properties":{"latitude":-6.10173,"longitude":105.42361,"bright_ti4":346.44,"scan":0.39,"track":0.36,"acq_date":"2022-05-18","acq_time":1816,"satellite":"N","instrument":"VIIRS","confidence":"n","version":2,"bright_ti5":299.85,"frp":7.33,"daynight":"N","type":1},"geometry":{"type":"Point","coordinates":[105.42361,-6.10173]}},
{"type":"Feature","properties":{"latitude":-6.10507,"longitude":105.4231,"bright_ti4":325.62,"scan":0.39,"track":0.36,"acq_date":"2022-05-18","acq_time":1816,"satellite":"N","instrument":"VIIRS","confidence":"n","version":2,"bright_ti5":294.89,"frp":3.57,"daynight":"N","type":1},"geometry":{"type":"Point","coordinates":[105.4231,-6.10507]}},
{"type":"Feature","properties":{"latitude":-6.10451,"longitude":105.41958,"bright_ti4":318.6,"scan":0.39,"track":0.36,"acq_date":"2022-05-18","acq_time":1816,"satellite":"N","instrument":"VIIRS","confidence":"n","version":2,"bright_ti5":296.48,"frp":4.52,"daynight":"N","type":1},"geometry":{"type":"Point","coordinates":[105.41958,-6.10451]}},
{"type":"Feature","properties":{"latitude":-6.10355,"longitude":105.42455,"bright_ti4":335.81,"scan":0.51,"track":0.49,"acq_date":"2022-05-19","acq_time":654,"satellite":"N","instrument":"VIIRS","confidence":"n","version":2,"bright_ti5":300.42,"frp":8.4,"daynight":"D","type":1},"geometry":{"type":"Point","coordinates":[105.42455,-6.10355]}},
{"type":"Feature","properties":{"latitude":-6.10432,"longitude":105.41998,"bright_ti4":328.16,"scan":0.51,"track":0.49,"acq_date":"2022-05-19","acq_time":654,"satellite":"N","instrument":"VIIRS","confidence":"l","version":2,"bright_ti5":300.47,"frp":9.8,"daynight":"D","type":1},"geometry":{"type":"Point","coordinates":[105.41998,-6.10432]}},
{"type":"Feature","properties":{"latitude":-6.09897,"longitude":105.42393,"bright_ti4":332.5,"scan":0.51,"track":0.49,"acq_date":"2022-05-19","acq_time":654,"satellite":"N","instrument":"VIIRS","confidence":"n","version":2,"bright_ti5":299.34,"frp":8.4,"daynight":"D","type":1},"geometry":{"type":"Point","coordinates":[105.42393,-6.09897]}},
{"type":"Feature","properties":{"latitude":-6.10124,"longitude":105.42327,"bright_ti4":328.78,"scan":0.37,"track":0.58,"acq_date":"2022-06-02","acq_time":551,"satellite":"N","instrument":"VIIRS","confidence":"n","version":2,"bright_ti5":292.88,"frp":8.95,"daynight":"D","type":1},"geometry":{"type":"Point","coordinates":[105.42327,-6.10124]}},
{"type":"Feature","properties":{"latitude":-6.106,"longitude":105.42381,"bright_ti4":296.33,"scan":0.51,"track":0.41,"acq_date":"2022-06-02","acq_time":1835,"satellite":"N","instrument":"VIIRS","confidence":"n","version":2,"bright_ti5":269.41,"frp":3.97,"daynight":"N","type":1},"geometry":{"type":"Point","coordinates":[105.42381,-6.106]}},
{"type":"Feature","properties":{"latitude":-6.1053,"longitude":105.41917,"bright_ti4":298.25,"scan":0.51,"track":0.41,"acq_date":"2022-06-02","acq_time":1835,"satellite":"N","instrument":"VIIRS","confidence":"n","version":2,"bright_ti5":269.98,"frp":4.43,"daynight":"N","type":1},"geometry":{"type":"Point","coordinates":[105.41917,-6.1053]}},
{"type":"Feature","properties":{"latitude":-6.1022,"longitude":105.42431,"bright_ti4":307.22,"scan":0.51,"track":0.41,"acq_date":"2022-06-02","acq_time":1835,"satellite":"N","instrument":"VIIRS","confidence":"n","version":2,"bright_ti5":270.9,"frp":4.03,"daynight":"N","type":1},"geometry":{"type":"Point","coordinates":[105.42431,-6.1022]}},
{"type":"Feature","properties":{"latitude":-6.10152,"longitude":105.41974,"bright_ti4":300.59,"scan":0.51,"track":0.41,"acq_date":"2022-06-02","acq_time":1835,"satellite":"N","instrument":"VIIRS","confidence":"n","version":2,"bright_ti5":269.42,"frp":3.96,"daynight":"N","type":1},"geometry":{"type":"Point","coordinates":[105.41974,-6.10152]}},
{"type":"Feature","properties":{"latitude":-6.10321,"longitude":105.42143,"bright_ti4":314.78,"scan":0.39,"track":0.36,"acq_date":"2022-06-03","acq_time":1816,"satellite":"N","instrument":"VIIRS","confidence":"n","version":2,"bright_ti5":279.57,"frp":1.87,"daynight":"N","type":1},"geometry":{"type":"Point","coordinates":[105.42143,-6.10321]}},
{"type":"Feature","properties":{"latitude":-6.10655,"longitude":105.42088,"bright_ti4":302.68,"scan":0.39,"track":0.36,"acq_date":"2022-06-03","acq_time":1816,"satellite":"N","instrument":"VIIRS","confidence":"n","version":2,"bright_ti5":278.38,"frp":1.23,"daynight":"N","type":1},"geometry":{"type":"Point","coordinates":[105.42088,-6.10655]}},
{"type":"Feature","properties":{"latitude":-6.10566,"longitude":105.41961,"bright_ti4":305.66,"scan":0.42,"track":0.45,"acq_date":"2022-06-04","acq_time":1757,"satellite":"N","instrument":"VIIRS","confidence":"n","version":2,"bright_ti5":284.1,"frp":3.8,"daynight":"N","type":1},"geometry":{"type":"Point","coordinates":[105.41961,-6.10566]}},
{"type":"Feature","properties":{"latitude":-6.1063,"longitude":105.42335,"bright_ti4":306.1,"scan":0.42,"track":0.45,"acq_date":"2022-06-04","acq_time":1757,"satellite":"N","instrument":"VIIRS","confidence":"n","version":2,"bright_ti5":282.82,"frp":0.99,"daynight":"N","type":1},"geometry":{"type":"Point","coordinates":[105.42335,-6.1063]}},
{"type":"Feature","properties":{"latitude":-6.10213,"longitude":105.42414,"bright_ti4":307.1,"scan":0.42,"track":0.45,"acq_date":"2022-06-04","acq_time":1757,"satellite":"N","instrument":"VIIRS","confidence":"n","version":2,"bright_ti5":284.54,"frp":0.99,"daynight":"N","type":1},"geometry":{"type":"Point","coordinates":[105.42414,-6.10213]}},
{"type":"Feature","properties":{"latitude":-6.10277,"longitude":105.42275,"bright_ti4":346.45,"scan":0.42,"track":0.37,"acq_date":"2022-06-05","acq_time":635,"satellite":"N","instrument":"VIIRS","confidence":"n","version":2,"bright_ti5":306.22,"frp":12.93,"daynight":"D","type":1},"geometry":{"type":"Point","coordinates":[105.42275,-6.10277]}},
{"type":"Feature","properties":{"latitude":-6.10202,"longitude":105.42502,"bright_ti4":337.21,"scan":0.44,"track":0.39,"acq_date":"2022-06-06","acq_time":616,"satellite":"N","instrument":"VIIRS","confidence":"n","version":2,"bright_ti5":298.2,"frp":11.78,"daynight":"D","type":1},"geometry":{"type":"Point","coordinates":[105.42502,-6.10202]}},
{"type":"Feature","properties":{"latitude":-6.1012,"longitude":105.42432,"bright_ti4":336.93,"scan":0.44,"track":0.39,"acq_date":"2022-06-06","acq_time":616,"satellite":"N","instrument":"VIIRS","confidence":"n","version":2,"bright_ti5":297.79,"frp":12.27,"daynight":"D","type":1},"geometry":{"type":"Point","coordinates":[105.42432,-6.1012]}},
{"type":"Feature","properties":{"latitude":-6.10186,"longitude":105.42377,"bright_ti4":313.76,"scan":0.42,"track":0.45,"acq_date":"2022-06-07","acq_time":1841,"satellite":"N","instrument":"VIIRS","confidence":"n","version":2,"bright_ti5":266.91,"frp":1.45,"daynight":"N","type":1},"geometry":{"type":"Point","coordinates":[105.42377,-6.10186]}},
{"type":"Feature","properties":{"latitude":-6.10438,"longitude":105.42475,"bright_ti4":338.09,"scan":0.49,"track":0.4,"acq_date":"2022-06-10","acq_time":641,"satellite":"N","instrument":"VIIRS","confidence":"n","version":2,"bright_ti5":300.44,"frp":7.93,"daynight":"D","type":1},"geometry":{"type":"Point","coordinates":[105.42475,-6.10438]}},
{"type":"Feature","properties":{"latitude":-6.10065,"longitude":105.42422,"bright_ti4":342.39,"scan":0.49,"track":0.4,"acq_date":"2022-06-10","acq_time":641,"satellite":"N","instrument":"VIIRS","confidence":"n","version":2,"bright_ti5":298.22,"frp":7.43,"daynight":"D","type":1},"geometry":{"type":"Point","coordinates":[105.42422,-6.10065]}},
{"type":"Feature","properties":{"latitude":-6.10534,"longitude":105.42304,"bright_ti4":322.28,"scan":0.43,"track":0.38,"acq_date":"2022-06-14","acq_time":1810,"satellite":"N","instrument":"VIIRS","confidence":"n","version":2,"bright_ti5":292.93,"frp":3.4,"daynight":"N","type":1},"geometry":{"type":"Point","coordinates":[105.42304,-6.10534]}},
{"type":"Feature","properties":{"latitude":-6.10185,"longitude":105.42358,"bright_ti4":319.6,"scan":0.43,"track":0.38,"acq_date":"2022-06-14","acq_time":1810,"satellite":"N","instrument":"VIIRS","confidence":"n","version":2,"bright_ti5":294.72,"frp":3.4,"daynight":"N","type":1},"geometry":{"type":"Point","coordinates":[105.42358,-6.10185]}},
{"type":"Feature","properties":{"latitude":-6.10465,"longitude":105.42216,"bright_ti4":327.91,"scan":0.43,"track":0.38,"acq_date":"2022-06-14","acq_time":1810,"satellite":"N","instrument":"VIIRS","confidence":"n","version":2,"bright_ti5":294.82,"frp":3.12,"daynight":"N","type":1},"geometry":{"type":"Point","coordinates":[105.42216,-6.10465]}},
{"type":"Feature","properties":{"latitude":-6.10116,"longitude":105.42271,"bright_ti4":314.74,"scan":0.43,"track":0.38,"acq_date":"2022-06-14","acq_time":1810,"satellite":"N","instrument":"VIIRS","confidence":"n","version":2,"bright_ti5":294.04,"frp":3.12,"daynight":"N","type":1},"geometry":{"type":"Point","coordinates":[105.42271,-6.10116]}},
{"type":"Feature","properties":{"latitude":-6.10225,"longitude":105.41889,"bright_ti4":320.74,"scan":0.53,"track":0.5,"acq_date":"2022-06-15","acq_time":1751,"satellite":"N","instrument":"VIIRS","confidence":"n","version":2,"bright_ti5":283.11,"frp":15.09,"daynight":"N","type":1},"geometry":{"type":"Point","coordinates":[105.41889,-6.10225]}},
{"type":"Feature","properties":{"latitude":-6.10309,"longitude":105.42378,"bright_ti4":338.62,"scan":0.53,"track":0.5,"acq_date":"2022-06-15","acq_time":1751,"satellite":"N","instrument":"VIIRS","confidence":"n","version":2,"bright_ti5":288.4,"frp":17.57,"daynight":"N","type":1},"geometry":{"type":"Point","coordinates":[105.42378,-6.10309]}},
{"type":"Feature","properties":{"latitude":-6.10355,"longitude":105.41934,"bright_ti4":316.41,"scan":0.35,"track":0.56,"acq_date":"2022-06-17","acq_time":1854,"satellite":"N","instrument":"VIIRS","confidence":"n","version":2,"bright_ti5":287.52,"frp":5.29,"daynight":"N","type":1},"geometry":{"type":"Point","coordinates":[105.41934,-6.10355]}},
{"type":"Feature","properties":{"latitude":-6.10399,"longitude":105.42239,"bright_ti4":367.0,"scan":0.35,"track":0.56,"acq_date":"2022-06-17","acq_time":1854,"satellite":"N","instrument":"VIIRS","confidence":"h","version":2,"bright_ti5":291.76,"frp":5.29,"daynight":"N","type":1},"geometry":{"type":"Point","coordinates":[105.42239,-6.10399]}},
{"type":"Feature","properties":{"latitude":-6.10445,"longitude":105.42564,"bright_ti4":307.44,"scan":0.35,"track":0.56,"acq_date":"2022-06-17","acq_time":1854,"satellite":"N","instrument":"VIIRS","confidence":"n","version":2,"bright_ti5":286.44,"frp":4.41,"daynight":"N","type":1},"geometry":{"type":"Point","coordinates":[105.42564,-6.10445]}},
{"type":"Feature","properties":{"latitude":-6.09878,"longitude":105.42332,"bright_ti4":318.33,"scan":0.35,"track":0.56,"acq_date":"2022-06-17","acq_time":1854,"satellite":"N","instrument":"VIIRS","confidence":"n","version":2,"bright_ti5":288.58,"frp":5.29,"daynight":"N","type":1},"geometry":{"type":"Point","coordinates":[105.42332,-6.09878]}},
{"type":"Feature","properties":{"latitude":-6.10346,"longitude":105.42335,"bright_ti4":341.2,"scan":0.51,"track":0.41,"acq_date":"2022-06-18","acq_time":1835,"satellite":"N","instrument":"VIIRS","confidence":"n","version":2,"bright_ti5":293.64,"frp":13.53,"daynight":"N","type":1},"geometry":{"type":"Point","coordinates":[105.42335,-6.10346]}},
{"type":"Feature","properties":{"latitude":-6.10396,"longitude":105.42377,"bright_ti4":338.97,"scan":0.42,"track":0.38,"acq_date":"2022-06-21","acq_time":635,"satellite":"N","instrument":"VIIRS","confidence":"n","version":2,"bright_ti5":281.74,"frp":5.79,"daynight":"D","type":1},"geometry":{"type":"Point","coordinates":[105.42377,-6.10396]}},
{"type":"Feature","properties":{"latitude":-6.1005,"longitude":105.42326,"bright_ti4":332.01,"scan":0.42,"track":0.38,"acq_date":"2022-06-21","acq_time":635,"satellite":"N","instrument":"VIIRS","confidence":"n","version":2,"bright_ti5":283.54,"frp":7.58,"daynight":"D","type":1},"geometry":{"type":"Point","coordinates":[105.42326,-6.1005]}},
{"type":"Feature","properties":{"latitude":-6.10028,"longitude":105.42079,"bright_ti4":314.25,"scan":0.43,"track":0.62,"acq_date":"2022-06-21","acq_time":1739,"satellite":"N","instrument":"VIIRS","confidence":"n","version":2,"bright_ti5":285.25,"frp":4.53,"daynight":"N","type":1},"geometry":{"type":"Point","coordinates":[105.42079,-6.10028]}},
{"type":"Feature","properties":{"latitude":-6.10257,"longitude":105.42246,"bright_ti4":345.01,"scan":0.44,"track":0.38,"acq_date":"2022-06-22","acq_time":616,"satellite":"N","instrument":"VIIRS","confidence":"n","version":2,"bright_ti5":302.15,"frp":15.07,"daynight":"D","type":1},"geometry":{"type":"Point","coordinates":[105.42246,-6.10257]}},
{"type":"Feature","properties":{"latitude":-6.10344,"longitude":105.42514,"bright_ti4":332.26,"scan":0.49,"track":0.4,"acq_date":"2022-06-26","acq_time":641,"satellite":"N","instrument":"VIIRS","confidence":"n","version":2,"bright_ti5":276.84,"frp":6.07,"daynight":"D","type":1},"geometry":{"type":"Point","coordinates":[105.42514,-6.10344]}},
{"type":"Feature","properties":{"latitude":-6.10439,"longitude":105.42499,"bright_ti4":367.0,"scan":0.46,"track":0.64,"acq_date":"2022-06-29","acq_time":545,"satellite":"N","instrument":"VIIRS","confidence":"h","version":2,"bright_ti5":297.87,"frp":23.77,"daynight":"D","type":1},"geometry":{"type":"Point","coordinates":[105.42499,-6.10439]}},
{"type":"Feature","properties":{"latitude":-6.10263,"longitude":105.42215,"bright_ti4":343.85,"scan":0.43,"track":0.38,"acq_date":"2022-06-29","acq_time":1829,"satellite":"N","instrument":"VIIRS","confidence":"n","version":2,"bright_ti5":308.84,"frp":12.24,"daynight":"N","type":1},"geometry":{"type":"Point","coordinates":[105.42215,-6.10263]}},
{"type":"Feature","properties":{"latitude":-6.10365,"longitude":105.42182,"bright_ti4":353.64,"scan":0.42,"track":0.61,"acq_date":"2022-06-30","acq_time":707,"satellite":"N","instrument":"VIIRS","confidence":"n","version":2,"bright_ti5":304.11,"frp":13.24,"daynight":"D","type":1},"geometry":{"type":"Point","coordinates":[105.42182,-6.10365]}},
{"type":"Feature","properties":{"latitude":-6.10296,"longitude":105.42592,"bright_ti4":334.31,"scan":0.42,"track":0.61,"acq_date":"2022-06-30","acq_time":707,"satellite":"N","instrument":"VIIRS","confidence":"n","version":2,"bright_ti5":300.2,"frp":13.36,"daynight":"D","type":1},"geometry":{"type":"Point","coordinates":[105.42592,-6.10296]}},
{"type":"Feature","properties":{"latitude":-6.10004,"longitude":105.42376,"bright_ti4":350.97,"scan":0.42,"track":0.61,"acq_date":"2022-06-30","acq_time":707,"satellite":"N","instrument":"VIIRS","confidence":"n","version":2,"bright_ti5":302.27,"frp":7.68,"daynight":"D","type":1},"geometry":{"type":"Point","coordinates":[105.42376,-6.10004]}},
{"type":"Feature","properties":{"latitude":-6.10569,"longitude":105.42482,"bright_ti4":336.41,"scan":0.42,"track":0.61,"acq_date":"2022-06-30","acq_time":707,"satellite":"N","instrument":"VIIRS","confidence":"n","version":2,"bright_ti5":302.19,"frp":7.68,"daynight":"D","type":1},"geometry":{"type":"Point","coordinates":[105.42482,-6.10569]}},
{"type":"Feature","properties":{"latitude":-6.10171,"longitude":105.42236,"bright_ti4":343.2,"scan":0.41,"track":0.45,"acq_date":"2022-07-01","acq_time":648,"satellite":"N","instrument":"VIIRS","confidence":"n","version":2,"bright_ti5":290.18,"frp":5.02,"daynight":"D","type":1},"geometry":{"type":"Point","coordinates":[105.42236,-6.10171]}},
{"type":"Feature","properties":{"latitude":-6.10236,"longitude":105.42444,"bright_ti4":339.68,"scan":0.52,"track":0.42,"acq_date":"2022-07-03","acq_time":610,"satellite":"N","instrument":"VIIRS","confidence":"n","version":2,"bright_ti5":288.82,"frp":9.52,"daynight":"D","type":1},"geometry":{"type":"Point","coordinates":[105.42444,-6.10236]}},
{"type":"Feature","properties":{"latitude":-6.10473,"longitude":105.42403,"bright_ti4":342.83,"scan":0.36,"track":0.57,"acq_date":"2022-07-04","acq_time":551,"satellite":"N","instrument":"VIIRS","confidence":"n","version":2,"bright_ti5":274.67,"frp":4.56,"daynight":"D","type":1},"geometry":{"type":"Point","coordinates":[105.42403,-6.10473]}},
{"type":"Feature","properties":{"latitude":-6.09943,"longitude":105.42317,"bright_ti4":325.96,"scan":0.36,"track":0.57,"acq_date":"2022-07-04","acq_time":551,"satellite":"N","instrument":"VIIRS","confidence":"n","version":2,"bright_ti5":270.63,"frp":4.56,"daynight":"D","type":1},"geometry":{"type":"Point","coordinates":[105.42317,-6.09943]}},
{"type":"Feature","properties":{"latitude":-6.10156,"longitude":105.42348,"bright_ti4":342.38,"scan":0.52,"track":0.41,"acq_date":"2022-07-04","acq_time":1835,"satellite":"N","instrument":"VIIRS","confidence":"n","version":2,"bright_ti5":293.99,"frp":8.96,"daynight":"N","type":1},"geometry":{"type":"Point","coordinates":[105.42348,-6.10156]}},
{"type":"Feature","properties":{"latitude":-6.10537,"longitude":105.42289,"bright_ti4":320.0,"scan":0.52,"track":0.41,"acq_date":"2022-07-04","acq_time":1835,"satellite":"N","instrument":"VIIRS","confidence":"n","version":2,"bright_ti5":290.04,"frp":8.96,"daynight":"N","type":1},"geometry":{"type":"Point","coordinates":[105.42289,-6.10537]}},
{"type":"Feature","properties":{"latitude":-6.10217,"longitude":105.42307,"bright_ti4":344.42,"scan":0.41,"track":0.45,"acq_date":"2022-07-06","acq_time":1758,"satellite":"N","instrument":"VIIRS","confidence":"n","version":2,"bright_ti5":293.76,"frp":9.48,"daynight":"N","type":1},"geometry":{"type":"Point","coordinates":[105.42307,-6.10217]}},
{"type":"Feature","properties":{"latitude":-6.10154,"longitude":105.41927,"bright_ti4":311.0,"scan":0.41,"track":0.45,"acq_date":"2022-07-06","acq_time":1758,"satellite":"N","instrument":"VIIRS","confidence":"n","version":2,"bright_ti5":288.39,"frp":9.48,"daynight":"N","type":1},"geometry":{"type":"Point","coordinates":[105.41927,-6.10154]}},
{"type":"Feature","properties":{"latitude":-6.103,"longitude":105.42074,"bright_ti4":325.19,"scan":0.43,"track":0.62,"acq_date":"2022-07-07","acq_time":1739,"satellite":"N","instrument":"VIIRS","confidence":"n","version":2,"bright_ti5":294.77,"frp":4.69,"daynight":"N","type":1},"geometry":{"type":"Point","coordinates":[105.42074,-6.103]}},
{"type":"Feature","properties":{"latitude":-6.10329,"longitude":105.42119,"bright_ti4":340.56,"scan":0.44,"track":0.38,"acq_date":"2022-07-08","acq_time":617,"satellite":"N","instrument":"VIIRS","confidence":"n","version":2,"bright_ti5":309.71,"frp":11.3,"daynight":"D","type":1},"geometry":{"type":"Point","coordinates":[105.42119,-6.10329]}},
{"type":"Feature","properties":{"latitude":-6.1027,"longitude":105.4251,"bright_ti4":339.48,"scan":0.44,"track":0.38,"acq_date":"2022-07-08","acq_time":617,"satellite":"N","instrument":"VIIRS","confidence":"l","version":2,"bright_ti5":311.37,"frp":11.3,"daynight":"D","type":1},"geometry":{"type":"Point","coordinates":[105.4251,-6.1027]}},
{"type":"Feature","properties":{"latitude":-6.10158,"longitude":105.41987,"bright_ti4":308.36,"scan":0.45,"track":0.63,"acq_date":"2022-07-08","acq_time":1901,"satellite":"N","instrument":"VIIRS","confidence":"n","version":2,"bright_ti5":292.1,"frp":4.16,"daynight":"N","type":1},"geometry":{"type":"Point","coordinates":[105.41987,-6.10158]}},
{"type":"Feature","properties":{"latitude":-6.10036,"longitude":105.42241,"bright_ti4":324.61,"scan":0.45,"track":0.63,"acq_date":"2022-07-08","acq_time":1901,"satellite":"N","instrument":"VIIRS","confidence":"n","version":2,"bright_ti5":293.01,"frp":4.2,"daynight":"N","type":1},"geometry":{"type":"Point","coordinates":[105.42241,-6.10036]}},
{"type":"Feature","properties":{"latitude":-6.10305,"longitude":105.42297,"bright_ti4":345.05,"scan":0.43,"track":0.46,"acq_date":"2022-07-09","acq_time":1842,"satellite":"N","instrument":"VIIRS","confidence":"n","version":2,"bright_ti5":301.51,"frp":13.09,"daynight":"N","type":1},"geometry":{"type":"Point","coordinates":[105.42297,-6.10305]}},
{"type":"Feature","properties":{"latitude":-6.10249,"longitude":105.41913,"bright_ti4":310.2,"scan":0.43,"track":0.46,"acq_date":"2022-07-09","acq_time":1842,"satellite":"N","instrument":"VIIRS","confidence":"n","version":2,"bright_ti5":293.86,"frp":13.09,"daynight":"N","type":1},"geometry":{"type":"Point","coordinates":[105.41913,-6.10249]}},
{"type":"Feature","properties":{"latitude":-6.10272,"longitude":105.42496,"bright_ti4":367.0,"scan":0.58,"track":0.7,"acq_date":"2022-07-10","acq_time":539,"satellite":"N","instrument":"VIIRS","confidence":"h","version":2,"bright_ti5":291.78,"frp":14.3,"daynight":"D","type":1},"geometry":{"type":"Point","coordinates":[105.42496,-6.10272]}},
{"type":"Feature","properties":{"latitude":-6.10345,"longitude":105.41971,"bright_ti4":341.04,"scan":0.58,"track":0.7,"acq_date":"2022-07-10","acq_time":539,"satellite":"N","instrument":"VIIRS","confidence":"n","version":2,"bright_ti5":289.89,"frp":14.3,"daynight":"D","type":1},"geometry":{"type":"Point","coordinates":[105.41971,-6.10345]}},
{"type":"Feature","properties":{"latitude":-6.10342,"longitude":105.42608,"bright_ti4":348.13,"scan":0.69,"track":0.74,"acq_date":"2022-07-10","acq_time":719,"satellite":"N","instrument":"VIIRS","confidence":"n","version":2,"bright_ti5":288.49,"frp":20.38,"daynight":"D","type":1},"geometry":{"type":"Point","coordinates":[105.42608,-6.10342]}},
{"type":"Feature","properties":{"latitude":-6.1025,"longitude":105.42692,"bright_ti4":351.37,"scan":0.68,"track":0.74,"acq_date":"2022-07-10","acq_time":719,"satellite":"N","instrument":"VIIRS","confidence":"n","version":2,"bright_ti5":288.88,"frp":14.69,"daynight":"D","type":1},"geometry":{"type":"Point","coordinates":[105.42692,-6.1025]}},
{"type":"Feature","properties":{"latitude":-6.10092,"longitude":105.42129,"bright_ti4":333.03,"scan":0.39,"track":0.36,"acq_date":"2022-07-10","acq_time":1823,"satellite":"N","instrument":"VIIRS","confidence":"n","version":2,"bright_ti5":289.63,"frp":3.71,"daynight":"N","type":1},"geometry":{"type":"Point","coordinates":[105.42129,-6.10092]}},
{"type":"Feature","properties":{"latitude":-6.10286,"longitude":105.42055,"bright_ti4":333.45,"scan":0.39,"track":0.36,"acq_date":"2022-07-10","acq_time":1823,"satellite":"N","instrument":"VIIRS","confidence":"n","version":2,"bright_ti5":292.63,"frp":7.82,"daynight":"N","type":1},"geometry":{"type":"Point","coordinates":[105.42055,-6.10286]}},
{"type":"Feature","properties":{"latitude":-6.10341,"longitude":105.42409,"bright_ti4":314.31,"scan":0.39,"track":0.36,"acq_date":"2022-07-10","acq_time":1823,"satellite":"N","instrument":"VIIRS","confidence":"n","version":2,"bright_ti5":294.64,"frp":6.27,"daynight":"N","type":1},"geometry":{"type":"Point","coordinates":[105.42409,-6.10341]}},
{"type":"Feature","properties":{"latitude":-6.10676,"longitude":105.42358,"bright_ti4":310.29,"scan":0.39,"track":0.36,"acq_date":"2022-07-10","acq_time":1823,"satellite":"N","instrument":"VIIRS","confidence":"n","version":2,"bright_ti5":287.0,"frp":6.27,"daynight":"N","type":1},"geometry":{"type":"Point","coordinates":[105.42358,-6.10676]}},
{"type":"Feature","properties":{"latitude":-6.10621,"longitude":105.42006,"bright_ti4":308.14,"scan":0.39,"track":0.36,"acq_date":"2022-07-10","acq_time":1823,"satellite":"N","instrument":"VIIRS","confidence":"n","version":2,"bright_ti5":288.8,"frp":7.82,"daynight":"N","type":1},"geometry":{"type":"Point","coordinates":[105.42006,-6.10621]}},
{"type":"Feature","properties":{"latitude":-6.10162,"longitude":105.42626,"bright_ti4":331.36,"scan":0.33,"track":0.55,"acq_date":"2022-07-11","acq_time":701,"satellite":"N","instrument":"VIIRS","confidence":"n","version":2,"bright_ti5":287.95,"frp":10.6,"daynight":"D","type":1},"geometry":{"type":"Point","coordinates":[105.42626,-6.10162]}},
{"type":"Feature","properties":{"latitude":-6.10217,"longitude":105.4231,"bright_ti4":367.0,"scan":0.33,"track":0.55,"acq_date":"2022-07-11","acq_time":701,"satellite":"N","instrument":"VIIRS","confidence":"h","version":2,"bright_ti5":293.37,"frp":10.6,"daynight":"D","type":1},"geometry":{"type":"Point","coordinates":[105.4231,-6.10217]}},
{"type":"Feature","properties":{"latitude":-6.10141,"longitude":105.42033,"bright_ti4":308.57,"scan":0.5,"track":0.41,"acq_date":"2022-07-11","acq_time":1804,"satellite":"N","instrument":"VIIRS","confidence":"n","version":2,"bright_ti5":274.96,"frp":2.56,"daynight":"N","type":1},"geometry":{"type":"Point","coordinates":[105.42033,-6.10141]}},
{"type":"Feature","properties":{"latitude":-6.10204,"longitude":105.42412,"bright_ti4":349.72,"scan":0.5,"track":0.41,"acq_date":"2022-07-12","acq_time":642,"satellite":"N","instrument":"VIIRS","confidence":"n","version":2,"bright_ti5":302.67,"frp":8.32,"daynight":"D","type":1},"geometry":{"type":"Point","coordinates":[105.42412,-6.10204]}},
{"type":"Feature","properties":{"latitude":-6.09756,"longitude":105.4282,"bright_ti4":327.24,"scan":0.5,"track":0.41,"acq_date":"2022-07-12","acq_time":642,"satellite":"N","instrument":"VIIRS","confidence":"l","version":2,"bright_ti5":300.52,"frp":8.32,"daynight":"D","type":1},"geometry":{"type":"Point","coordinates":[105.4282,-6.09756]}},
{"type":"Feature","properties":{"latitude":-6.09829,"longitude":105.42361,"bright_ti4":327.17,"scan":0.5,"track":0.41,"acq_date":"2022-07-12","acq_time":642,"satellite":"N","instrument":"VIIRS","confidence":"l","version":2,"bright_ti5":300.1,"frp":8.32,"daynight":"D","type":1},"geometry":{"type":"Point","coordinates":[105.42361,-6.09829]}},
{"type":"Feature","properties":{"latitude":-6.10367,"longitude":105.42062,"bright_ti4":300.53,"scan":0.33,"track":0.56,"acq_date":"2022-07-12","acq_time":1745,"satellite":"N","instrument":"VIIRS","confidence":"n","version":2,"bright_ti5":266.71,"frp":2.14,"daynight":"N","type":1},"geometry":{"type":"Point","coordinates":[105.42062,-6.10367]}},
{"type":"Feature","properties":{"latitude":-6.09966,"longitude":105.42059,"bright_ti4":310.64,"scan":0.55,"track":0.51,"acq_date":"2022-07-14","acq_time":1848,"satellite":"N","instrument":"VIIRS","confidence":"n","version":2,"bright_ti5":290.86,"frp":4.33,"daynight":"N","type":1},"geometry":{"type":"Point","coordinates":[105.42059,-6.09966]}},
{"type":"Feature","properties":{"latitude":-6.10438,"longitude":105.41988,"bright_ti4":308.15,"scan":0.55,"track":0.51,"acq_date":"2022-07-14","acq_time":1848,"satellite":"N","instrument":"VIIRS","confidence":"n","version":2,"bright_ti5":290.56,"frp":4.86,"daynight":"N","type":1},"geometry":{"type":"Point","coordinates":[105.41988,-6.10438]}},
{"type":"Feature","properties":{"latitude":-6.10573,"longitude":105.42276,"bright_ti4":313.77,"scan":0.54,"track":0.68,"acq_date":"2022-07-18","acq_time":1733,"satellite":"N","instrument":"VIIRS","confidence":"n","version":2,"bright_ti5":275.68,"frp":2.62,"daynight":"N","type":1},"geometry":{"type":"Point","coordinates":[105.42276,-6.10573]}},
{"type":"Feature","properties":{"latitude":-6.10337,"longitude":105.42414,"bright_ti4":311.81,"scan":0.54,"track":0.68,"acq_date":"2022-07-18","acq_time":1733,"satellite":"N","instrument":"VIIRS","confidence":"n","version":2,"bright_ti5":275.38,"frp":7.39,"daynight":"N","type":1},"geometry":{"type":"Point","coordinates":[105.42414,-6.10337]}},
{"type":"Feature","properties":{"latitude":-6.10243,"longitude":105.41889,"bright_ti4":337.48,"scan":0.54,"track":0.68,"acq_date":"2022-07-18","acq_time":1733,"satellite":"N","instrument":"VIIRS","confidence":"n","version":2,"bright_ti5":275.14,"frp":10.72,"daynight":"N","type":1},"geometry":{"type":"Point","coordinates":[105.41889,-6.10243]}},
{"type":"Feature","properties":{"latitude":-6.1036,"longitude":105.42164,"bright_ti4":334.71,"scan":0.52,"track":0.42,"acq_date":"2022-07-19","acq_time":610,"satellite":"N","instrument":"VIIRS","confidence":"n","version":2,"bright_ti5":303.6,"frp":17.5,"daynight":"D","type":1},"geometry":{"type":"Point","coordinates":[105.42164,-6.1036]}},
{"type":"Feature","properties":{"latitude":-6.10426,"longitude":105.42394,"bright_ti4":367.0,"scan":0.35,"track":0.57,"acq_date":"2022-07-20","acq_time":552,"satellite":"N","instrument":"VIIRS","confidence":"h","version":2,"bright_ti5":295.15,"frp":15.82,"daynight":"D","type":1},"geometry":{"type":"Point","coordinates":[105.42394,-6.10426]}},
{"type":"Feature","properties":{"latitude":-6.10301,"longitude":105.42441,"bright_ti4":331.56,"scan":0.52,"track":0.41,"acq_date":"2022-07-20","acq_time":1836,"satellite":"N","instrument":"VIIRS","confidence":"n","version":2,"bright_ti5":294.89,"frp":5.57,"daynight":"N","type":1},"geometry":{"type":"Point","coordinates":[105.42441,-6.10301]}},
{"type":"Feature","properties":{"latitude":-6.10231,"longitude":105.41972,"bright_ti4":332.59,"scan":0.52,"track":0.41,"acq_date":"2022-07-20","acq_time":1836,"satellite":"N","instrument":"VIIRS","confidence":"n","version":2,"bright_ti5":295.81,"frp":5.57,"daynight":"N","type":1},"geometry":{"type":"Point","coordinates":[105.41972,-6.10231]}},
{"type":"Feature","properties":{"latitude":-6.09981,"longitude":105.42446,"bright_ti4":367.0,"scan":0.54,"track":0.68,"acq_date":"2022-07-21","acq_time":713,"satellite":"N","instrument":"VIIRS","confidence":"h","version":2,"bright_ti5":294.18,"frp":21.72,"daynight":"D","type":1},"geometry":{"type":"Point","coordinates":[105.42446,-6.09981]}},
{"type":"Feature","properties":{"latitude":-6.1007,"longitude":105.42404,"bright_ti4":324.49,"scan":0.39,"track":0.36,"acq_date":"2022-07-21","acq_time":1817,"satellite":"N","instrument":"VIIRS","confidence":"n","version":2,"bright_ti5":283.04,"frp":1.61,"daynight":"N","type":1},"geometry":{"type":"Point","coordinates":[105.42404,-6.1007]}},
{"type":"Feature","properties":{"latitude":-6.10015,"longitude":105.42056,"bright_ti4":316.76,"scan":0.39,"track":0.36,"acq_date":"2022-07-21","acq_time":1817,"satellite":"N","instrument":"VIIRS","confidence":"n","version":2,"bright_ti5":282.52,"frp":1.66,"daynight":"N","type":1},"geometry":{"type":"Point","coordinates":[105.42056,-6.10015]}},
{"type":"Feature","properties":{"latitude":-6.10265,"longitude":105.4202,"bright_ti4":334.2,"scan":0.39,"track":0.36,"acq_date":"2022-07-21","acq_time":1817,"satellite":"N","instrument":"VIIRS","confidence":"n","version":2,"bright_ti5":285.39,"frp":6.58,"daynight":"N","type":1},"geometry":{"type":"Point","coordinates":[105.4202,-6.10265]}},
{"type":"Feature","properties":{"latitude":-6.10598,"longitude":105.41967,"bright_ti4":304.79,"scan":0.39,"track":0.36,"acq_date":"2022-07-21","acq_time":1817,"satellite":"N","instrument":"VIIRS","confidence":"n","version":2,"bright_ti5":284.02,"frp":6.58,"daynight":"N","type":1},"geometry":{"type":"Point","coordinates":[105.41967,-6.10598]}},
{"type":"Feature","properties":{"latitude":-6.10347,"longitude":105.42104,"bright_ti4":344.53,"scan":0.41,"track":0.45,"acq_date":"2022-07-22","acq_time":1758,"satellite":"N","instrument":"VIIRS","confidence":"n","version":2,"bright_ti5":269.24,"frp":3.17,"daynight":"N","type":1},"geometry":{"type":"Point","coordinates":[105.42104,-6.10347]}},
{"type":"Feature","properties":{"latitude":-6.1041,"longitude":105.42475,"bright_ti4":310.66,"scan":0.41,"track":0.45,"acq_date":"2022-07-22","acq_time":1758,"satellite":"N","instrument":"VIIRS","confidence":"n","version":2,"bright_ti5":269.06,"frp":3.06,"daynight":"N","type":1},"geometry":{"type":"Point","coordinates":[105.42475,-6.1041]}},
{"type":"Feature","properties":{"latitude":-6.09933,"longitude":105.4217,"bright_ti4":302.09,"scan":0.41,"track":0.45,"acq_date":"2022-07-22","acq_time":1758,"satellite":"N","instrument":"VIIRS","confidence":"n","version":2,"bright_ti5":267.68,"frp":3.17,"daynight":"N","type":1},"geometry":{"type":"Point","coordinates":[105.4217,-6.09933]}},
{"type":"Feature","properties":{"latitude":-6.10142,"longitude":105.42235,"bright_ti4":344.3,"scan":0.42,"track":0.38,"acq_date":"2022-07-23","acq_time":636,"satellite":"N","instrument":"VIIRS","confidence":"n","version":2,"bright_ti5":295.43,"frp":10.22,"daynight":"D","type":1},"geometry":{"type":"Point","coordinates":[105.42235,-6.10142]}},
{"type":"Feature","properties":{"latitude":-6.10215,"longitude":105.42523,"bright_ti4":342.28,"scan":0.69,"track":0.75,"acq_date":"2022-08-11","acq_time":720,"satellite":"N","instrument":"VIIRS","confidence":"n","version":2,"bright_ti5":290.72,"frp":15.58,"daynight":"D","type":1},"geometry":{"type":"Point","coordinates":[105.42523,-6.10215]}},
{"type":"Feature","properties":{"latitude":-6.10168,"longitude":105.42134,"bright_ti4":341.97,"scan":0.39,"track":0.36,"acq_date":"2022-08-11","acq_time":1823,"satellite":"N","instrument":"VIIRS","confidence":"n","version":2,"bright_ti5":300.28,"frp":8.01,"daynight":"N","type":1},"geometry":{"type":"Point","coordinates":[105.42134,-6.10168]}},
{"type":"Feature","properties":{"latitude":-6.10504,"longitude":105.42082,"bright_ti4":324.02,"scan":0.39,"track":0.36,"acq_date":"2022-08-11","acq_time":1823,"satellite":"N","instrument":"VIIRS","confidence":"n","version":2,"bright_ti5":294.78,"frp":8.01,"daynight":"N","type":1},"geometry":{"type":"Point","coordinates":[105.42082,-6.10504]}},
{"type":"Feature","properties":{"latitude":-6.10559,"longitude":105.42437,"bright_ti4":306.36,"scan":0.39,"track":0.36,"acq_date":"2022-08-11","acq_time":1823,"satellite":"N","instrument":"VIIRS","confidence":"n","version":2,"bright_ti5":292.37,"frp":4.32,"daynight":"N","type":1},"geometry":{"type":"Point","coordinates":[105.42437,-6.10559]}},
{"type":"Feature","properties":{"latitude":-6.10463,"longitude":105.42523,"bright_ti4":332.71,"scan":0.34,"track":0.56,"acq_date":"2022-08-12","acq_time":701,"satellite":"N","instrument":"VIIRS","confidence":"n","version":2,"bright_ti5":292.07,"frp":6.57,"daynight":"D","type":1},"geometry":{"type":"Point","coordinates":[105.42523,-6.10463]}},
{"type":"Feature","properties":{"latitude":-6.10245,"longitude":105.42136,"bright_ti4":341.75,"scan":0.49,"track":0.41,"acq_date":"2022-08-12","acq_time":1805,"satellite":"N","instrument":"VIIRS","confidence":"n","version":2,"bright_ti5":292.36,"frp":10.25,"daynight":"N","type":1},"geometry":{"type":"Point","coordinates":[105.42136,-6.10245]}},
{"type":"Feature","properties":{"latitude":-6.1029,"longitude":105.42621,"bright_ti4":335.98,"scan":0.5,"track":0.41,"acq_date":"2022-08-13","acq_time":642,"satellite":"N","instrument":"VIIRS","confidence":"n","version":2,"bright_ti5":296.41,"frp":12.17,"daynight":"D","type":1},"geometry":{"type":"Point","coordinates":[105.42621,-6.1029]}},
{"type":"Feature","properties":{"latitude":-5.34683,"longitude":105.64542,"bright_ti4":335.2,"scan":0.53,"track":0.42,"acq_date":"2022-08-13","acq_time":642,"satellite":"N","instrument":"VIIRS","confidence":"n","version":2,"bright_ti5":297.29,"frp":6.06,"daynight":"D","type":0},"geometry":{"type":"Point","coordinates":[105.64542,-5.34683]}},
{"type":"Feature","properties":{"latitude":-5.33841,"longitude":105.67359,"bright_ti4":333.33,"scan":0.53,"track":0.42,"acq_date":"2022-08-13","acq_time":642,"satellite":"N","instrument":"VIIRS","confidence":"n","version":2,"bright_ti5":297.22,"frp":4.69,"daynight":"D","type":0},"geometry":{"type":"Point","coordinates":[105.67359,-5.33841]}},
{"type":"Feature","properties":{"latitude":-6.10442,"longitude":105.41959,"bright_ti4":314.67,"scan":0.33,"track":0.55,"acq_date":"2022-08-13","acq_time":1746,"satellite":"N","instrument":"VIIRS","confidence":"n","version":2,"bright_ti5":288.3,"frp":4.3,"daynight":"N","type":1},"geometry":{"type":"Point","coordinates":[105.41959,-6.10442]}},
{"type":"Feature","properties":{"latitude":-6.10281,"longitude":105.42172,"bright_ti4":317.44,"scan":0.33,"track":0.55,"acq_date":"2022-08-13","acq_time":1746,"satellite":"N","instrument":"VIIRS","confidence":"n","version":2,"bright_ti5":289.07,"frp":2.25,"daynight":"N","type":1},"geometry":{"type":"Point","coordinates":[105.42172,-6.10281]}},
{"type":"Feature","properties":{"latitude":-6.10225,"longitude":105.41843,"bright_ti4":306.55,"scan":0.33,"track":0.55,"acq_date":"2022-08-13","acq_time":1746,"satellite":"N","instrument":"VIIRS","confidence":"n","version":2,"bright_ti5":287.8,"frp":2.25,"daynight":"N","type":1},"geometry":{"type":"Point","coordinates":[105.41843,-6.10225]}},
{"type":"Feature","properties":{"latitude":-6.1017,"longitude":105.42455,"bright_ti4":352.39,"scan":0.41,"track":0.45,"acq_date":"2022-08-18","acq_time":649,"satellite":"N","instrument":"VIIRS","confidence":"n","version":2,"bright_ti5":302.74,"frp":21.12,"daynight":"D","type":1},"geometry":{"type":"Point","coordinates":[105.42455,-6.1017]}},
{"type":"Feature","properties":{"latitude":-6.10345,"longitude":105.41985,"bright_ti4":320.07,"scan":0.52,"track":0.5,"acq_date":"2022-08-18","acq_time":1752,"satellite":"N","instrument":"VIIRS","confidence":"n","version":2,"bright_ti5":292.46,"frp":5.38,"daynight":"N","type":1},"geometry":{"type":"Point","coordinates":[105.41985,-6.10345]}},
{"type":"Feature","properties":{"latitude":-6.10099,"longitude":105.42439,"bright_ti4":347.3,"scan":0.52,"track":0.41,"acq_date":"2022-08-20","acq_time":611,"satellite":"N","instrument":"VIIRS","confidence":"n","version":2,"bright_ti5":300.65,"frp":20.28,"daynight":"D","type":1},"geometry":{"type":"Point","coordinates":[105.42439,-6.10099]}},
{"type":"Feature","properties":{"latitude":-6.10356,"longitude":105.41943,"bright_ti4":318.96,"scan":0.36,"track":0.57,"acq_date":"2022-08-20","acq_time":1855,"satellite":"N","instrument":"VIIRS","confidence":"n","version":2,"bright_ti5":281.88,"frp":2.9,"daynight":"N","type":1},"geometry":{"type":"Point","coordinates":[105.41943,-6.10356]}},
{"type":"Feature","properties":{"latitude":-6.10399,"longitude":105.42258,"bright_ti4":347.32,"scan":0.36,"track":0.57,"acq_date":"2022-08-20","acq_time":1855,"satellite":"N","instrument":"VIIRS","confidence":"n","version":2,"bright_ti5":282.53,"frp":2.9,"daynight":"N","type":1},"geometry":{"type":"Point","coordinates":[105.42258,-6.10399]}},
{"type":"Feature","properties":{"latitude":-6.1047,"longitude":105.41906,"bright_ti4":306.49,"scan":0.36,"track":0.57,"acq_date":"2022-08-20","acq_time":1855,"satellite":"N","instrument":"VIIRS","confidence":"n","version":2,"bright_ti5":281.83,"frp":1.44,"daynight":"N","type":1},"geometry":{"type":"Point","coordinates":[105.41906,-6.1047]}},
{"type":"Feature","properties":{"latitude":-6.10515,"longitude":105.42215,"bright_ti4":329.24,"scan":0.36,"track":0.57,"acq_date":"2022-08-20","acq_time":1855,"satellite":"N","instrument":"VIIRS","confidence":"n","version":2,"bright_ti5":281.48,"frp":1.44,"daynight":"N","type":1},"geometry":{"type":"Point","coordinates":[105.42215,-6.10515]}},
{"type":"Feature","properties":{"latitude":-6.0994,"longitude":105.41988,"bright_ti4":311.65,"scan":0.36,"track":0.57,"acq_date":"2022-08-20","acq_time":1855,"satellite":"N","instrument":"VIIRS","confidence":"n","version":2,"bright_ti5":282.1,"frp":1.44,"daynight":"N","type":1},"geometry":{"type":"Point","coordinates":[105.41988,-6.0994]}},
{"type":"Feature","properties":{"latitude":-6.09987,"longitude":105.4231,"bright_ti4":332.42,"scan":0.36,"track":0.57,"acq_date":"2022-08-20","acq_time":1855,"satellite":"N","instrument":"VIIRS","confidence":"n","version":2,"bright_ti5":282.46,"frp":1.44,"daynight":"N","type":1},"geometry":{"type":"Point","coordinates":[105.4231,-6.09987]}},
{"type":"Feature","properties":{"latitude":-6.10388,"longitude":105.42386,"bright_ti4":328.72,"scan":0.39,"track":0.36,"acq_date":"2022-08-22","acq_time":1817,"satellite":"N","instrument":"VIIRS","confidence":"n","version":2,"bright_ti5":296.19,"frp":4.89,"daynight":"N","type":1},"geometry":{"type":"Point","coordinates":[105.42386,-6.10388]}},
{"type":"Feature","properties":{"latitude":-6.10333,"longitude":105.42038,"bright_ti4":331.64,"scan":0.39,"track":0.36,"acq_date":"2022-08-22","acq_time":1817,"satellite":"N","instrument":"VIIRS","confidence":"n","version":2,"bright_ti5":296.49,"frp":6.85,"daynight":"N","type":1},"geometry":{"type":"Point","coordinates":[105.42038,-6.10333]}},
{"type":"Feature","properties":{"latitude":-6.10054,"longitude":105.42439,"bright_ti4":311.51,"scan":0.39,"track":0.36,"acq_date":"2022-08-22","acq_time":1817,"satellite":"N","instrument":"VIIRS","confidence":"n","version":2,"bright_ti5":294.79,"frp":1.3,"daynight":"N","type":1},"geometry":{"type":"Point","coordinates":[105.42439,-6.10054]}},
{"type":"Feature","properties":{"latitude":-6.09999,"longitude":105.42091,"bright_ti4":313.91,"scan":0.39,"track":0.36,"acq_date":"2022-08-22","acq_time":1817,"satellite":"N","instrument":"VIIRS","confidence":"n","version":2,"bright_ti5":295.27,"frp":1.92,"daynight":"N","type":1},"geometry":{"type":"Point","coordinates":[105.42091,-6.09999]}},
{"type":"Feature","properties":{"latitude":-6.10311,"longitude":105.42175,"bright_ti4":344.35,"scan":0.41,"track":0.45,"acq_date":"2022-08-23","acq_time":1758,"satellite":"N","instrument":"VIIRS","confidence":"n","version":2,"bright_ti5":296.33,"frp":7.57,"daynight":"N","type":1},"geometry":{"type":"Point","coordinates":[105.42175,-6.10311]}},
{"type":"Feature","properties":{"latitude":-6.10227,"longitude":105.42028,"bright_ti4":328.65,"scan":0.42,"track":0.61,"acq_date":"2022-08-24","acq_time":1740,"satellite":"N","instrument":"VIIRS","confidence":"n","version":2,"bright_ti5":292.01,"frp":5.25,"daynight":"N","type":1},"geometry":{"type":"Point","coordinates":[105.42028,-6.10227]}},
{"type":"Feature","properties":{"latitude":-6.10142,"longitude":105.42354,"bright_ti4":348.75,"scan":0.43,"track":0.38,"acq_date":"2022-08-25","acq_time":617,"satellite":"N","instrument":"VIIRS","confidence":"n","version":2,"bright_ti5":312.18,"frp":20.41,"daynight":"D","type":1},"geometry":{"type":"Point","coordinates":[105.42354,-6.10142]}},
{"type":"Feature","properties":{"latitude":-6.1006,"longitude":105.42058,"bright_ti4":329.35,"scan":0.49,"track":0.4,"acq_date":"2022-08-28","acq_time":1805,"satellite":"N","instrument":"VIIRS","confidence":"n","version":2,"bright_ti5":289.48,"frp":5.98,"daynight":"N","type":1},"geometry":{"type":"Point","coordinates":[105.42058,-6.1006]}},
{"type":"Feature","properties":{"latitude":-6.10508,"longitude":105.42444,"bright_ti4":308.34,"scan":0.49,"track":0.4,"acq_date":"2022-08-28","acq_time":1805,"satellite":"N","instrument":"VIIRS","confidence":"n","version":2,"bright_ti5":286.88,"frp":3.8,"daynight":"N","type":1},"geometry":{"type":"Point","coordinates":[105.42444,-6.10508]}},
{"type":"Feature","properties":{"latitude":-6.10434,"longitude":105.42,"bright_ti4":331.11,"scan":0.49,"track":0.4,"acq_date":"2022-08-28","acq_time":1805,"satellite":"N","instrument":"VIIRS","confidence":"n","version":2,"bright_ti5":288.61,"frp":3.8,"daynight":"N","type":1},"geometry":{"type":"Point","coordinates":[105.42,-6.10434]}},
{"type":"Feature","properties":{"latitude":-6.10456,"longitude":105.42503,"bright_ti4":327.68,"scan":0.43,"track":0.46,"acq_date":"2022-08-31","acq_time":605,"satellite":"N","instrument":"VIIRS","confidence":"l","version":2,"bright_ti5":299.19,"frp":7.89,"daynight":"D","type":1},"geometry":{"type":"Point","coordinates":[105.42503,-6.10456]}},
{"type":"Feature","properties":{"latitude":-6.10095,"longitude":105.42436,"bright_ti4":345.86,"scan":0.43,"track":0.46,"acq_date":"2022-08-31","acq_time":605,"satellite":"N","instrument":"VIIRS","confidence":"n","version":2,"bright_ti5":302.78,"frp":16.91,"daynight":"D","type":1},"geometry":{"type":"Point","coordinates":[105.42436,-6.10095]}},
{"type":"Feature","properties":{"latitude":-6.0962,"longitude":105.42744,"bright_ti4":326.42,"scan":0.43,"track":0.46,"acq_date":"2022-08-31","acq_time":605,"satellite":"N","instrument":"VIIRS","confidence":"l","version":2,"bright_ti5":299.42,"frp":6.86,"daynight":"D","type":3},"geometry":{"type":"Point","coordinates":[105.42744,-6.0962]}},
{"type":"Feature","properties":{"latitude":-6.09675,"longitude":105.42365,"bright_ti4":329.33,"scan":0.43,"track":0.46,"acq_date":"2022-08-31","acq_time":605,"satellite":"N","instrument":"VIIRS","confidence":"l","version":2,"bright_ti5":300.8,"frp":6.86,"daynight":"D","type":1},"geometry":{"type":"Point","coordinates":[105.42365,-6.09675]}},
{"type":"Feature","properties":{"latitude":-6.1005,"longitude":105.42256,"bright_ti4":303.52,"scan":0.56,"track":0.51,"acq_date":"2022-08-31","acq_time":1849,"satellite":"N","instrument":"VIIRS","confidence":"n","version":2,"bright_ti5":279.74,"frp":5.17,"daynight":"N","type":1},"geometry":{"type":"Point","coordinates":[105.42256,-6.1005]}},
{"type":"Feature","properties":{"latitude":-6.10384,"longitude":105.42276,"bright_ti4":339.48,"scan":0.44,"track":0.38,"acq_date":"2022-09-01","acq_time":1830,"satellite":"N","instrument":"VIIRS","confidence":"n","version":2,"bright_ti5":294.46,"frp":6.96,"daynight":"N","type":1},"geometry":{"type":"Point","coordinates":[105.42276,-6.10384]}},
{"type":"Feature","properties":{"latitude":-6.10201,"longitude":105.42615,"bright_ti4":330.11,"scan":0.43,"track":0.62,"acq_date":"2022-09-02","acq_time":707,"satellite":"N","instrument":"VIIRS","confidence":"n","version":2,"bright_ti5":289.11,"frp":11.53,"daynight":"D","type":1},"geometry":{"type":"Point","coordinates":[105.42615,-6.10201]}},
{"type":"Feature","properties":{"latitude":-6.10273,"longitude":105.42197,"bright_ti4":331.43,"scan":0.43,"track":0.62,"acq_date":"2022-09-02","acq_time":707,"satellite":"N","instrument":"VIIRS","confidence":"n","version":2,"bright_ti5":289.21,"frp":8.44,"daynight":"D","type":1},"geometry":{"type":"Point","coordinates":[105.42197,-6.10273]}},
{"type":"Feature","properties":{"latitude":-6.10241,"longitude":105.42228,"bright_ti4":323.08,"scan":0.36,"track":0.57,"acq_date":"2022-09-05","acq_time":1855,"satellite":"N","instrument":"VIIRS","confidence":"n","version":2,"bright_ti5":266.53,"frp":3.51,"daynight":"N","type":1},"geometry":{"type":"Point","coordinates":[105.42228,-6.10241]}},
{"type":"Feature","properties":{"latitude":-6.10423,"longitude":105.41985,"bright_ti4":298.96,"scan":0.36,"track":0.57,"acq_date":"2022-09-05","acq_time":1855,"satellite":"N","instrument":"VIIRS","confidence":"n","version":2,"bright_ti5":265.11,"frp":2.57,"daynight":"N","type":1},"geometry":{"type":"Point","coordinates":[105.41985,-6.10423]}},
{"type":"Feature","properties":{"latitude":-6.10277,"longitude":105.42115,"bright_ti4":331.89,"scan":0.39,"track":0.36,"acq_date":"2022-09-07","acq_time":1817,"satellite":"N","instrument":"VIIRS","confidence":"n","version":2,"bright_ti5":282.78,"frp":3.75,"daynight":"N","type":1},"geometry":{"type":"Point","coordinates":[105.42115,-6.10277]}},
{"type":"Feature","properties":{"latitude":-6.10332,"longitude":105.42463,"bright_ti4":319.58,"scan":0.39,"track":0.36,"acq_date":"2022-09-07","acq_time":1817,"satellite":"N","instrument":"VIIRS","confidence":"n","version":2,"bright_ti5":280.85,"frp":3.75,"daynight":"N","type":1},"geometry":{"type":"Point","coordinates":[105.42463,-6.10332]}},
{"type":"Feature","properties":{"latitude":-6.10247,"longitude":105.42325,"bright_ti4":341.51,"scan":0.43,"track":0.38,"acq_date":"2022-09-10","acq_time":617,"satellite":"N","instrument":"VIIRS","confidence":"n","version":2,"bright_ti5":292.61,"frp":7.41,"daynight":"D","type":1},"geometry":{"type":"Point","coordinates":[105.42325,-6.10247]}},
{"type":"Feature","properties":{"latitude":-6.10314,"longitude":105.4224,"bright_ti4":347.81,"scan":0.39,"track":0.36,"acq_date":"2022-09-12","acq_time":1824,"satellite":"N","instrument":"VIIRS","confidence":"n","version":2,"bright_ti5":302.87,"frp":13.19,"daynight":"N","type":1},"geometry":{"type":"Point","coordinates":[105.4224,-6.10314]}},
{"type":"Feature","properties":{"latitude":-5.37246,"longitude":105.58222,"bright_ti4":331.2,"scan":0.39,"track":0.36,"acq_date":"2022-09-15","acq_time":624,"satellite":"N","instrument":"VIIRS","confidence":"n","version":2,"bright_ti5":299.78,"frp":2.43,"daynight":"D","type":0},"geometry":{"type":"Point","coordinates":[105.58222,-5.37246]}},
{"type":"Feature","properties":{"latitude":-6.10163,"longitude":105.42323,"bright_ti4":349.94,"scan":0.39,"track":0.36,"acq_date":"2022-09-15","acq_time":624,"satellite":"N","instrument":"VIIRS","confidence":"n","version":2,"bright_ti5":311.75,"frp":16.81,"daynight":"D","type":1},"geometry":{"type":"Point","coordinates":[105.42323,-6.10163]}},
{"type":"Feature","properties":{"latitude":-6.10302,"longitude":105.42384,"bright_ti4":333.54,"scan":0.44,"track":0.38,"acq_date":"2022-09-17","acq_time":1830,"satellite":"N","instrument":"VIIRS","confidence":"n","version":2,"bright_ti5":292.48,"frp":6.98,"daynight":"N","type":1},"geometry":{"type":"Point","coordinates":[105.42384,-6.10302]}},
{"type":"Feature","properties":{"latitude":-6.10241,"longitude":105.41988,"bright_ti4":307.51,"scan":0.44,"track":0.38,"acq_date":"2022-09-17","acq_time":1830,"satellite":"N","instrument":"VIIRS","confidence":"n","version":2,"bright_ti5":289.53,"frp":5.82,"daynight":"N","type":1},"geometry":{"type":"Point","coordinates":[105.41988,-6.10241]}},
{"type":"Feature","properties":{"latitude":-6.10337,"longitude":105.42473,"bright_ti4":342.66,"scan":0.43,"track":0.62,"acq_date":"2022-09-18","acq_time":708,"satellite":"N","instrument":"VIIRS","confidence":"n","version":2,"bright_ti5":291.59,"frp":13.46,"daynight":"D","type":1},"geometry":{"type":"Point","coordinates":[105.42473,-6.10337]}},
{"type":"Feature","properties":{"latitude":-6.10309,"longitude":105.4241,"bright_ti4":345.26,"scan":0.39,"track":0.36,"acq_date":"2022-09-20","acq_time":630,"satellite":"N","instrument":"VIIRS","confidence":"n","version":2,"bright_ti5":293.93,"frp":11.92,"daynight":"D","type":1},"geometry":{"type":"Point","coordinates":[105.4241,-6.10309]}},
{"type":"Feature","properties":{"latitude":-6.10149,"longitude":105.4243,"bright_ti4":347.16,"scan":0.51,"track":0.41,"acq_date":"2022-09-21","acq_time":611,"satellite":"N","instrument":"VIIRS","confidence":"n","version":2,"bright_ti5":295.46,"frp":17.73,"daynight":"D","type":1},"geometry":{"type":"Point","coordinates":[105.4243,-6.10149]}},
{"type":"Feature","properties":{"latitude":-6.10024,"longitude":105.42255,"bright_ti4":334.74,"scan":0.51,"track":0.41,"acq_date":"2022-09-21","acq_time":611,"satellite":"N","instrument":"VIIRS","confidence":"n","version":2,"bright_ti5":292.13,"frp":14.1,"daynight":"D","type":1},"geometry":{"type":"Point","coordinates":[105.42255,-6.10024]}},
{"type":"Feature","properties":{"latitude":-6.10404,"longitude":105.42316,"bright_ti4":339.67,"scan":0.51,"track":0.41,"acq_date":"2022-09-21","acq_time":611,"satellite":"N","instrument":"VIIRS","confidence":"n","version":2,"bright_ti5":293.82,"frp":11.5,"daynight":"D","type":1},"geometry":{"type":"Point","coordinates":[105.42316,-6.10404]}},
{"type":"Feature","properties":{"latitude":-6.10361,"longitude":105.42213,"bright_ti4":319.44,"scan":0.36,"track":0.57,"acq_date":"2022-09-21","acq_time":1855,"satellite":"N","instrument":"VIIRS","confidence":"n","version":2,"bright_ti5":266.69,"frp":2.51,"daynight":"N","type":1},"geometry":{"type":"Point","coordinates":[105.42213,-6.10361]}},
{"type":"Feature","properties":{"latitude":-6.1024,"longitude":105.42107,"bright_ti4":339.83,"scan":0.53,"track":0.5,"acq_date":"2022-09-24","acq_time":655,"satellite":"N","instrument":"VIIRS","confidence":"n","version":2,"bright_ti5":297.65,"frp":10.81,"daynight":"D","type":1},"geometry":{"type":"Point","coordinates":[105.42107,-6.1024]}},
{"type":"Feature","properties":{"latitude":-6.10156,"longitude":105.42604,"bright_ti4":340.85,"scan":0.53,"track":0.5,"acq_date":"2022-09-24","acq_time":655,"satellite":"N","instrument":"VIIRS","confidence":"n","version":2,"bright_ti5":296.93,"frp":14.7,"daynight":"D","type":1},"geometry":{"type":"Point","coordinates":[105.42604,-6.10156]}},
{"type":"Feature","properties":{"latitude":-6.10297,"longitude":105.42362,"bright_ti4":347.94,"scan":0.43,"track":0.38,"acq_date":"2022-09-25","acq_time":636,"satellite":"N","instrument":"VIIRS","confidence":"n","version":2,"bright_ti5":312.15,"frp":25.12,"daynight":"D","type":1},"geometry":{"type":"Point","coordinates":[105.42362,-6.10297]}},
{"type":"Feature","properties":{"latitude":-6.09995,"longitude":105.42469,"bright_ti4":335.25,"scan":0.43,"track":0.38,"acq_date":"2022-09-26","acq_time":617,"satellite":"N","instrument":"VIIRS","confidence":"l","version":2,"bright_ti5":292.52,"frp":9.22,"daynight":"D","type":1},"geometry":{"type":"Point","coordinates":[105.42469,-6.09995]}},
{"type":"Feature","properties":{"latitude":-6.10345,"longitude":105.42525,"bright_ti4":336.18,"scan":0.43,"track":0.38,"acq_date":"2022-09-26","acq_time":617,"satellite":"N","instrument":"VIIRS","confidence":"l","version":2,"bright_ti5":294.05,"frp":7.35,"daynight":"D","type":1},"geometry":{"type":"Point","coordinates":[105.42525,-6.10345]}},
{"type":"Feature","properties":{"latitude":-6.10013,"longitude":105.42082,"bright_ti4":328.47,"scan":0.46,"track":0.64,"acq_date":"2022-09-26","acq_time":1901,"satellite":"N","instrument":"VIIRS","confidence":"n","version":2,"bright_ti5":279.97,"frp":4.25,"daynight":"N","type":1},"geometry":{"type":"Point","coordinates":[105.42082,-6.10013]}},
{"type":"Feature","properties":{"latitude":-6.10046,"longitude":105.42404,"bright_ti4":334.45,"scan":0.57,"track":0.69,"acq_date":"2022-09-28","acq_time":540,"satellite":"N","instrument":"VIIRS","confidence":"n","version":2,"bright_ti5":294.67,"frp":13.4,"daynight":"D","type":1},"geometry":{"type":"Point","coordinates":[105.42404,-6.10046]}},
{"type":"Feature","properties":{"latitude":-6.09943,"longitude":105.42558,"bright_ti4":335.89,"scan":0.7,"track":0.75,"acq_date":"2022-09-28","acq_time":720,"satellite":"N","instrument":"VIIRS","confidence":"n","version":2,"bright_ti5":291.81,"frp":18.3,"daynight":"D","type":1},"geometry":{"type":"Point","coordinates":[105.42558,-6.09943]}},
{"type":"Feature","properties":{"latitude":-6.10317,"longitude":105.42346,"bright_ti4":339.0,"scan":0.39,"track":0.36,"acq_date":"2022-09-28","acq_time":1824,"satellite":"N","instrument":"VIIRS","confidence":"n","version":2,"bright_ti5":302.41,"frp":9.62,"daynight":"N","type":1},"geometry":{"type":"Point","coordinates":[105.42346,-6.10317]}},
{"type":"Feature","properties":{"latitude":-6.10262,"longitude":105.41993,"bright_ti4":311.91,"scan":0.39,"track":0.36,"acq_date":"2022-09-28","acq_time":1824,"satellite":"N","instrument":"VIIRS","confidence":"n","version":2,"bright_ti5":295.65,"frp":9.62,"daynight":"N","type":1},"geometry":{"type":"Point","coordinates":[105.41993,-6.10262]}},
{"type":"Feature","properties":{"latitude":-6.10427,"longitude":105.42432,"bright_ti4":338.61,"scan":0.34,"track":0.56,"acq_date":"2022-09-29","acq_time":701,"satellite":"N","instrument":"VIIRS","confidence":"n","version":2,"bright_ti5":276.78,"frp":5.42,"daynight":"D","type":1},"geometry":{"type":"Point","coordinates":[105.42432,-6.10427]}},
{"type":"Feature","properties":{"latitude":-6.10289,"longitude":105.423,"bright_ti4":338.83,"scan":0.49,"track":0.4,"acq_date":"2022-09-29","acq_time":1805,"satellite":"N","instrument":"VIIRS","confidence":"n","version":2,"bright_ti5":292.26,"frp":9.71,"daynight":"N","type":1},"geometry":{"type":"Point","coordinates":[105.423,-6.10289]}},
{"type":"Feature","properties":{"latitude":-6.10126,"longitude":105.42457,"bright_ti4":343.91,"scan":0.5,"track":0.41,"acq_date":"2022-09-30","acq_time":643,"satellite":"N","instrument":"VIIRS","confidence":"n","version":2,"bright_ti5":302.68,"frp":18.66,"daynight":"D","type":1},"geometry":{"type":"Point","coordinates":[105.42457,-6.10126]}},
{"type":"Feature","properties":{"latitude":-6.09747,"longitude":105.42406,"bright_ti4":331.0,"scan":0.5,"track":0.41,"acq_date":"2022-09-30","acq_time":643,"satellite":"N","instrument":"VIIRS","confidence":"l","version":2,"bright_ti5":302.17,"frp":8.94,"daynight":"D","type":1},"geometry":{"type":"Point","coordinates":[105.42406,-6.09747]}},
{"type":"Feature","properties":{"latitude":-6.09369,"longitude":105.42352,"bright_ti4":330.69,"scan":0.5,"track":0.41,"acq_date":"2022-09-30","acq_time":643,"satellite":"N","instrument":"VIIRS","confidence":"l","version":2,"bright_ti5":301.13,"frp":8.94,"daynight":"D","type":1},"geometry":{"type":"Point","coordinates":[105.42352,-6.09369]}},
{"type":"Feature","properties":{"latitude":-6.10104,"longitude":105.42129,"bright_ti4":340.66,"scan":0.39,"track":0.36,"acq_date":"2022-10-01","acq_time":624,"satellite":"N","instrument":"VIIRS","confidence":"n","version":2,"bright_ti5":306.76,"frp":6.93,"daynight":"D","type":1},"geometry":{"type":"Point","coordinates":[105.42129,-6.10104]}},
{"type":"Feature","properties":{"latitude":-6.10386,"longitude":105.4253,"bright_ti4":333.64,"scan":0.39,"track":0.36,"acq_date":"2022-10-01","acq_time":624,"satellite":"N","instrument":"VIIRS","confidence":"l","version":2,"bright_ti5":306.8,"frp":8.96,"daynight":"D","type":1},"geometry":{"type":"Point","coordinates":[105.4253,-6.10386]}},
{"type":"Feature","properties":{"latitude":-6.10438,"longitude":105.42178,"bright_ti4":336.6,"scan":0.39,"track":0.36,"acq_date":"2022-10-01","acq_time":624,"satellite":"N","instrument":"VIIRS","confidence":"l","version":2,"bright_ti5":306.98,"frp":6.93,"daynight":"D","type":1},"geometry":{"type":"Point","coordinates":[105.42178,-6.10438]}},
{"type":"Feature","properties":{"latitude":-6.10051,"longitude":105.42479,"bright_ti4":341.75,"scan":0.39,"track":0.36,"acq_date":"2022-10-01","acq_time":624,"satellite":"N","instrument":"VIIRS","confidence":"n","version":2,"bright_ti5":308.63,"frp":8.96,"daynight":"D","type":1},"geometry":{"type":"Point","coordinates":[105.42479,-6.10051]}},
{"type":"Feature","properties":{"latitude":-5.792,"longitude":105.74224,"bright_ti4":330.03,"scan":0.39,"track":0.36,"acq_date":"2022-10-01","acq_time":624,"satellite":"N","instrument":"VIIRS","confidence":"n","version":2,"bright_ti5":297.24,"frp":1.75,"daynight":"D","type":0},"geometry":{"type":"Point","coordinates":[105.74224,-5.792]}},
{"type":"Feature","properties":{"latitude":-6.10233,"longitude":105.42219,"bright_ti4":340.82,"scan":0.44,"track":0.38,"acq_date":"2022-10-03","acq_time":1830,"satellite":"N","instrument":"VIIRS","confidence":"n","version":2,"bright_ti5":272.26,"frp":6.69,"daynight":"N","type":1},"geometry":{"type":"Point","coordinates":[105.42219,-6.10233]}},
{"type":"Feature","properties":{"latitude":-6.10602,"longitude":105.42226,"bright_ti4":300.49,"scan":0.42,"track":0.38,"acq_date":"2022-10-04","acq_time":1811,"satellite":"N","instrument":"VIIRS","confidence":"n","version":2,"bright_ti5":277.4,"frp":1.72,"daynight":"N","type":1},"geometry":{"type":"Point","coordinates":[105.42226,-6.10602]}},
{"type":"Feature","properties":{"latitude":-6.10429,"longitude":105.42339,"bright_ti4":303.99,"scan":0.42,"track":0.38,"acq_date":"2022-10-04","acq_time":1811,"satellite":"N","instrument":"VIIRS","confidence":"n","version":2,"bright_ti5":277.86,"frp":3.22,"daynight":"N","type":1},"geometry":{"type":"Point","coordinates":[105.42339,-6.10429]}},
{"type":"Feature","properties":{"latitude":-6.10257,"longitude":105.42287,"bright_ti4":302.22,"scan":0.42,"track":0.38,"acq_date":"2022-10-04","acq_time":1811,"satellite":"N","instrument":"VIIRS","confidence":"n","version":2,"bright_ti5":277.77,"frp":1.72,"daynight":"N","type":1},"geometry":{"type":"Point","coordinates":[105.42287,-6.10257]}},
{"type":"Feature","properties":{"latitude":-6.10479,"longitude":105.41956,"bright_ti4":307.75,"scan":0.51,"track":0.5,"acq_date":"2022-10-05","acq_time":1752,"satellite":"N","instrument":"VIIRS","confidence":"n","version":2,"bright_ti5":266.32,"frp":2.18,"daynight":"N","type":1},"geometry":{"type":"Point","coordinates":[105.41956,-6.10479]}},
{"type":"Feature","properties":{"latitude":-6.10099,"longitude":105.42495,"bright_ti4":306.51,"scan":0.51,"track":0.5,"acq_date":"2022-10-05","acq_time":1752,"satellite":"N","instrument":"VIIRS","confidence":"n","version":2,"bright_ti5":268.8,"frp":2.18,"daynight":"N","type":1},"geometry":{"type":"Point","coordinates":[105.42495,-6.10099]}},
{"type":"Feature","properties":{"latitude":-6.10557,"longitude":105.42418,"bright_ti4":300.13,"scan":0.51,"track":0.5,"acq_date":"2022-10-05","acq_time":1752,"satellite":"N","instrument":"VIIRS","confidence":"n","version":2,"bright_ti5":261.73,"frp":2.18,"daynight":"N","type":1},"geometry":{"type":"Point","coordinates":[105.42418,-6.10557]}},
{"type":"Feature","properties":{"latitude":-6.10021,"longitude":105.42027,"bright_ti4":320.02,"scan":0.51,"track":0.5,"acq_date":"2022-10-05","acq_time":1752,"satellite":"N","instrument":"VIIRS","confidence":"n","version":2,"bright_ti5":270.62,"frp":2.18,"daynight":"N","type":1},"geometry":{"type":"Point","coordinates":[105.42027,-6.10021]}},
{"type":"Feature","properties":{"latitude":-6.10426,"longitude":105.42348,"bright_ti4":328.48,"scan":0.39,"track":0.36,"acq_date":"2022-10-09","acq_time":1818,"satellite":"N","instrument":"VIIRS","confidence":"n","version":2,"bright_ti5":284.21,"frp":2.39,"daynight":"N","type":1},"geometry":{"type":"Point","coordinates":[105.42348,-6.10426]}},
{"type":"Feature","properties":{"latitude":-6.1018,"longitude":105.42233,"bright_ti4":312.51,"scan":0.46,"track":0.64,"acq_date":"2022-10-12","acq_time":1902,"satellite":"N","instrument":"VIIRS","confidence":"n","version":2,"bright_ti5":279.23,"frp":2.66,"daynight":"N","type":1},"geometry":{"type":"Point","coordinates":[105.42233,-6.1018]}},
{"type":"Feature","properties":{"latitude":-6.10446,"longitude":105.42319,"bright_ti4":318.58,"scan":0.39,"track":0.36,"acq_date":"2022-10-14","acq_time":1824,"satellite":"N","instrument":"VIIRS","confidence":"n","version":2,"bright_ti5":274.94,"frp":1.61,"daynight":"N","type":1},"geometry":{"type":"Point","coordinates":[105.42319,-6.10446]}},
{"type":"Feature","properties":{"latitude":-6.10208,"longitude":105.42272,"bright_ti4":313.07,"scan":0.33,"track":0.55,"acq_date":"2022-10-16","acq_time":1746,"satellite":"N","instrument":"VIIRS","confidence":"n","version":2,"bright_ti5":281.52,"frp":2.1,"daynight":"N","type":1},"geometry":{"type":"Point","coordinates":[105.42272,-6.10208]}},
{"type":"Feature","properties":{"latitude":-6.10321,"longitude":105.42267,"bright_ti4":344.33,"scan":0.39,"track":0.36,"acq_date":"2022-10-17","acq_time":624,"satellite":"N","instrument":"VIIRS","confidence":"n","version":2,"bright_ti5":292.31,"frp":9.61,"daynight":"D","type":1},"geometry":{"type":"Point","coordinates":[105.42267,-6.10321]}},
{"type":"Feature","properties":{"latitude":-5.78913,"longitude":105.19381,"bright_ti4":331.72,"scan":0.39,"track":0.36,"acq_date":"2022-10-22","acq_time":630,"satellite":"N","instrument":"VIIRS","confidence":"n","version":2,"bright_ti5":284.83,"frp":2.06,"daynight":"D","type":0},"geometry":{"type":"Point","coordinates":[105.19381,-5.78913]}},
{"type":"Feature","properties":{"latitude":-5.31037,"longitude":105.66573,"bright_ti4":332.87,"scan":0.39,"track":0.36,"acq_date":"2022-10-22","acq_time":630,"satellite":"N","instrument":"VIIRS","confidence":"n","version":2,"bright_ti5":286.7,"frp":3.07,"daynight":"D","type":0},"geometry":{"type":"Point","coordinates":[105.66573,-5.31037]}},
{"type":"Feature","properties":{"latitude":-6.10559,"longitude":105.42154,"bright_ti4":305.54,"scan":0.52,"track":0.42,"acq_date":"2022-10-24","acq_time":1836,"satellite":"N","instrument":"VIIRS","confidence":"n","version":2,"bright_ti5":276.58,"frp":3.26,"daynight":"N","type":1},"geometry":{"type":"Point","coordinates":[105.42154,-6.10559]}},
{"type":"Feature","properties":{"latitude":-6.10174,"longitude":105.4221,"bright_ti4":328.66,"scan":0.52,"track":0.42,"acq_date":"2022-10-24","acq_time":1836,"satellite":"N","instrument":"VIIRS","confidence":"n","version":2,"bright_ti5":279.0,"frp":3.26,"daynight":"N","type":1},"geometry":{"type":"Point","coordinates":[105.4221,-6.10174]}},
{"type":"Feature","properties":{"latitude":-6.1026,"longitude":105.42362,"bright_ti4":333.2,"scan":0.42,"track":0.38,"acq_date":"2022-10-27","acq_time":636,"satellite":"N","instrument":"VIIRS","confidence":"n","version":2,"bright_ti5":278.81,"frp":6.94,"daynight":"D","type":1},"geometry":{"type":"Point","coordinates":[105.42362,-6.1026]}},
{"type":"Feature","properties":{"latitude":-6.10405,"longitude":105.42087,"bright_ti4":340.26,"scan":0.46,"track":0.63,"acq_date":"2022-10-28","acq_time":1901,"satellite":"N","instrument":"VIIRS","confidence":"n","version":2,"bright_ti5":283.97,"frp":6.34,"daynight":"N","type":1},"geometry":{"type":"Point","coordinates":[105.42087,-6.10405]}},
{"type":"Feature","properties":{"latitude":-6.10555,"longitude":105.42284,"bright_ti4":313.36,"scan":0.46,"track":0.63,"acq_date":"2022-10-28","acq_time":1901,"satellite":"N","instrument":"VIIRS","confidence":"n","version":2,"bright_ti5":283.11,"frp":2.55,"daynight":"N","type":1},"geometry":{"type":"Point","coordinates":[105.42284,-6.10555]}},
{"type":"Feature","properties":{"latitude":-6.09909,"longitude":105.41956,"bright_ti4":307.54,"scan":0.46,"track":0.63,"acq_date":"2022-10-28","acq_time":1901,"satellite":"N","instrument":"VIIRS","confidence":"n","version":2,"bright_ti5":285.31,"frp":2.55,"daynight":"N","type":1},"geometry":{"type":"Point","coordinates":[105.41956,-6.09909]}},
{"type":"Feature","properties":{"latitude":-6.09968,"longitude":105.42371,"bright_ti4":323.14,"scan":0.46,"track":0.63,"acq_date":"2022-10-28","acq_time":1901,"satellite":"N","instrument":"VIIRS","confidence":"n","version":2,"bright_ti5":286.3,"frp":2.55,"daynight":"N","type":1},"geometry":{"type":"Point","coordinates":[105.42371,-6.09968]}},
{"type":"Feature","properties":{"latitude":-6.10212,"longitude":105.42284,"bright_ti4":340.31,"scan":0.55,"track":0.51,"acq_date":"2022-10-29","acq_time":558,"satellite":"N","instrument":"VIIRS","confidence":"n","version":2,"bright_ti5":300.62,"frp":14.76,"daynight":"D","type":1},"geometry":{"type":"Point","coordinates":[105.42284,-6.10212]}},
{"type":"Feature","properties":{"latitude":-6.10308,"longitude":105.42553,"bright_ti4":338.13,"scan":0.5,"track":0.41,"acq_date":"2022-11-01","acq_time":642,"satellite":"N","instrument":"VIIRS","confidence":"n","version":2,"bright_ti5":295.97,"frp":8.65,"daynight":"D","type":1},"geometry":{"type":"Point","coordinates":[105.42553,-6.10308]}},
{"type":"Feature","properties":{"latitude":-6.10381,"longitude":105.42091,"bright_ti4":334.02,"scan":0.5,"track":0.41,"acq_date":"2022-11-01","acq_time":642,"satellite":"N","instrument":"VIIRS","confidence":"n","version":2,"bright_ti5":296.12,"frp":8.65,"daynight":"D","type":1},"geometry":{"type":"Point","coordinates":[105.42091,-6.10381]}},
{"type":"Feature","properties":{"latitude":-6.10338,"longitude":105.42189,"bright_ti4":336.15,"scan":0.52,"track":0.5,"acq_date":"2022-11-06","acq_time":1752,"satellite":"N","instrument":"VIIRS","confidence":"n","version":2,"bright_ti5":280.22,"frp":8.04,"daynight":"N","type":1},"geometry":{"type":"Point","coordinates":[105.42189,-6.10338]}},
{"type":"Feature","properties":{"latitude":-6.1025,"longitude":105.42272,"bright_ti4":345.69,"scan":0.39,"track":0.36,"acq_date":"2022-11-07","acq_time":630,"satellite":"N","instrument":"VIIRS","confidence":"n","version":2,"bright_ti5":289.86,"frp":12.74,"daynight":"D","type":1},"geometry":{"type":"Point","coordinates":[105.42272,-6.1025]}},
{"type":"Feature","properties":{"latitude":-6.10056,"longitude":105.4219,"bright_ti4":304.09,"scan":0.39,"track":0.36,"acq_date":"2022-11-10","acq_time":1817,"satellite":"N","instrument":"VIIRS","confidence":"n","version":2,"bright_ti5":273.06,"frp":0.57,"daynight":"N","type":1},"geometry":{"type":"Point","coordinates":[105.4219,-6.10056]}},
{"type":"Feature","properties":{"latitude":-6.10341,"longitude":105.42116,"bright_ti4":325.98,"scan":0.42,"track":0.45,"acq_date":"2022-11-27","acq_time":1758,"satellite":"N","instrument":"VIIRS","confidence":"n","version":2,"bright_ti5":283.97,"frp":2.89,"daynight":"N","type":1},"geometry":{"type":"Point","coordinates":[105.42116,-6.10341]}},
{"type":"Feature","properties":{"latitude":-6.10178,"longitude":105.4218,"bright_ti4":340.55,"scan":0.42,"track":0.38,"acq_date":"2022-11-28","acq_time":636,"satellite":"N","instrument":"VIIRS","confidence":"n","version":2,"bright_ti5":302.94,"frp":12.07,"daynight":"D","type":1},"geometry":{"type":"Point","coordinates":[105.4218,-6.10178]}},
{"type":"Feature","properties":{"latitude":-6.10353,"longitude":105.42243,"bright_ti4":341.32,"scan":0.44,"track":0.38,"acq_date":"2022-11-29","acq_time":617,"satellite":"N","instrument":"VIIRS","confidence":"l","version":2,"bright_ti5":303.59,"frp":9.69,"daynight":"D","type":1},"geometry":{"type":"Point","coordinates":[105.42243,-6.10353]}},
{"type":"Feature","properties":{"latitude":-6.10455,"longitude":105.42227,"bright_ti4":320.45,"scan":0.43,"track":0.46,"acq_date":"2022-11-30","acq_time":1842,"satellite":"N","instrument":"VIIRS","confidence":"n","version":2,"bright_ti5":287.09,"frp":3.39,"daynight":"N","type":1},"geometry":{"type":"Point","coordinates":[105.42227,-6.10455]}},
{"type":"Feature","properties":{"latitude":-6.10036,"longitude":105.42303,"bright_ti4":313.89,"scan":0.43,"track":0.46,"acq_date":"2022-11-30","acq_time":1842,"satellite":"N","instrument":"VIIRS","confidence":"n","version":2,"bright_ti5":286.49,"frp":3.39,"daynight":"N","type":1},"geometry":{"type":"Point","coordinates":[105.42303,-6.10036]}},
{"type":"Feature","properties":{"latitude":-6.10331,"longitude":105.42132,"bright_ti4":330.29,"scan":0.39,"track":0.36,"acq_date":"2022-12-01","acq_time":1823,"satellite":"N","instrument":"VIIRS","confidence":"n","version":2,"bright_ti5":283.66,"frp":3.67,"daynight":"N","type":1},"geometry":{"type":"Point","coordinates":[105.42132,-6.10331]}},
{"type":"Feature","properties":{"latitude":-6.10355,"longitude":105.42427,"bright_ti4":326.81,"scan":0.39,"track":0.36,"acq_date":"2022-12-04","acq_time":623,"satellite":"N","instrument":"VIIRS","confidence":"n","version":2,"bright_ti5":284.67,"frp":6.21,"daynight":"D","type":1},"geometry":{"type":"Point","coordinates":[105.42427,-6.10355]}},
{"type":"Feature","properties":{"latitude":-6.10367,"longitude":105.42224,"bright_ti4":338.73,"scan":0.42,"track":0.38,"acq_date":"2022-12-14","acq_time":636,"satellite":"N","instrument":"VIIRS","confidence":"n","version":2,"bright_ti5":293.97,"frp":9.74,"daynight":"D","type":1},"geometry":{"type":"Point","coordinates":[105.42224,-6.10367]}},
{"type":"Feature","properties":{"latitude":-6.10416,"longitude":105.42237,"bright_ti4":330.61,"scan":0.44,"track":0.38,"acq_date":"2022-12-15","acq_time":617,"satellite":"N","instrument":"VIIRS","confidence":"n","version":2,"bright_ti5":278.34,"frp":7.48,"daynight":"D","type":1},"geometry":{"type":"Point","coordinates":[105.42237,-6.10416]}},
{"type":"Feature","properties":{"latitude":-6.10171,"longitude":105.42182,"bright_ti4":326.01,"scan":0.68,"track":0.74,"acq_date":"2022-12-17","acq_time":720,"satellite":"N","instrument":"VIIRS","confidence":"n","version":2,"bright_ti5":289.25,"frp":12.98,"daynight":"D","type":1},"geometry":{"type":"Point","coordinates":[105.42182,-6.10171]}},
{"type":"Feature","properties":{"latitude":-6.10102,"longitude":105.42445,"bright_ti4":328.75,"scan":0.68,"track":0.74,"acq_date":"2022-12-17","acq_time":720,"satellite":"N","instrument":"VIIRS","confidence":"n","version":2,"bright_ti5":289.68,"frp":13.38,"daynight":"D","type":1},"geometry":{"type":"Point","coordinates":[105.42445,-6.10102]}},
{"type":"Feature","properties":{"latitude":-6.10152,"longitude":105.42319,"bright_ti4":324.95,"scan":0.39,"track":0.36,"acq_date":"2022-12-17","acq_time":1824,"satellite":"N","instrument":"VIIRS","confidence":"n","version":2,"bright_ti5":284.8,"frp":2.32,"daynight":"N","type":1},"geometry":{"type":"Point","coordinates":[105.42319,-6.10152]}},
{"type":"Feature","properties":{"latitude":-6.10486,"longitude":105.42267,"bright_ti4":329.53,"scan":0.39,"track":0.36,"acq_date":"2022-12-17","acq_time":1824,"satellite":"N","instrument":"VIIRS","confidence":"n","version":2,"bright_ti5":284.44,"frp":3.33,"daynight":"N","type":1},"geometry":{"type":"Point","coordinates":[105.42267,-6.10486]}},
{"type":"Feature","properties":{"latitude":-6.10236,"longitude":105.42352,"bright_ti4":348.74,"scan":0.33,"track":0.55,"acq_date":"2022-12-18","acq_time":701,"satellite":"N","instrument":"VIIRS","confidence":"n","version":2,"bright_ti5":295.65,"frp":6.35,"daynight":"D","type":1},"geometry":{"type":"Point","coordinates":[105.42352,-6.10236]}},
{"type":"Feature","properties":{"latitude":-6.10287,"longitude":105.42049,"bright_ti4":328.75,"scan":0.33,"track":0.55,"acq_date":"2022-12-18","acq_time":701,"satellite":"N","instrument":"VIIRS","confidence":"n","version":2,"bright_ti5":294.32,"frp":6.35,"daynight":"D","type":1},"geometry":{"type":"Point","coordinates":[105.42049,-6.10287]}},
{"type":"Feature","properties":{"latitude":-6.10412,"longitude":105.42361,"bright_ti4":310.57,"scan":0.5,"track":0.41,"acq_date":"2022-12-18","acq_time":1805,"satellite":"N","instrument":"VIIRS","confidence":"n","version":2,"bright_ti5":278.97,"frp":2.1,"daynight":"N","type":1},"geometry":{"type":"Point","coordinates":[105.42361,-6.10412]}},
{"type":"Feature","properties":{"latitude":-5.42421,"longitude":104.91228,"bright_ti4":332.73,"scan":0.38,"track":0.36,"acq_date":"2022-04-13","acq_time":629,"satellite":"N","instrument":"VIIRS","confidence":"n","version":2,"bright_ti5":300.78,"frp":3.02,"daynight":"D","type":0},"geometry":{"type":"Point","coordinates":[104.91228,-5.42421]}},
{"type":"Feature","properties":{"latitude":-5.33341,"longitude":104.877,"bright_ti4":331.39,"scan":0.39,"track":0.44,"acq_date":"2022-11-22","acq_time":649,"satellite":"N","instrument":"VIIRS","confidence":"n","version":2,"bright_ti5":296.46,"frp":1.56,"daynight":"D","type":0},"geometry":{"type":"Point","coordinates":[104.877,-5.33341]}},
{"type":"Feature","properties":{"latitude":-4.46483,"longitude":105.09391,"bright_ti4":340.8,"scan":0.35,"track":0.57,"acq_date":"2022-01-09","acq_time":552,"satellite":"N","instrument":"VIIRS","confidence":"n","version":2,"bright_ti5":269.68,"frp":2.76,"daynight":"D","type":0},"geometry":{"type":"Point","coordinates":[105.09391,-4.46483]}},
{"type":"Feature","properties":{"latitude":-4.43058,"longitude":104.99825,"bright_ti4":367.0,"scan":0.42,"track":0.61,"acq_date":"2022-04-11","acq_time":707,"satellite":"N","instrument":"VIIRS","confidence":"h","version":2,"bright_ti5":294.54,"frp":11.02,"daynight":"D","type":0},"geometry":{"type":"Point","coordinates":[104.99825,-4.43058]}},
{"type":"Feature","properties":{"latitude":-4.43436,"longitude":105.00005,"bright_ti4":354.64,"scan":0.42,"track":0.61,"acq_date":"2022-04-11","acq_time":707,"satellite":"N","instrument":"VIIRS","confidence":"n","version":2,"bright_ti5":295.21,"frp":9.21,"daynight":"D","type":0},"geometry":{"type":"Point","coordinates":[105.00005,-4.43436]}},
{"type":"Feature","properties":{"latitude":-4.39439,"longitude":104.93173,"bright_ti4":330.88,"scan":0.39,"track":0.36,"acq_date":"2022-04-13","acq_time":630,"satellite":"N","instrument":"VIIRS","confidence":"n","version":2,"bright_ti5":290.68,"frp":1.02,"daynight":"D","type":0},"geometry":{"type":"Point","coordinates":[104.93173,-4.39439]}},
{"type":"Feature","properties":{"latitude":-4.18439,"longitude":104.96801,"bright_ti4":317.23,"scan":0.41,"track":0.37,"acq_date":"2022-05-18","acq_time":1816,"satellite":"N","instrument":"VIIRS","confidence":"n","version":2,"bright_ti5":288.15,"frp":1.32,"daynight":"N","type":0},"geometry":{"type":"Point","coordinates":[104.96801,-4.18439]}},
{"type":"Feature","properties":{"latitude":-4.37872,"longitude":104.96471,"bright_ti4":329.47,"scan":0.32,"track":0.55,"acq_date":"2022-05-24","acq_time":700,"satellite":"N","instrument":"VIIRS","confidence":"n","version":2,"bright_ti5":284.08,"frp":2.31,"daynight":"D","type":0},"geometry":{"type":"Point","coordinates":[104.96471,-4.37872]}},
{"type":"Feature","properties":{"latitude":-4.3632,"longitude":105.22205,"bright_ti4":343.32,"scan":0.43,"track":0.38,"acq_date":"2022-07-07","acq_time":636,"satellite":"N","instrument":"VIIRS","confidence":"n","version":2,"bright_ti5":298.52,"frp":12.34,"daynight":"D","type":0},"geometry":{"type":"Point","coordinates":[105.22205,-4.3632]}},
{"type":"Feature","properties":{"latitude":-4.41726,"longitude":105.05831,"bright_ti4":336.96,"scan":0.42,"track":0.38,"acq_date":"2022-07-07","acq_time":636,"satellite":"N","instrument":"VIIRS","confidence":"n","version":2,"bright_ti5":295.86,"frp":3.29,"daynight":"D","type":0},"geometry":{"type":"Point","coordinates":[105.05831,-4.41726]}},
{"type":"Feature","properties":{"latitude":-4.37579,"longitude":104.93816,"bright_ti4":340.91,"scan":0.57,"track":0.52,"acq_date":"2022-07-09","acq_time":558,"satellite":"N","instrument":"VIIRS","confidence":"n","version":2,"bright_ti5":297.06,"frp":5.77,"daynight":"D","type":0},"geometry":{"type":"Point","coordinates":[104.93816,-4.37579]}},
{"type":"Feature","properties":{"latitude":-4.21962,"longitude":104.9988,"bright_ti4":327.49,"scan":0.7,"track":0.75,"acq_date":"2022-08-11","acq_time":720,"satellite":"N","instrument":"VIIRS","confidence":"n","version":2,"bright_ti5":286.36,"frp":5.18,"daynight":"D","type":0},"geometry":{"type":"Point","coordinates":[104.9988,-4.21962]}},
{"type":"Feature","properties":{"latitude":-4.40832,"longitude":105.1394,"bright_ti4":349.19,"scan":0.34,"track":0.56,"acq_date":"2022-08-12","acq_time":701,"satellite":"N","instrument":"VIIRS","confidence":"n","version":2,"bright_ti5":290.72,"frp":5.94,"daynight":"D","type":0},"geometry":{"type":"Point","coordinates":[105.1394,-4.40832]}},
{"type":"Feature","properties":{"latitude":-4.40884,"longitude":105.1363,"bright_ti4":331.44,"scan":0.34,"track":0.56,"acq_date":"2022-08-12","acq_time":701,"satellite":"N","instrument":"VIIRS","confidence":"n","version":2,"bright_ti5":290.28,"frp":3.14,"daynight":"D","type":0},"geometry":{"type":"Point","coordinates":[105.1363,-4.40884]}},
{"type":"Feature","properties":{"latitude":-4.41491,"longitude":105.09496,"bright_ti4":332.93,"scan":0.5,"track":0.41,"acq_date":"2022-08-13","acq_time":643,"satellite":"N","instrument":"VIIRS","confidence":"n","version":2,"bright_ti5":290.68,"frp":9.55,"daynight":"D","type":0},"geometry":{"type":"Point","coordinates":[105.09496,-4.41491]}},
{"type":"Feature","properties":{"latitude":-4.47413,"longitude":105.02702,"bright_ti4":337.81,"scan":0.39,"track":0.36,"acq_date":"2022-09-04","acq_time":630,"satellite":"N","instrument":"VIIRS","confidence":"n","version":2,"bright_ti5":286.63,"frp":3.79,"daynight":"D","type":0},"geometry":{"type":"Point","coordinates":[105.02702,-4.47413]}},
{"type":"Feature","properties":{"latitude":-4.3944,"longitude":105.01368,"bright_ti4":340.6,"scan":0.58,"track":0.69,"acq_date":"2022-09-28","acq_time":540,"satellite":"N","instrument":"VIIRS","confidence":"n","version":2,"bright_ti5":292.87,"frp":8.58,"daynight":"D","type":0},"geometry":{"type":"Point","coordinates":[105.01368,-4.3944]}},
{"type":"Feature","properties":{"latitude":-4.395,"longitude":105.01394,"bright_ti4":340.99,"scan":0.58,"track":0.69,"acq_date":"2022-09-28","acq_time":540,"satellite":"N","instrument":"VIIRS","confidence":"n","version":2,"bright_ti5":292.58,"frp":5.95,"daynight":"D","type":0},"geometry":{"type":"Point","coordinates":[105.01394,-4.395]}},
{"type":"Feature","properties":{"latitude":-4.31938,"longitude":105.21232,"bright_ti4":330.35,"scan":0.52,"track":0.41,"acq_date":"2022-10-16","acq_time":643,"satellite":"N","instrument":"VIIRS","confidence":"n","version":2,"bright_ti5":294.68,"frp":3.84,"daynight":"D","type":0},"geometry":{"type":"Point","coordinates":[105.21232,-4.31938]}},
{"type":"Feature","properties":{"latitude":-4.35881,"longitude":105.17878,"bright_ti4":335.3,"scan":0.51,"track":0.41,"acq_date":"2022-10-16","acq_time":643,"satellite":"N","instrument":"VIIRS","confidence":"n","version":2,"bright_ti5":294.16,"frp":4.8,"daynight":"D","type":0},"geometry":{"type":"Point","coordinates":[105.17878,-4.35881]}},
{"type":"Feature","properties":{"latitude":-4.42273,"longitude":105.09471,"bright_ti4":340.89,"scan":0.51,"track":0.41,"acq_date":"2022-10-16","acq_time":643,"satellite":"N","instrument":"VIIRS","confidence":"n","version":2,"bright_ti5":293.7,"frp":11.79,"daynight":"D","type":0},"geometry":{"type":"Point","coordinates":[105.09471,-4.42273]}},
{"type":"Feature","properties":{"latitude":-4.40339,"longitude":105.1478,"bright_ti4":336.2,"scan":0.51,"track":0.41,"acq_date":"2022-11-01","acq_time":643,"satellite":"N","instrument":"VIIRS","confidence":"n","version":2,"bright_ti5":290.03,"frp":5.46,"daynight":"D","type":0},"geometry":{"type":"Point","coordinates":[105.1478,-4.40339]}},
{"type":"Feature","properties":{"latitude":-4.21969,"longitude":104.94959,"bright_ti4":336.48,"scan":0.42,"track":0.38,"acq_date":"2022-11-12","acq_time":637,"satellite":"N","instrument":"VIIRS","confidence":"n","version":2,"bright_ti5":292.47,"frp":2.93,"daynight":"D","type":0},"geometry":{"type":"Point","coordinates":[104.94959,-4.21969]}},
{"type":"Feature","properties":{"latitude":-4.16511,"longitude":105.14867,"bright_ti4":331.29,"scan":0.42,"track":0.45,"acq_date":"2022-11-22","acq_time":649,"satellite":"N","instrument":"VIIRS","confidence":"n","version":2,"bright_ti5":299.02,"frp":4.87,"daynight":"D","type":0},"geometry":{"type":"Point","coordinates":[105.14867,-4.16511]}},
{"type":"Feature","properties":{"latitude":-5.46222,"longitude":104.19035,"bright_ti4":332.65,"scan":0.53,"track":0.42,"acq_date":"2022-01-06","acq_time":649,"satellite":"N","instrument":"VIIRS","confidence":"n","version":2,"bright_ti5":287.78,"frp":5.32,"daynight":"D","type":0},"geometry":{"type":"Point","coordinates":[104.19035,-5.46222]}},
{"type":"Feature","properties":{"latitude":-5.30502,"longitude":104.03639,"bright_ti4":325.12,"scan":0.43,"track":0.62,"acq_date":"2022-01-09","acq_time":552,"satellite":"N","instrument":"VIIRS","confidence":"n","version":2,"bright_ti5":284.0,"frp":1.79,"daynight":"D","type":0},"geometry":{"type":"Point","coordinates":[104.03639,-5.30502]}},
{"type":"Feature","properties":{"latitude":-5.66113,"longitude":104.3549,"bright_ti4":330.74,"scan":0.36,"track":0.58,"acq_date":"2022-02-22","acq_time":707,"satellite":"N","instrument":"VIIRS","confidence":"n","version":2,"bright_ti5":291.4,"frp":2.03,"daynight":"D","type":0},"geometry":{"type":"Point","coordinates":[104.3549,-5.66113]}},
{"type":"Feature","properties":{"latitude":-5.06813,"longitude":103.84038,"bright_ti4":342.34,"scan":0.43,"track":0.38,"acq_date":"2022-03-22","acq_time":642,"satellite":"N","instrument":"VIIRS","confidence":"n","version":2,"bright_ti5":285.32,"frp":10.64,"daynight":"D","type":0},"geometry":{"type":"Point","coordinates":[103.84038,-5.06813]}},
{"type":"Feature","properties":{"latitude":-4.97268,"longitude":104.11504,"bright_ti4":335.02,"scan":0.39,"track":0.36,"acq_date":"2022-03-28","acq_time":630,"satellite":"N","instrument":"VIIRS","confidence":"n","version":2,"bright_ti5":298.69,"frp":4.49,"daynight":"D","type":0},"geometry":{"type":"Point","coordinates":[104.11504,-4.97268]}},
{"type":"Feature","properties":{"latitude":-5.10231,"longitude":103.90692,"bright_ti4":329.73,"scan":0.42,"track":0.45,"acq_date":"2022-03-29","acq_time":611,"satellite":"N","instrument":"VIIRS","confidence":"n","version":2,"bright_ti5":283.84,"frp":1.7,"daynight":"D","type":0},"geometry":{"type":"Point","coordinates":[103.90692,-5.10231]}},
{"type":"Feature","properties":{"latitude":-4.91086,"longitude":103.68304,"bright_ti4":347.7,"scan":0.45,"track":0.63,"acq_date":"2022-03-30","acq_time":552,"satellite":"N","instrument":"VIIRS","confidence":"n","version":2,"bright_ti5":276.27,"frp":7.73,"daynight":"D","type":0},"geometry":{"type":"Point","coordinates":[103.68304,-4.91086]}},
{"type":"Feature","properties":{"latitude":-4.91176,"longitude":103.6815,"bright_ti4":335.56,"scan":0.45,"track":0.63,"acq_date":"2022-03-30","acq_time":552,"satellite":"N","instrument":"VIIRS","confidence":"n","version":2,"bright_ti5":276.11,"frp":5.24,"daynight":"D","type":0},"geometry":{"type":"Point","coordinates":[103.6815,-4.91176]}},
{"type":"Feature","properties":{"latitude":-5.21717,"longitude":103.98651,"bright_ti4":330.08,"scan":0.35,"track":0.57,"acq_date":"2022-04-11","acq_time":707,"satellite":"N","instrument":"VIIRS","confidence":"n","version":2,"bright_ti5":295.34,"frp":3.28,"daynight":"D","type":0},"geometry":{"type":"Point","coordinates":[103.98651,-5.21717]}},
{"type":"Feature","properties":{"latitude":-5.42328,"longitude":104.19791,"bright_ti4":332.11,"scan":0.53,"track":0.42,"acq_date":"2022-04-12","acq_time":648,"satellite":"N","instrument":"VIIRS","confidence":"n","version":2,"bright_ti5":281.17,"frp":6.79,"daynight":"D","type":0},"geometry":{"type":"Point","coordinates":[104.19791,-5.42328]}},
{"type":"Feature","properties":{"latitude":-5.42712,"longitude":104.19865,"bright_ti4":332.68,"scan":0.53,"track":0.42,"acq_date":"2022-04-12","acq_time":648,"satellite":"N","instrument":"VIIRS","confidence":"n","version":2,"bright_ti5":281.38,"frp":5.46,"daynight":"D","type":0},"geometry":{"type":"Point","coordinates":[104.19865,-5.42712]}},
{"type":"Feature","properties":{"latitude":-5.26791,"longitude":104.02249,"bright_ti4":328.73,"scan":0.39,"track":0.36,"acq_date":"2022-07-23","acq_time":636,"satellite":"N","instrument":"VIIRS","confidence":"n","version":2,"bright_ti5":294.96,"frp":1.83,"daynight":"D","type":0},"geometry":{"type":"Point","coordinates":[104.02249,-5.26791]}},
{"type":"Feature","properties":{"latitude":-5.46806,"longitude":104.22428,"bright_ti4":329.62,"scan":0.38,"track":0.36,"acq_date":"2022-09-04","acq_time":630,"satellite":"N","instrument":"VIIRS","confidence":"n","version":2,"bright_ti5":295.3,"frp":2.47,"daynight":"D","type":0},"geometry":{"type":"Point","coordinates":[104.22428,-5.46806]}},
{"type":"Feature","properties":{"latitude":-5.55916,"longitude":104.30452,"bright_ti4":329.31,"scan":0.44,"track":0.39,"acq_date":"2022-12-19","acq_time":643,"satellite":"N","instrument":"VIIRS","confidence":"n","version":2,"bright_ti5":280.3,"frp":3.5,"daynight":"D","type":0},"geometry":{"type":"Point","coordinates":[104.30452,-5.55916]}},
{"type":"Feature","properties":{"latitude":-5.30984,"longitude":104.07972,"bright_ti4":336.19,"scan":0.44,"track":0.38,"acq_date":"2022-12-19","acq_time":643,"satellite":"N","instrument":"VIIRS","confidence":"n","version":2,"bright_ti5":294.83,"frp":4.12,"daynight":"D","type":0},"geometry":{"type":"Point","coordinates":[104.07972,-5.30984]}},
{"type":"Feature","properties":{"latitude":-3.832,"longitude":105.45938,"bright_ti4":349.66,"scan":0.59,"track":0.7,"acq_date":"2022-02-27","acq_time":714,"satellite":"N","instrument":"VIIRS","confidence":"n","version":2,"bright_ti5":285.24,"frp":7.8,"daynight":"D","type":0},"geometry":{"type":"Point","coordinates":[105.45938,-3.832]}},
{"type":"Feature","properties":{"latitude":-3.80198,"longitude":105.40447,"bright_ti4":336.73,"scan":0.41,"track":0.45,"acq_date":"2022-04-09","acq_time":605,"satellite":"N","instrument":"VIIRS","confidence":"n","version":2,"bright_ti5":291.16,"frp":2.34,"daynight":"D","type":0},"geometry":{"type":"Point","coordinates":[105.40447,-3.80198]}},
{"type":"Feature","properties":{"latitude":-3.80003,"longitude":105.40376,"bright_ti4":337.14,"scan":0.41,"track":0.45,"acq_date":"2022-04-09","acq_time":605,"satellite":"N","instrument":"VIIRS","confidence":"n","version":2,"bright_ti5":288.04,"frp":3.1,"daynight":"D","type":0},"geometry":{"type":"Point","coordinates":[105.40376,-3.80003]}},
{"type":"Feature","properties":{"latitude":-4.13774,"longitude":105.2991,"bright_ti4":326.77,"scan":0.44,"track":0.63,"acq_date":"2022-06-13","acq_time":545,"satellite":"N","instrument":"VIIRS","confidence":"n","version":2,"bright_ti5":276.44,"frp":2.63,"daynight":"D","type":0},"geometry":{"type":"Point","coordinates":[105.2991,-4.13774]}},
{"type":"Feature","properties":{"latitude":-4.15055,"longitude":105.32858,"bright_ti4":331.64,"scan":0.34,"track":0.56,"acq_date":"2022-07-04","acq_time":552,"satellite":"N","instrument":"VIIRS","confidence":"n","version":2,"bright_ti5":291.33,"frp":4.12,"daynight":"D","type":0},"geometry":{"type":"Point","coordinates":[105.32858,-4.15055]}},
{"type":"Feature","properties":{"latitude":-4.15168,"longitude":105.32889,"bright_ti4":306.94,"scan":0.4,"track":0.37,"acq_date":"2022-07-05","acq_time":1816,"satellite":"N","instrument":"VIIRS","confidence":"n","version":2,"bright_ti5":288.98,"frp":1.45,"daynight":"N","type":0},"geometry":{"type":"Point","coordinates":[105.32889,-4.15168]}},
{"type":"Feature","properties":{"latitude":-4.15224,"longitude":105.33244,"bright_ti4":335.34,"scan":0.4,"track":0.37,"acq_date":"2022-07-05","acq_time":1816,"satellite":"N","instrument":"VIIRS","confidence":"n","version":2,"bright_ti5":289.72,"frp":3.17,"daynight":"N","type":0},"geometry":{"type":"Point","coordinates":[105.33244,-4.15224]}},
{"type":"Feature","properties":{"latitude":-4.08135,"longitude":105.37608,"bright_ti4":331.85,"scan":0.51,"track":0.49,"acq_date":"2022-09-27","acq_time":559,"satellite":"N","instrument":"VIIRS","confidence":"n","version":2,"bright_ti5":284.34,"frp":3.02,"daynight":"D","type":0},"geometry":{"type":"Point","coordinates":[105.37608,-4.08135]}},
{"type":"Feature","properties":{"latitude":-3.82168,"longitude":105.41118,"bright_ti4":346.86,"scan":0.54,"track":0.42,"acq_date":"2022-09-30","acq_time":643,"satellite":"N","instrument":"VIIRS","confidence":"n","version":2,"bright_ti5":293.13,"frp":6.76,"daynight":"D","type":0},"geometry":{"type":"Point","coordinates":[105.41118,-3.82168]}},
{"type":"Feature","properties":{"latitude":-3.82246,"longitude":105.40632,"bright_ti4":332.45,"scan":0.54,"track":0.42,"acq_date":"2022-09-30","acq_time":643,"satellite":"N","instrument":"VIIRS","confidence":"n","version":2,"bright_ti5":291.86,"frp":6.76,"daynight":"D","type":0},"geometry":{"type":"Point","coordinates":[105.40632,-3.82246]}},
{"type":"Feature","properties":{"latitude":-3.81779,"longitude":105.41058,"bright_ti4":335.25,"scan":0.54,"track":0.42,"acq_date":"2022-09-30","acq_time":643,"satellite":"N","instrument":"VIIRS","confidence":"n","version":2,"bright_ti5":292.24,"frp":6.76,"daynight":"D","type":0},"geometry":{"type":"Point","coordinates":[105.41058,-3.81779]}},
{"type":"Feature","properties":{"latitude":-4.09575,"longitude":105.4362,"bright_ti4":332.17,"scan":0.44,"track":0.38,"acq_date":"2022-11-28","acq_time":636,"satellite":"N","instrument":"VIIRS","confidence":"n","version":2,"bright_ti5":290.8,"frp":4.76,"daynight":"D","type":0},"geometry":{"type":"Point","coordinates":[105.4362,-4.09575]}},
{"type":"Feature","properties":{"latitude":-5.75418,"longitude":105.09228,"bright_ti4":340.65,"scan":0.48,"track":0.4,"acq_date":"2022-11-01","acq_time":643,"satellite":"N","instrument":"VIIRS","confidence":"n","version":2,"bright_ti5":289.64,"frp":6.16,"daynight":"D","type":0},"geometry":{"type":"Point","coordinates":[105.09228,-5.75418]}},
{"type":"Feature","properties":{"latitude":-4.45647,"longitude":105.7496,"bright_ti4":347.39,"scan":0.4,"track":0.44,"acq_date":"2022-04-25","acq_time":604,"satellite":"N","instrument":"VIIRS","confidence":"n","version":2,"bright_ti5":286.35,"frp":8.35,"daynight":"D","type":0},"geometry":{"type":"Point","coordinates":[105.7496,-4.45647]}},
{"type":"Feature","properties":{"latitude":-4.457,"longitude":105.74601,"bright_ti4":345.4,"scan":0.4,"track":0.44,"acq_date":"2022-04-25","acq_time":604,"satellite":"N","instrument":"VIIRS","confidence":"n","version":2,"bright_ti5":285.94,"frp":8.35,"daynight":"D","type":0},"geometry":{"type":"Point","coordinates":[105.74601,-4.457]}},
{"type":"Feature","properties":{"latitude":-4.45752,"longitude":105.74242,"bright_ti4":340.37,"scan":0.4,"track":0.44,"acq_date":"2022-04-25","acq_time":604,"satellite":"N","instrument":"VIIRS","confidence":"n","version":2,"bright_ti5":287.65,"frp":11.83,"daynight":"D","type":0},"geometry":{"type":"Point","coordinates":[105.74242,-4.45752]}},
{"type":"Feature","properties":{"latitude":-4.45857,"longitude":105.73524,"bright_ti4":336.86,"scan":0.4,"track":0.44,"acq_date":"2022-04-25","acq_time":604,"satellite":"N","instrument":"VIIRS","confidence":"n","version":2,"bright_ti5":289.82,"frp":3.21,"daynight":"D","type":0},"geometry":{"type":"Point","coordinates":[105.73524,-4.45857]}},
{"type":"Feature","properties":{"latitude":-4.46055,"longitude":105.7502,"bright_ti4":354.31,"scan":0.4,"track":0.44,"acq_date":"2022-04-25","acq_time":604,"satellite":"N","instrument":"VIIRS","confidence":"n","version":2,"bright_ti5":289.96,"frp":8.35,"daynight":"D","type":0},"geometry":{"type":"Point","coordinates":[105.7502,-4.46055]}},
{"type":"Feature","properties":{"latitude":-4.46841,"longitude":105.78643,"bright_ti4":336.7,"scan":0.53,"track":0.67,"acq_date":"2022-05-23","acq_time":539,"satellite":"N","instrument":"VIIRS","confidence":"n","version":2,"bright_ti5":288.26,"frp":7.0,"daynight":"D","type":0},"geometry":{"type":"Point","coordinates":[105.78643,-4.46841]}},
{"type":"Feature","properties":{"latitude":-4.4677,"longitude":105.79133,"bright_ti4":350.98,"scan":0.53,"track":0.67,"acq_date":"2022-05-23","acq_time":539,"satellite":"N","instrument":"VIIRS","confidence":"n","version":2,"bright_ti5":288.92,"frp":12.28,"daynight":"D","type":0},"geometry":{"type":"Point","coordinates":[105.79133,-4.4677]}},
{"type":"Feature","properties":{"latitude":-4.46549,"longitude":105.78893,"bright_ti4":340.47,"scan":0.53,"track":0.67,"acq_date":"2022-05-23","acq_time":539,"satellite":"N","instrument":"VIIRS","confidence":"n","version":2,"bright_ti5":288.35,"frp":7.77,"daynight":"D","type":0},"geometry":{"type":"Point","coordinates":[105.78893,-4.46549]}},
{"type":"Feature","properties":{"latitude":-4.47176,"longitude":105.78981,"bright_ti4":350.67,"scan":0.53,"track":0.67,"acq_date":"2022-05-23","acq_time":539,"satellite":"N","instrument":"VIIRS","confidence":"n","version":2,"bright_ti5":288.98,"frp":7.77,"daynight":"D","type":0},"geometry":{"type":"Point","coordinates":[105.78981,-4.47176]}},
{"type":"Feature","properties":{"latitude":-4.43407,"longitude":105.51254,"bright_ti4":337.33,"scan":0.52,"track":0.41,"acq_date":"2022-06-10","acq_time":642,"satellite":"N","instrument":"VIIRS","confidence":"n","version":2,"bright_ti5":289.36,"frp":9.41,"daynight":"D","type":0},"geometry":{"type":"Point","coordinates":[105.51254,-4.43407]}},
{"type":"Feature","properties":{"latitude":-4.44576,"longitude":105.6105,"bright_ti4":332.87,"scan":0.52,"track":0.42,"acq_date":"2022-06-10","acq_time":642,"satellite":"N","instrument":"VIIRS","confidence":"n","version":2,"bright_ti5":291.6,"frp":5.72,"daynight":"D","type":0},"geometry":{"type":"Point","coordinates":[105.6105,-4.44576]}},
{"type":"Feature","properties":{"latitude":-4.43521,"longitude":105.51431,"bright_ti4":332.71,"scan":0.52,"track":0.41,"acq_date":"2022-06-10","acq_time":642,"satellite":"N","instrument":"VIIRS","confidence":"n","version":2,"bright_ti5":288.91,"frp":10.04,"daynight":"D","type":0},"geometry":{"type":"Point","coordinates":[105.51431,-4.43521]}},
{"type":"Feature","properties":{"latitude":-4.43735,"longitude":105.54015,"bright_ti4":302.25,"scan":0.36,"track":0.57,"acq_date":"2022-06-10","acq_time":1744,"satellite":"N","instrument":"VIIRS","confidence":"n","version":2,"bright_ti5":284.91,"frp":0.31,"daynight":"N","type":0},"geometry":{"type":"Point","coordinates":[105.54015,-4.43735]}},
{"type":"Feature","properties":{"latitude":-4.44264,"longitude":105.53923,"bright_ti4":303.8,"scan":0.36,"track":0.57,"acq_date":"2022-06-10","acq_time":1744,"satellite":"N","instrument":"VIIRS","confidence":"n","version":2,"bright_ti5":284.98,"frp":0.38,"daynight":"N","type":0},"geometry":{"type":"Point","coordinates":[105.53923,-4.44264]}},
{"type":"Feature","properties":{"latitude":-4.43565,"longitude":105.63327,"bright_ti4":329.31,"scan":0.39,"track":0.36,"acq_date":"2022-06-11","acq_time":623,"satellite":"N","instrument":"VIIRS","confidence":"n","version":2,"bright_ti5":288.81,"frp":3.36,"daynight":"D","type":0},"geometry":{"type":"Point","coordinates":[105.63327,-4.43565]}},
{"type":"Feature","properties":{"latitude":-4.44361,"longitude":105.58551,"bright_ti4":328.97,"scan":0.58,"track":0.7,"acq_date":"2022-06-19","acq_time":713,"satellite":"N","instrument":"VIIRS","confidence":"n","version":2,"bright_ti5":280.46,"frp":2.8,"daynight":"D","type":0},"geometry":{"type":"Point","coordinates":[105.58551,-4.44361]}},
{"type":"Feature","properties":{"latitude":-4.48076,"longitude":105.37943,"bright_ti4":332.02,"scan":0.39,"track":0.36,"acq_date":"2022-06-27","acq_time":623,"satellite":"N","instrument":"VIIRS","confidence":"n","version":2,"bright_ti5":289.93,"frp":2.13,"daynight":"D","type":0},"geometry":{"type":"Point","coordinates":[105.37943,-4.48076]}},
{"type":"Feature","properties":{"latitude":-4.47754,"longitude":105.78488,"bright_ti4":329.41,"scan":0.38,"track":0.36,"acq_date":"2022-06-27","acq_time":623,"satellite":"N","instrument":"VIIRS","confidence":"n","version":2,"bright_ti5":294.3,"frp":3.09,"daynight":"D","type":0},"geometry":{"type":"Point","coordinates":[105.78488,-4.47754]}},
{"type":"Feature","properties":{"latitude":-4.4562,"longitude":105.72827,"bright_ti4":367.0,"scan":0.32,"track":0.55,"acq_date":"2022-07-04","acq_time":552,"satellite":"N","instrument":"VIIRS","confidence":"h","version":2,"bright_ti5":293.96,"frp":10.6,"daynight":"D","type":0},"geometry":{"type":"Point","coordinates":[105.72827,-4.4562]}},
{"type":"Feature","properties":{"latitude":-4.45578,"longitude":105.73121,"bright_ti4":343.05,"scan":0.32,"track":0.55,"acq_date":"2022-07-04","acq_time":552,"satellite":"N","instrument":"VIIRS","confidence":"n","version":2,"bright_ti5":293.17,"frp":10.6,"daynight":"D","type":0},"geometry":{"type":"Point","coordinates":[105.73121,-4.45578]}},
{"type":"Feature","properties":{"latitude":-4.45661,"longitude":105.72534,"bright_ti4":328.97,"scan":0.32,"track":0.55,"acq_date":"2022-07-04","acq_time":552,"satellite":"N","instrument":"VIIRS","confidence":"n","version":2,"bright_ti5":291.63,"frp":6.1,"daynight":"D","type":0},"geometry":{"type":"Point","coordinates":[105.72534,-4.45661]}},
{"type":"Feature","properties":{"latitude":-4.44956,"longitude":105.6516,"bright_ti4":334.35,"scan":0.42,"track":0.37,"acq_date":"2022-07-08","acq_time":617,"satellite":"N","instrument":"VIIRS","confidence":"n","version":2,"bright_ti5":299.39,"frp":5.01,"daynight":"D","type":0},"geometry":{"type":"Point","coordinates":[105.6516,-4.44956]}},
{"type":"Feature","properties":{"latitude":-4.41487,"longitude":105.74191,"bright_ti4":352.19,"scan":0.41,"track":0.37,"acq_date":"2022-07-08","acq_time":617,"satellite":"N","instrument":"VIIRS","confidence":"n","version":2,"bright_ti5":301.54,"frp":11.5,"daynight":"D","type":0},"geometry":{"type":"Point","coordinates":[105.74191,-4.41487]}},
{"type":"Feature","properties":{"latitude":-4.41831,"longitude":105.74242,"bright_ti4":338.37,"scan":0.41,"track":0.37,"acq_date":"2022-07-08","acq_time":617,"satellite":"N","instrument":"VIIRS","confidence":"n","version":2,"bright_ti5":299.0,"frp":4.14,"daynight":"D","type":0},"geometry":{"type":"Point","coordinates":[105.74242,-4.41831]}},
{"type":"Feature","properties":{"latitude":-4.44611,"longitude":105.65108,"bright_ti4":342.6,"scan":0.42,"track":0.37,"acq_date":"2022-07-08","acq_time":617,"satellite":"N","instrument":"VIIRS","confidence":"n","version":2,"bright_ti5":297.39,"frp":5.01,"daynight":"D","type":0},"geometry":{"type":"Point","coordinates":[105.65108,-4.44611]}},
{"type":"Feature","properties":{"latitude":-4.45917,"longitude":105.58777,"bright_ti4":335.88,"scan":0.42,"track":0.38,"acq_date":"2022-07-08","acq_time":617,"satellite":"N","instrument":"VIIRS","confidence":"n","version":2,"bright_ti5":300.98,"frp":6.56,"daynight":"D","type":0},"geometry":{"type":"Point","coordinates":[105.58777,-4.45917]}},
{"type":"Feature","properties":{"latitude":-4.4586,"longitude":105.59155,"bright_ti4":332.94,"scan":0.42,"track":0.37,"acq_date":"2022-07-08","acq_time":617,"satellite":"N","instrument":"VIIRS","confidence":"n","version":2,"bright_ti5":300.56,"frp":9.16,"daynight":"D","type":0},"geometry":{"type":"Point","coordinates":[105.59155,-4.4586]}},
{"type":"Feature","properties":{"latitude":-4.45012,"longitude":105.64787,"bright_ti4":333.03,"scan":0.42,"track":0.37,"acq_date":"2022-07-08","acq_time":617,"satellite":"N","instrument":"VIIRS","confidence":"n","version":2,"bright_ti5":299.07,"frp":6.64,"daynight":"D","type":0},"geometry":{"type":"Point","coordinates":[105.64787,-4.45012]}},
{"type":"Feature","properties":{"latitude":-4.44246,"longitude":105.76878,"bright_ti4":341.64,"scan":0.41,"track":0.37,"acq_date":"2022-07-08","acq_time":617,"satellite":"N","instrument":"VIIRS","confidence":"n","version":2,"bright_ti5":300.31,"frp":6.02,"daynight":"D","type":0},"geometry":{"type":"Point","coordinates":[105.76878,-4.44246]}},
{"type":"Feature","properties":{"latitude":-4.46415,"longitude":105.75715,"bright_ti4":333.87,"scan":0.41,"track":0.37,"acq_date":"2022-07-08","acq_time":617,"satellite":"N","instrument":"VIIRS","confidence":"n","version":2,"bright_ti5":300.35,"frp":2.04,"daynight":"D","type":0},"geometry":{"type":"Point","coordinates":[105.75715,-4.46415]}},
{"type":"Feature","properties":{"latitude":-4.47531,"longitude":105.74164,"bright_ti4":356.77,"scan":0.37,"track":0.58,"acq_date":"2022-07-11","acq_time":701,"satellite":"N","instrument":"VIIRS","confidence":"l","version":2,"bright_ti5":287.27,"frp":16.14,"daynight":"D","type":0},"geometry":{"type":"Point","coordinates":[105.74164,-4.47531]}},
{"type":"Feature","properties":{"latitude":-4.47588,"longitude":105.73828,"bright_ti4":332.56,"scan":0.37,"track":0.58,"acq_date":"2022-07-11","acq_time":701,"satellite":"N","instrument":"VIIRS","confidence":"n","version":2,"bright_ti5":282.87,"frp":16.14,"daynight":"D","type":0},"geometry":{"type":"Point","coordinates":[105.73828,-4.47588]}},
{"type":"Feature","properties":{"latitude":-4.43737,"longitude":105.72077,"bright_ti4":341.47,"scan":0.45,"track":0.47,"acq_date":"2022-07-17","acq_time":649,"satellite":"N","instrument":"VIIRS","confidence":"n","version":2,"bright_ti5":272.97,"frp":6.13,"daynight":"D","type":0},"geometry":{"type":"Point","coordinates":[105.72077,-4.43737]}},
{"type":"Feature","properties":{"latitude":-4.43539,"longitude":105.43186,"bright_ti4":330.94,"scan":0.46,"track":0.63,"acq_date":"2022-08-17","acq_time":708,"satellite":"N","instrument":"VIIRS","confidence":"n","version":2,"bright_ti5":292.91,"frp":3.58,"daynight":"D","type":0},"geometry":{"type":"Point","coordinates":[105.43186,-4.43539]}},
{"type":"Feature","properties":{"latitude":-4.4543,"longitude":105.55589,"bright_ti4":333.22,"scan":0.44,"track":0.39,"acq_date":"2022-08-24","acq_time":636,"satellite":"N","instrument":"VIIRS","confidence":"n","version":2,"bright_ti5":298.53,"frp":2.78,"daynight":"D","type":0},"geometry":{"type":"Point","coordinates":[105.55589,-4.4543]}},
{"type":"Feature","properties":{"latitude":-4.4382,"longitude":105.7244,"bright_ti4":340.66,"scan":0.38,"track":0.36,"acq_date":"2022-09-15","acq_time":624,"satellite":"N","instrument":"VIIRS","confidence":"n","version":2,"bright_ti5":302.47,"frp":19.59,"daynight":"D","type":0},"geometry":{"type":"Point","coordinates":[105.7244,-4.4382]}},
{"type":"Feature","properties":{"latitude":-4.43768,"longitude":105.72787,"bright_ti4":343.62,"scan":0.38,"track":0.36,"acq_date":"2022-09-15","acq_time":624,"satellite":"N","instrument":"VIIRS","confidence":"n","version":2,"bright_ti5":301.45,"frp":17.88,"daynight":"D","type":0},"geometry":{"type":"Point","coordinates":[105.72787,-4.43768]}},
{"type":"Feature","properties":{"latitude":-4.40327,"longitude":105.73139,"bright_ti4":334.37,"scan":0.41,"track":0.37,"acq_date":"2022-09-26","acq_time":618,"satellite":"N","instrument":"VIIRS","confidence":"n","version":2,"bright_ti5":302.33,"frp":3.66,"daynight":"D","type":0},"geometry":{"type":"Point","coordinates":[105.73139,-4.40327]}},
{"type":"Feature","properties":{"latitude":-4.36379,"longitude":105.40656,"bright_ti4":330.89,"scan":0.36,"track":0.57,"acq_date":"2022-09-29","acq_time":702,"satellite":"N","instrument":"VIIRS","confidence":"n","version":2,"bright_ti5":290.23,"frp":2.61,"daynight":"D","type":0},"geometry":{"type":"Point","coordinates":[105.40656,-4.36379]}},
{"type":"Feature","properties":{"latitude":-4.38802,"longitude":105.42628,"bright_ti4":326.68,"scan":0.36,"track":0.57,"acq_date":"2022-10-15","acq_time":702,"satellite":"N","instrument":"VIIRS","confidence":"n","version":2,"bright_ti5":280.75,"frp":2.63,"daynight":"D","type":0},"geometry":{"type":"Point","coordinates":[105.42628,-4.38802]}},
{"type":"Feature","properties":{"latitude":-4.39092,"longitude":105.71002,"bright_ti4":335.07,"scan":0.48,"track":0.4,"acq_date":"2022-10-23","acq_time":612,"satellite":"N","instrument":"VIIRS","confidence":"l","version":2,"bright_ti5":288.99,"frp":15.62,"daynight":"D","type":0},"geometry":{"type":"Point","coordinates":[105.71002,-4.39092]}},
{"type":"Feature","properties":{"latitude":-4.43335,"longitude":105.45087,"bright_ti4":334.1,"scan":0.39,"track":0.36,"acq_date":"2022-11-02","acq_time":624,"satellite":"N","instrument":"VIIRS","confidence":"n","version":2,"bright_ti5":295.47,"frp":1.74,"daynight":"D","type":0},"geometry":{"type":"Point","coordinates":[105.45087,-4.43335]}},
{"type":"Feature","properties":{"latitude":-4.47554,"longitude":105.58463,"bright_ti4":344.2,"scan":0.59,"track":0.7,"acq_date":"2022-11-10","acq_time":714,"satellite":"N","instrument":"VIIRS","confidence":"n","version":2,"bright_ti5":277.52,"frp":11.06,"daynight":"D","type":0},"geometry":{"type":"Point","coordinates":[105.58463,-4.47554]}},
{"type":"Feature","properties":{"latitude":-4.47877,"longitude":105.60056,"bright_ti4":330.57,"scan":0.56,"track":0.51,"acq_date":"2022-11-27","acq_time":655,"satellite":"N","instrument":"VIIRS","confidence":"n","version":2,"bright_ti5":276.59,"frp":3.65,"daynight":"D","type":0},"geometry":{"type":"Point","coordinates":[105.60056,-4.47877]}},
{"type":"Feature","properties":{"latitude":-4.52565,"longitude":104.48622,"bright_ti4":336.68,"scan":0.57,"track":0.43,"acq_date":"2022-03-27","acq_time":648,"satellite":"N","instrument":"VIIRS","confidence":"n","version":2,"bright_ti5":300.76,"frp":59.84,"daynight":"D","type":0},"geometry":{"type":"Point","coordinates":[104.48622,-4.52565]}},
{"type":"Feature","properties":{"latitude":-4.32151,"longitude":104.69129,"bright_ti4":334.69,"scan":0.41,"track":0.37,"acq_date":"2022-04-02","acq_time":636,"satellite":"N","instrument":"VIIRS","confidence":"n","version":2,"bright_ti5":295.89,"frp":3.0,"daynight":"D","type":0},"geometry":{"type":"Point","coordinates":[104.69129,-4.32151]}},
{"type":"Feature","properties":{"latitude":-4.3211,"longitude":104.69081,"bright_ti4":334.42,"scan":0.41,"track":0.37,"acq_date":"2022-04-02","acq_time":636,"satellite":"N","instrument":"VIIRS","confidence":"n","version":2,"bright_ti5":296.34,"frp":3.27,"daynight":"D","type":0},"geometry":{"type":"Point","coordinates":[104.69081,-4.3211]}},
{"type":"Feature","properties":{"latitude":-4.26135,"longitude":104.77843,"bright_ti4":334.04,"scan":0.54,"track":0.42,"acq_date":"2022-04-14","acq_time":611,"satellite":"N","instrument":"VIIRS","confidence":"n","version":2,"bright_ti5":297.34,"frp":82.21,"daynight":"D","type":0},"geometry":{"type":"Point","coordinates":[104.77843,-4.26135]}},
{"type":"Feature","properties":{"latitude":-4.26525,"longitude":104.779,"bright_ti4":337.57,"scan":0.54,"track":0.42,"acq_date":"2022-04-14","acq_time":611,"satellite":"N","instrument":"VIIRS","confidence":"n","version":2,"bright_ti5":296.28,"frp":9.09,"daynight":"D","type":0},"geometry":{"type":"Point","coordinates":[104.779,-4.26525]}},
{"type":"Feature","properties":{"latitude":-4.39071,"longitude":104.87997,"bright_ti4":327.53,"scan":0.53,"track":0.67,"acq_date":"2022-04-16","acq_time":713,"satellite":"N","instrument":"VIIRS","confidence":"n","version":2,"bright_ti5":288.47,"frp":2.88,"daynight":"D","type":0},"geometry":{"type":"Point","coordinates":[104.87997,-4.39071]}},
{"type":"Feature","properties":{"latitude":-4.38875,"longitude":104.87821,"bright_ti4":336.78,"scan":0.53,"track":0.67,"acq_date":"2022-04-16","acq_time":713,"satellite":"N","instrument":"VIIRS","confidence":"n","version":2,"bright_ti5":288.97,"frp":3.94,"daynight":"D","type":0},"geometry":{"type":"Point","coordinates":[104.87821,-4.38875]}},
{"type":"Feature","properties":{"latitude":-4.24967,"longitude":104.76291,"bright_ti4":340.24,"scan":0.54,"track":0.42,"acq_date":"2022-04-30","acq_time":611,"satellite":"N","instrument":"VIIRS","confidence":"n","version":2,"bright_ti5":282.79,"frp":9.46,"daynight":"D","type":0},"geometry":{"type":"Point","coordinates":[104.76291,-4.24967]}},
{"type":"Feature","properties":{"latitude":-4.24916,"longitude":104.76521,"bright_ti4":340.75,"scan":0.54,"track":0.42,"acq_date":"2022-04-30","acq_time":611,"satellite":"N","instrument":"VIIRS","confidence":"n","version":2,"bright_ti5":282.13,"frp":13.21,"daynight":"D","type":0},"geometry":{"type":"Point","coordinates":[104.76521,-4.24916]}},
{"type":"Feature","properties":{"latitude":-4.4753,"longitude":104.50507,"bright_ti4":334.8,"scan":0.57,"track":0.43,"acq_date":"2022-04-30","acq_time":611,"satellite":"N","instrument":"VIIRS","confidence":"n","version":2,"bright_ti5":290.11,"frp":5.44,"daynight":"D","type":0},"geometry":{"type":"Point","coordinates":[104.50507,-4.4753]}},
{"type":"Feature","properties":{"latitude":-4.43224,"longitude":104.57709,"bright_ti4":328.76,"scan":0.56,"track":0.43,"acq_date":"2022-04-30","acq_time":611,"satellite":"N","instrument":"VIIRS","confidence":"n","version":2,"bright_ti5":284.66,"frp":3.22,"daynight":"D","type":0},"geometry":{"type":"Point","coordinates":[104.57709,-4.43224]}},
{"type":"Feature","properties":{"latitude":-4.34038,"longitude":104.62896,"bright_ti4":331.53,"scan":0.4,"track":0.37,"acq_date":"2022-05-10","acq_time":623,"satellite":"N","instrument":"VIIRS","confidence":"n","version":2,"bright_ti5":296.38,"frp":2.29,"daynight":"D","type":0},"geometry":{"type":"Point","coordinates":[104.62896,-4.34038]}},
{"type":"Feature","properties":{"latitude":-4.27387,"longitude":104.85647,"bright_ti4":319.3,"scan":0.38,"track":0.36,"acq_date":"2022-05-23","acq_time":1822,"satellite":"N","instrument":"VIIRS","confidence":"n","version":2,"bright_ti5":290.91,"frp":1.8,"daynight":"N","type":0},"geometry":{"type":"Point","coordinates":[104.85647,-4.27387]}},
{"type":"Feature","properties":{"latitude":-4.34228,"longitude":104.8305,"bright_ti4":329.04,"scan":0.46,"track":0.47,"acq_date":"2022-05-27","acq_time":604,"satellite":"N","instrument":"VIIRS","confidence":"n","version":2,"bright_ti5":287.93,"frp":2.3,"daynight":"D","type":0},"geometry":{"type":"Point","coordinates":[104.8305,-4.34228]}},
{"type":"Feature","properties":{"latitude":-4.30445,"longitude":104.79578,"bright_ti4":343.9,"scan":0.38,"track":0.59,"acq_date":"2022-06-02","acq_time":551,"satellite":"N","instrument":"VIIRS","confidence":"n","version":2,"bright_ti5":287.2,"frp":3.85,"daynight":"D","type":0},"geometry":{"type":"Point","coordinates":[104.79578,-4.30445]}},
{"type":"Feature","properties":{"latitude":-4.26935,"longitude":104.63289,"bright_ti4":328.02,"scan":0.5,"track":0.66,"acq_date":"2022-06-03","acq_time":713,"satellite":"N","instrument":"VIIRS","confidence":"n","version":2,"bright_ti5":287.55,"frp":3.95,"daynight":"D","type":0},"geometry":{"type":"Point","coordinates":[104.63289,-4.26935]}},
{"type":"Feature","properties":{"latitude":-4.24655,"longitude":104.91986,"bright_ti4":334.08,"scan":0.47,"track":0.64,"acq_date":"2022-06-13","acq_time":545,"satellite":"N","instrument":"VIIRS","confidence":"n","version":2,"bright_ti5":279.59,"frp":12.56,"daynight":"D","type":0},"geometry":{"type":"Point","coordinates":[104.91986,-4.24655]}},
{"type":"Feature","properties":{"latitude":-4.24718,"longitude":104.91553,"bright_ti4":351.76,"scan":0.47,"track":0.64,"acq_date":"2022-06-13","acq_time":545,"satellite":"N","instrument":"VIIRS","confidence":"n","version":2,"bright_ti5":278.98,"frp":10.14,"daynight":"D","type":0},"geometry":{"type":"Point","coordinates":[104.91553,-4.24718]}},
{"type":"Feature","properties":{"latitude":-4.32189,"longitude":104.81667,"bright_ti4":302.95,"scan":0.47,"track":0.4,"acq_date":"2022-06-14","acq_time":1810,"satellite":"N","instrument":"VIIRS","confidence":"n","version":2,"bright_ti5":289.19,"frp":0.56,"daynight":"N","type":0},"geometry":{"type":"Point","coordinates":[104.81667,-4.32189]}},
{"type":"Feature","properties":{"latitude":-4.40679,"longitude":104.43126,"bright_ti4":295.78,"scan":0.36,"track":0.57,"acq_date":"2022-06-22","acq_time":1900,"satellite":"N","instrument":"VIIRS","confidence":"n","version":2,"bright_ti5":275.46,"frp":0.54,"daynight":"N","type":0},"geometry":{"type":"Point","coordinates":[104.43126,-4.40679]}},
{"type":"Feature","properties":{"latitude":-4.40885,"longitude":104.43045,"bright_ti4":330.56,"scan":0.39,"track":0.36,"acq_date":"2022-06-24","acq_time":1822,"satellite":"N","instrument":"VIIRS","confidence":"n","version":2,"bright_ti5":288.48,"frp":3.43,"daynight":"N","type":0},"geometry":{"type":"Point","coordinates":[104.43045,-4.40885]}},
{"type":"Feature","properties":{"latitude":-4.25022,"longitude":104.65928,"bright_ti4":350.12,"scan":0.51,"track":0.66,"acq_date":"2022-07-05","acq_time":714,"satellite":"N","instrument":"VIIRS","confidence":"n","version":2,"bright_ti5":284.66,"frp":8.08,"daynight":"D","type":0},"geometry":{"type":"Point","coordinates":[104.65928,-4.25022]}},
{"type":"Feature","properties":{"latitude":-4.25104,"longitude":104.65463,"bright_ti4":339.17,"scan":0.51,"track":0.66,"acq_date":"2022-07-05","acq_time":714,"satellite":"N","instrument":"VIIRS","confidence":"n","version":2,"bright_ti5":284.13,"frp":8.08,"daynight":"D","type":0},"geometry":{"type":"Point","coordinates":[104.65463,-4.25104]}},
{"type":"Feature","properties":{"latitude":-4.25224,"longitude":104.65484,"bright_ti4":341.26,"scan":0.51,"track":0.66,"acq_date":"2022-07-05","acq_time":714,"satellite":"N","instrument":"VIIRS","confidence":"n","version":2,"bright_ti5":283.78,"frp":8.66,"daynight":"D","type":0},"geometry":{"type":"Point","coordinates":[104.65484,-4.25224]}},
{"type":"Feature","properties":{"latitude":-4.25145,"longitude":104.65951,"bright_ti4":349.19,"scan":0.51,"track":0.66,"acq_date":"2022-07-05","acq_time":714,"satellite":"N","instrument":"VIIRS","confidence":"n","version":2,"bright_ti5":283.92,"frp":8.66,"daynight":"D","type":0},"geometry":{"type":"Point","coordinates":[104.65951,-4.25145]}},
{"type":"Feature","properties":{"latitude":-4.42682,"longitude":104.6052,"bright_ti4":329.1,"scan":0.48,"track":0.48,"acq_date":"2022-07-06","acq_time":655,"satellite":"N","instrument":"VIIRS","confidence":"n","version":2,"bright_ti5":291.61,"frp":3.55,"daynight":"D","type":0},"geometry":{"type":"Point","coordinates":[104.6052,-4.42682]}},
{"type":"Feature","properties":{"latitude":-4.7539,"longitude":104.46595,"bright_ti4":333.37,"scan":0.47,"track":0.4,"acq_date":"2022-07-08","acq_time":617,"satellite":"N","instrument":"VIIRS","confidence":"n","version":2,"bright_ti5":298.85,"frp":3.62,"daynight":"D","type":0},"geometry":{"type":"Point","coordinates":[104.46595,-4.7539]}},
{"type":"Feature","properties":{"latitude":-4.75398,"longitude":104.46504,"bright_ti4":334.31,"scan":0.47,"track":0.4,"acq_date":"2022-07-08","acq_time":617,"satellite":"N","instrument":"VIIRS","confidence":"n","version":2,"bright_ti5":299.1,"frp":3.56,"daynight":"D","type":0},"geometry":{"type":"Point","coordinates":[104.46504,-4.75398]}},
{"type":"Feature","properties":{"latitude":-4.27267,"longitude":104.80515,"bright_ti4":331.26,"scan":0.58,"track":0.52,"acq_date":"2022-07-09","acq_time":558,"satellite":"N","instrument":"VIIRS","confidence":"n","version":2,"bright_ti5":293.44,"frp":6.24,"daynight":"D","type":0},"geometry":{"type":"Point","coordinates":[104.80515,-4.27267]}},
{"type":"Feature","properties":{"latitude":-4.30098,"longitude":104.71187,"bright_ti4":339.35,"scan":0.59,"track":0.52,"acq_date":"2022-07-09","acq_time":558,"satellite":"N","instrument":"VIIRS","confidence":"n","version":2,"bright_ti5":295.13,"frp":7.17,"daynight":"D","type":0},"geometry":{"type":"Point","coordinates":[104.71187,-4.30098]}},
{"type":"Feature","properties":{"latitude":-4.43684,"longitude":104.73408,"bright_ti4":335.4,"scan":0.54,"track":0.42,"acq_date":"2022-07-19","acq_time":611,"satellite":"N","instrument":"VIIRS","confidence":"n","version":2,"bright_ti5":293.24,"frp":10.94,"daynight":"D","type":0},"geometry":{"type":"Point","coordinates":[104.73408,-4.43684]}},
{"type":"Feature","properties":{"latitude":-4.32278,"longitude":104.82183,"bright_ti4":310.39,"scan":0.4,"track":0.37,"acq_date":"2022-07-21","acq_time":1816,"satellite":"N","instrument":"VIIRS","confidence":"n","version":2,"bright_ti5":287.86,"frp":0.68,"daynight":"N","type":0},"geometry":{"type":"Point","coordinates":[104.82183,-4.32278]}},
{"type":"Feature","properties":{"latitude":-4.33009,"longitude":104.80196,"bright_ti4":312.88,"scan":0.41,"track":0.37,"acq_date":"2022-07-21","acq_time":1816,"satellite":"N","instrument":"VIIRS","confidence":"n","version":2,"bright_ti5":288.68,"frp":1.04,"daynight":"N","type":0},"geometry":{"type":"Point","coordinates":[104.80196,-4.33009]}},
{"type":"Feature","properties":{"latitude":-4.25535,"longitude":104.90355,"bright_ti4":332.02,"scan":0.42,"track":0.38,"acq_date":"2022-07-23","acq_time":636,"satellite":"N","instrument":"VIIRS","confidence":"n","version":2,"bright_ti5":294.34,"frp":3.05,"daynight":"D","type":0},"geometry":{"type":"Point","coordinates":[104.90355,-4.25535]}},
{"type":"Feature","properties":{"latitude":-4.45712,"longitude":104.57384,"bright_ti4":340.78,"scan":0.62,"track":0.54,"acq_date":"2022-08-12","acq_time":701,"satellite":"N","instrument":"VIIRS","confidence":"n","version":2,"bright_ti5":293.99,"frp":15.48,"daynight":"D","type":0},"geometry":{"type":"Point","coordinates":[104.57384,-4.45712]}},
{"type":"Feature","properties":{"latitude":-4.45661,"longitude":104.57716,"bright_ti4":341.76,"scan":0.63,"track":0.54,"acq_date":"2022-08-12","acq_time":701,"satellite":"N","instrument":"VIIRS","confidence":"n","version":2,"bright_ti5":293.94,"frp":11.53,"daynight":"D","type":0},"geometry":{"type":"Point","coordinates":[104.57716,-4.45661]}},
{"type":"Feature","properties":{"latitude":-4.36406,"longitude":104.83997,"bright_ti4":305.0,"scan":0.46,"track":0.39,"acq_date":"2022-08-17","acq_time":1811,"satellite":"N","instrument":"VIIRS","confidence":"n","version":2,"bright_ti5":284.43,"frp":1.27,"daynight":"N","type":0},"geometry":{"type":"Point","coordinates":[104.83997,-4.36406]}},
{"type":"Feature","properties":{"latitude":-4.57537,"longitude":104.42319,"bright_ti4":335.08,"scan":0.4,"track":0.37,"acq_date":"2022-08-24","acq_time":636,"satellite":"N","instrument":"VIIRS","confidence":"n","version":2,"bright_ti5":298.16,"frp":3.4,"daynight":"D","type":0},"geometry":{"type":"Point","coordinates":[104.42319,-4.57537]}},
{"type":"Feature","properties":{"latitude":-4.30846,"longitude":104.86818,"bright_ti4":332.71,"scan":0.42,"track":0.38,"acq_date":"2022-08-24","acq_time":637,"satellite":"N","instrument":"VIIRS","confidence":"n","version":2,"bright_ti5":298.75,"frp":1.07,"daynight":"D","type":0},"geometry":{"type":"Point","coordinates":[104.86818,-4.30846]}},
{"type":"Feature","properties":{"latitude":-4.48135,"longitude":104.40083,"bright_ti4":336.31,"scan":0.4,"track":0.37,"acq_date":"2022-08-24","acq_time":637,"satellite":"N","instrument":"VIIRS","confidence":"n","version":2,"bright_ti5":298.26,"frp":8.14,"daynight":"D","type":0},"geometry":{"type":"Point","coordinates":[104.40083,-4.48135]}},
{"type":"Feature","properties":{"latitude":-4.36065,"longitude":104.84155,"bright_ti4":332.11,"scan":0.42,"track":0.38,"acq_date":"2022-08-24","acq_time":637,"satellite":"N","instrument":"VIIRS","confidence":"n","version":2,"bright_ti5":299.07,"frp":2.86,"daynight":"D","type":0},"geometry":{"type":"Point","coordinates":[104.84155,-4.36065]}},
{"type":"Feature","properties":{"latitude":-4.33061,"longitude":104.81746,"bright_ti4":306.3,"scan":0.56,"track":0.43,"acq_date":"2022-08-28","acq_time":1804,"satellite":"N","instrument":"VIIRS","confidence":"n","version":2,"bright_ti5":280.24,"frp":1.05,"daynight":"N","type":0},"geometry":{"type":"Point","coordinates":[104.81746,-4.33061]}},
{"type":"Feature","properties":{"latitude":-4.31621,"longitude":104.80402,"bright_ti4":341.43,"scan":0.49,"track":0.4,"acq_date":"2022-08-29","acq_time":643,"satellite":"N","instrument":"VIIRS","confidence":"n","version":2,"bright_ti5":287.46,"frp":6.0,"daynight":"D","type":0},"geometry":{"type":"Point","coordinates":[104.80402,-4.31621]}},
{"type":"Feature","properties":{"latitude":-4.27419,"longitude":104.85308,"bright_ti4":342.66,"scan":0.39,"track":0.36,"acq_date":"2022-09-04","acq_time":630,"satellite":"N","instrument":"VIIRS","confidence":"n","version":2,"bright_ti5":290.57,"frp":4.66,"daynight":"D","type":0},"geometry":{"type":"Point","coordinates":[104.85308,-4.27419]}},
{"type":"Feature","properties":{"latitude":-4.3116,"longitude":104.65269,"bright_ti4":337.83,"scan":0.38,"track":0.36,"acq_date":"2022-09-04","acq_time":630,"satellite":"N","instrument":"VIIRS","confidence":"n","version":2,"bright_ti5":300.04,"frp":7.04,"daynight":"D","type":0},"geometry":{"type":"Point","coordinates":[104.65269,-4.3116]}},
{"type":"Feature","properties":{"latitude":-4.44907,"longitude":104.32996,"bright_ti4":332.75,"scan":0.38,"track":0.36,"acq_date":"2022-09-04","acq_time":630,"satellite":"N","instrument":"VIIRS","confidence":"n","version":2,"bright_ti5":291.7,"frp":1.15,"daynight":"D","type":0},"geometry":{"type":"Point","coordinates":[104.32996,-4.44907]}},
{"type":"Feature","properties":{"latitude":-4.41757,"longitude":104.53754,"bright_ti4":336.01,"scan":0.38,"track":0.36,"acq_date":"2022-09-04","acq_time":630,"satellite":"N","instrument":"VIIRS","confidence":"n","version":2,"bright_ti5":298.31,"frp":3.41,"daynight":"D","type":0},"geometry":{"type":"Point","coordinates":[104.53754,-4.41757]}},
{"type":"Feature","properties":{"latitude":-4.52698,"longitude":104.43813,"bright_ti4":341.39,"scan":0.38,"track":0.36,"acq_date":"2022-09-04","acq_time":630,"satellite":"N","instrument":"VIIRS","confidence":"n","version":2,"bright_ti5":294.95,"frp":11.54,"daynight":"D","type":0},"geometry":{"type":"Point","coordinates":[104.43813,-4.52698]}},
{"type":"Feature","properties":{"latitude":-4.61172,"longitude":104.36971,"bright_ti4":347.15,"scan":0.38,"track":0.36,"acq_date":"2022-09-04","acq_time":630,"satellite":"N","instrument":"VIIRS","confidence":"n","version":2,"bright_ti5":290.13,"frp":6.67,"daynight":"D","type":0},"geometry":{"type":"Point","coordinates":[104.36971,-4.61172]}},
{"type":"Feature","properties":{"latitude":-4.6112,"longitude":104.37317,"bright_ti4":330.23,"scan":0.38,"track":0.36,"acq_date":"2022-09-04","acq_time":630,"satellite":"N","instrument":"VIIRS","confidence":"n","version":2,"bright_ti5":288.22,"frp":3.15,"daynight":"D","type":0},"geometry":{"type":"Point","coordinates":[104.37317,-4.6112]}},
{"type":"Feature","properties":{"latitude":-4.62169,"longitude":104.37122,"bright_ti4":333.46,"scan":0.38,"track":0.36,"acq_date":"2022-09-04","acq_time":630,"satellite":"N","instrument":"VIIRS","confidence":"n","version":2,"bright_ti5":288.98,"frp":5.84,"daynight":"D","type":0},"geometry":{"type":"Point","coordinates":[104.37122,-4.62169]}},
{"type":"Feature","properties":{"latitude":-4.57267,"longitude":104.43575,"bright_ti4":333.81,"scan":0.61,"track":0.54,"acq_date":"2022-09-13","acq_time":702,"satellite":"N","instrument":"VIIRS","confidence":"n","version":2,"bright_ti5":292.71,"frp":3.85,"daynight":"D","type":0},"geometry":{"type":"Point","coordinates":[104.43575,-4.57267]}},
{"type":"Feature","properties":{"latitude":-4.45261,"longitude":104.57019,"bright_ti4":333.92,"scan":0.63,"track":0.54,"acq_date":"2022-09-13","acq_time":702,"satellite":"N","instrument":"VIIRS","confidence":"n","version":2,"bright_ti5":290.96,"frp":9.96,"daynight":"D","type":0},"geometry":{"type":"Point","coordinates":[104.57019,-4.45261]}},
{"type":"Feature","properties":{"latitude":-4.45245,"longitude":104.57365,"bright_ti4":329.83,"scan":0.63,"track":0.54,"acq_date":"2022-09-13","acq_time":702,"satellite":"N","instrument":"VIIRS","confidence":"n","version":2,"bright_ti5":290.14,"frp":4.42,"daynight":"D","type":0},"geometry":{"type":"Point","coordinates":[104.57365,-4.45245]}},
{"type":"Feature","properties":{"latitude":-4.57279,"longitude":104.43277,"bright_ti4":335.63,"scan":0.61,"track":0.54,"acq_date":"2022-09-13","acq_time":702,"satellite":"N","instrument":"VIIRS","confidence":"n","version":2,"bright_ti5":293.08,"frp":4.17,"daynight":"D","type":0},"geometry":{"type":"Point","coordinates":[104.43277,-4.57279]}},
{"type":"Feature","properties":{"latitude":-4.55238,"longitude":104.35605,"bright_ti4":331.8,"scan":0.4,"track":0.37,"acq_date":"2022-09-15","acq_time":624,"satellite":"N","instrument":"VIIRS","confidence":"n","version":2,"bright_ti5":297.38,"frp":3.22,"daynight":"D","type":0},"geometry":{"type":"Point","coordinates":[104.35605,-4.55238]}},
{"type":"Feature","properties":{"latitude":-4.63844,"longitude":104.45835,"bright_ti4":336.0,"scan":0.4,"track":0.37,"acq_date":"2022-09-15","acq_time":624,"satellite":"N","instrument":"VIIRS","confidence":"l","version":2,"bright_ti5":297.46,"frp":4.37,"daynight":"D","type":0},"geometry":{"type":"Point","coordinates":[104.45835,-4.63844]}},
{"type":"Feature","properties":{"latitude":-4.41051,"longitude":104.46639,"bright_ti4":330.59,"scan":0.49,"track":0.65,"acq_date":"2022-09-17","acq_time":546,"satellite":"N","instrument":"VIIRS","confidence":"n","version":2,"bright_ti5":287.07,"frp":20.6,"daynight":"D","type":0},"geometry":{"type":"Point","coordinates":[104.46639,-4.41051]}},
{"type":"Feature","properties":{"latitude":-4.41113,"longitude":104.46182,"bright_ti4":357.49,"scan":0.49,"track":0.65,"acq_date":"2022-09-17","acq_time":546,"satellite":"N","instrument":"VIIRS","confidence":"l","version":2,"bright_ti5":288.71,"frp":21.95,"daynight":"D","type":0},"geometry":{"type":"Point","coordinates":[104.46182,-4.41113]}},
{"type":"Feature","properties":{"latitude":-4.48867,"longitude":104.40304,"bright_ti4":332.89,"scan":0.38,"track":0.36,"acq_date":"2022-09-20","acq_time":630,"satellite":"N","instrument":"VIIRS","confidence":"n","version":2,"bright_ti5":289.04,"frp":4.19,"daynight":"D","type":0},"geometry":{"type":"Point","coordinates":[104.40304,-4.48867]}},
{"type":"Feature","properties":{"latitude":-4.45084,"longitude":104.58492,"bright_ti4":344.38,"scan":0.38,"track":0.36,"acq_date":"2022-09-20","acq_time":630,"satellite":"N","instrument":"VIIRS","confidence":"n","version":2,"bright_ti5":291.6,"frp":4.62,"daynight":"D","type":0},"geometry":{"type":"Point","coordinates":[104.58492,-4.45084]}},
{"type":"Feature","properties":{"latitude":-4.45338,"longitude":104.35134,"bright_ti4":329.52,"scan":0.39,"track":0.59,"acq_date":"2022-09-22","acq_time":553,"satellite":"N","instrument":"VIIRS","confidence":"n","version":2,"bright_ti5":282.34,"frp":2.42,"daynight":"D","type":0},"geometry":{"type":"Point","coordinates":[104.35134,-4.45338]}},
{"type":"Feature","properties":{"latitude":-4.51966,"longitude":104.32049,"bright_ti4":329.98,"scan":0.39,"track":0.6,"acq_date":"2022-09-22","acq_time":553,"satellite":"N","instrument":"VIIRS","confidence":"n","version":2,"bright_ti5":282.71,"frp":3.0,"daynight":"D","type":0},"geometry":{"type":"Point","coordinates":[104.32049,-4.51966]}},
{"type":"Feature","properties":{"latitude":-4.45113,"longitude":104.58451,"bright_ti4":333.52,"scan":0.45,"track":0.39,"acq_date":"2022-09-26","acq_time":618,"satellite":"N","instrument":"VIIRS","confidence":"l","version":2,"bright_ti5":305.83,"frp":5.92,"daynight":"D","type":0},"geometry":{"type":"Point","coordinates":[104.58451,-4.45113]}},
{"type":"Feature","properties":{"latitude":-4.45359,"longitude":104.5682,"bright_ti4":340.31,"scan":0.45,"track":0.39,"acq_date":"2022-09-26","acq_time":618,"satellite":"N","instrument":"VIIRS","confidence":"n","version":2,"bright_ti5":299.82,"frp":4.82,"daynight":"D","type":0},"geometry":{"type":"Point","coordinates":[104.5682,-4.45359]}},
{"type":"Feature","properties":{"latitude":-4.44877,"longitude":104.57582,"bright_ti4":333.46,"scan":0.45,"track":0.39,"acq_date":"2022-09-26","acq_time":618,"satellite":"N","instrument":"VIIRS","confidence":"l","version":2,"bright_ti5":303.39,"frp":6.16,"daynight":"D","type":0},"geometry":{"type":"Point","coordinates":[104.57582,-4.44877]}},
{"type":"Feature","properties":{"latitude":-4.26386,"longitude":104.77511,"bright_ti4":348.32,"scan":0.44,"track":0.38,"acq_date":"2022-09-26","acq_time":618,"satellite":"N","instrument":"VIIRS","confidence":"n","version":2,"bright_ti5":300.55,"frp":10.9,"daynight":"D","type":0},"geometry":{"type":"Point","coordinates":[104.77511,-4.26386]}},
{"type":"Feature","properties":{"latitude":-4.68024,"longitude":104.41762,"bright_ti4":367.0,"scan":0.64,"track":0.72,"acq_date":"2022-09-28","acq_time":721,"satellite":"N","instrument":"VIIRS","confidence":"h","version":2,"bright_ti5":293.49,"frp":13.9,"daynight":"D","type":0},"geometry":{"type":"Point","coordinates":[104.41762,-4.68024]}},
{"type":"Feature","properties":{"latitude":-4.56981,"longitude":104.4828,"bright_ti4":336.46,"scan":0.65,"track":0.73,"acq_date":"2022-09-28","acq_time":721,"satellite":"N","instrument":"VIIRS","confidence":"n","version":2,"bright_ti5":293.48,"frp":4.49,"daynight":"D","type":0},"geometry":{"type":"Point","coordinates":[104.4828,-4.56981]}},
{"type":"Feature","properties":{"latitude":-4.44005,"longitude":104.57023,"bright_ti4":315.66,"scan":0.39,"track":0.44,"acq_date":"2022-09-29","acq_time":1805,"satellite":"N","instrument":"VIIRS","confidence":"n","version":2,"bright_ti5":290.97,"frp":1.07,"daynight":"N","type":0},"geometry":{"type":"Point","coordinates":[104.57023,-4.44005]}},
{"type":"Feature","properties":{"latitude":-4.43603,"longitude":104.57087,"bright_ti4":325.56,"scan":0.39,"track":0.44,"acq_date":"2022-09-29","acq_time":1805,"satellite":"N","instrument":"VIIRS","confidence":"n","version":2,"bright_ti5":291.06,"frp":1.07,"daynight":"N","type":0},"geometry":{"type":"Point","coordinates":[104.57087,-4.43603]}},
{"type":"Feature","properties":{"latitude":-4.42299,"longitude":104.90688,"bright_ti4":332.5,"scan":0.5,"track":0.41,"acq_date":"2022-09-30","acq_time":643,"satellite":"N","instrument":"VIIRS","confidence":"n","version":2,"bright_ti5":292.51,"frp":5.35,"daynight":"D","type":0},"geometry":{"type":"Point","coordinates":[104.90688,-4.42299]}},
{"type":"Feature","properties":{"latitude":-4.37266,"longitude":104.88531,"bright_ti4":339.26,"scan":0.5,"track":0.41,"acq_date":"2022-09-30","acq_time":643,"satellite":"N","instrument":"VIIRS","confidence":"n","version":2,"bright_ti5":294.85,"frp":5.18,"daynight":"D","type":0},"geometry":{"type":"Point","coordinates":[104.88531,-4.37266]}},
{"type":"Feature","properties":{"latitude":-4.38502,"longitude":104.71046,"bright_ti4":332.26,"scan":0.48,"track":0.4,"acq_date":"2022-09-30","acq_time":643,"satellite":"N","instrument":"VIIRS","confidence":"n","version":2,"bright_ti5":290.68,"frp":3.84,"daynight":"D","type":0},"geometry":{"type":"Point","coordinates":[104.71046,-4.38502]}},
{"type":"Feature","properties":{"latitude":-4.28215,"longitude":104.91703,"bright_ti4":333.74,"scan":0.49,"track":0.41,"acq_date":"2022-11-01","acq_time":643,"satellite":"N","instrument":"VIIRS","confidence":"n","version":2,"bright_ti5":287.97,"frp":2.83,"daynight":"D","type":0},"geometry":{"type":"Point","coordinates":[104.91703,-4.28215]}},
{"type":"Feature","properties":{"latitude":-4.35427,"longitude":104.70316,"bright_ti4":334.84,"scan":0.48,"track":0.4,"acq_date":"2022-11-01","acq_time":643,"satellite":"N","instrument":"VIIRS","confidence":"n","version":2,"bright_ti5":287.56,"frp":2.96,"daynight":"D","type":0},"geometry":{"type":"Point","coordinates":[104.70316,-4.35427]}},
{"type":"Feature","properties":{"latitude":-4.2919,"longitude":104.5771,"bright_ti4":330.31,"scan":0.4,"track":0.37,"acq_date":"2022-11-02","acq_time":624,"satellite":"N","instrument":"VIIRS","confidence":"n","version":2,"bright_ti5":295.87,"frp":0.85,"daynight":"D","type":0},"geometry":{"type":"Point","coordinates":[104.5771,-4.2919]}},
{"type":"Feature","properties":{"latitude":-4.46794,"longitude":104.56467,"bright_ti4":337.56,"scan":0.47,"track":0.47,"acq_date":"2022-11-03","acq_time":605,"satellite":"N","instrument":"VIIRS","confidence":"n","version":2,"bright_ti5":290.55,"frp":15.26,"daynight":"D","type":0},"geometry":{"type":"Point","coordinates":[104.56467,-4.46794]}},
{"type":"Feature","properties":{"latitude":-4.46734,"longitude":104.56885,"bright_ti4":326.57,"scan":0.47,"track":0.47,"acq_date":"2022-11-03","acq_time":605,"satellite":"N","instrument":"VIIRS","confidence":"n","version":2,"bright_ti5":288.51,"frp":12.26,"daynight":"D","type":0},"geometry":{"type":"Point","coordinates":[104.56885,-4.46734]}},
{"type":"Feature","properties":{"latitude":-4.26098,"longitude":104.82101,"bright_ti4":336.13,"scan":0.42,"track":0.37,"acq_date":"2022-11-12","acq_time":637,"satellite":"N","instrument":"VIIRS","confidence":"n","version":2,"bright_ti5":292.19,"frp":4.18,"daynight":"D","type":0},"geometry":{"type":"Point","coordinates":[104.82101,-4.26098]}},
{"type":"Feature","properties":{"latitude":-4.26157,"longitude":104.81726,"bright_ti4":328.3,"scan":0.42,"track":0.37,"acq_date":"2022-11-12","acq_time":637,"satellite":"N","instrument":"VIIRS","confidence":"n","version":2,"bright_ti5":293.91,"frp":4.18,"daynight":"D","type":0},"geometry":{"type":"Point","coordinates":[104.81726,-4.26157]}},
{"type":"Feature","properties":{"latitude":-4.5844,"longitude":104.3618,"bright_ti4":326.75,"scan":0.41,"track":0.37,"acq_date":"2022-11-18","acq_time":624,"satellite":"N","instrument":"VIIRS","confidence":"n","version":2,"bright_ti5":286.04,"frp":2.81,"daynight":"D","type":0},"geometry":{"type":"Point","coordinates":[104.3618,-4.5844]}},
{"type":"Feature","properties":{"latitude":-4.52894,"longitude":104.43478,"bright_ti4":331.18,"scan":0.56,"track":0.43,"acq_date":"2022-11-22","acq_time":649,"satellite":"N","instrument":"VIIRS","confidence":"n","version":2,"bright_ti5":299.09,"frp":4.58,"daynight":"D","type":0},"geometry":{"type":"Point","coordinates":[104.43478,-4.52894]}},
{"type":"Feature","properties":{"latitude":-4.56204,"longitude":104.48135,"bright_ti4":347.36,"scan":0.56,"track":0.43,"acq_date":"2022-11-22","acq_time":649,"satellite":"N","instrument":"VIIRS","confidence":"n","version":2,"bright_ti5":301.86,"frp":11.42,"daynight":"D","type":0},"geometry":{"type":"Point","coordinates":[104.48135,-4.56204]}},
{"type":"Feature","properties":{"latitude":-4.4524,"longitude":104.41486,"bright_ti4":330.89,"scan":0.56,"track":0.43,"acq_date":"2022-11-22","acq_time":649,"satellite":"N","instrument":"VIIRS","confidence":"n","version":2,"bright_ti5":299.25,"frp":9.95,"daynight":"D","type":0},"geometry":{"type":"Point","coordinates":[104.41486,-4.4524]}},
{"type":"Feature","properties":{"latitude":-4.45159,"longitude":104.41988,"bright_ti4":333.84,"scan":0.56,"track":0.43,"acq_date":"2022-11-22","acq_time":649,"satellite":"N","instrument":"VIIRS","confidence":"n","version":2,"bright_ti5":297.13,"frp":9.95,"daynight":"D","type":0},"geometry":{"type":"Point","coordinates":[104.41988,-4.45159]}},
{"type":"Feature","properties":{"latitude":-4.52602,"longitude":104.43671,"bright_ti4":341.66,"scan":0.56,"track":0.43,"acq_date":"2022-11-22","acq_time":649,"satellite":"N","instrument":"VIIRS","confidence":"n","version":2,"bright_ti5":299.15,"frp":9.65,"daynight":"D","type":0},"geometry":{"type":"Point","coordinates":[104.43671,-4.52602]}},
{"type":"Feature","properties":{"latitude":-4.51477,"longitude":104.44428,"bright_ti4":336.91,"scan":0.65,"track":0.73,"acq_date":"2022-12-17","acq_time":540,"satellite":"N","instrument":"VIIRS","confidence":"n","version":2,"bright_ti5":282.54,"frp":4.86,"daynight":"D","type":0},"geometry":{"type":"Point","coordinates":[104.44428,-4.51477]}}
]
}
