{
"type": "FeatureCollection",
"name": "hotspot_lampung_2021",
"crs": { "type": "name", "properties": { "name": "urn:ogc:def:crs:OGC:1.3:CRS84" } },
"features": [
{"type":"Feature","properties":{"latitude":-5.06418,"longitude":104.87855,"bright_ti4":300.14,"scan":0.46,"track":0.39,"acq_date":"2021-02-19","acq_time":1810,"satellite":"N","instrument":"VIIRS","confidence":"n","version":2,"bright_ti5":287.84,"frp":0.54,"daynight":"N","type":0},"geometry":{"type":"Point","coordinates":[104.87855,-5.06418]}},
{"type":"Feature","properties":{"latitude":-4.67993,"longitude":104.53471,"bright_ti4":333.63,"scan":0.37,"track":0.58,"acq_date":"2021-02-27","acq_time":1900,"satellite":"N","instrument":"VIIRS","confidence":"n","version":2,"bright_ti5":288.39,"frp":3.97,"daynight":"N","type":0},"geometry":{"type":"Point","coordinates":[104.53471,-4.67993]}},
{"type":"Feature","properties":{"latitude":-4.67451,"longitude":104.53544,"bright_ti4":348.95,"scan":0.37,"track":0.58,"acq_date":"2021-02-27","acq_time":1900,"satellite":"N","instrument":"VIIRS","confidence":"n","version":2,"bright_ti5":289.65,"frp":3.97,"daynight":"N","type":0},"geometry":{"type":"Point","coordinates":[104.53544,-4.67451]}},
{"type":"Feature","properties":{"latitude":-4.67792,"longitude":104.53594,"bright_ti4":303.18,"scan":0.55,"track":0.42,"acq_date":"2021-02-28","acq_time":1841,"satellite":"N","instrument":"VIIRS","confidence":"n","version":2,"bright_ti5":270.99,"frp":1.41,"daynight":"N","type":0},"geometry":{"type":"Point","coordinates":[104.53594,-4.67792]}},
{"type":"Feature","properties":{"latitude":-4.67879,"longitude":104.53754,"bright_ti4":298.39,"scan":0.55,"track":0.42,"acq_date":"2021-02-28","acq_time":1841,"satellite":"N","instrument":"VIIRS","confidence":"n","version":2,"bright_ti5":268.42,"frp":1.18,"daynight":"N","type":0},"geometry":{"type":"Point","coordinates":[104.53754,-4.67879]}},
{"type":"Feature","properties":{"latitude":-4.58687,"longitude":104.99026,"bright_ti4":330.86,"scan":0.39,"track":0.36,"acq_date":"2021-03-09","acq_time":629,"satellite":"N","instrument":"VIIRS","confidence":"n","version":2,"bright_ti5":296.92,"frp":1.46,"daynight":"D","type":0},"geometry":{"type":"Point","coordinates":[104.99026,-4.58687]}},
{"type":"Feature","properties":{"latitude":-4.68362,"longitude":104.53425,"bright_ti4":301.11,"scan":0.37,"track":0.58,"acq_date":"2021-03-15","acq_time":1900,"satellite":"N","instrument":"VIIRS","confidence":"n","version":2,"bright_ti5":284.95,"frp":0.56,"daynight":"N","type":0},"geometry":{"type":"Point","coordinates":[104.53425,-4.68362]}},
{"type":"Feature","properties":{"latitude":-4.56119,"longitude":105.04742,"bright_ti4":339.98,"scan":0.33,"track":0.55,"acq_date":"2021-03-18","acq_time":700,"satellite":"N","instrument":"VIIRS","confidence":"n","version":2,"bright_ti5":292.68,"frp":2.73,"daynight":"D","type":0},"geometry":{"type":"Point","coordinates":[105.04742,-4.56119]}},
{"type":"Feature","properties":{"latitude":-4.64294,"longitude":105.11675,"bright_ti4":335.98,"scan":0.41,"track":0.45,"acq_date":"2021-04-09","acq_time":648,"satellite":"N","instrument":"VIIRS","confidence":"n","version":2,"bright_ti5":297.6,"frp":3.39,"daynight":"D","type":0},"geometry":{"type":"Point","coordinates":[105.11675,-4.64294]}},
{"type":"Feature","properties":{"latitude":-4.68453,"longitude":104.95271,"bright_ti4":334.23,"scan":0.41,"track":0.37,"acq_date":"2021-04-15","acq_time":635,"satellite":"N","instrument":"VIIRS","confidence":"n","version":2,"bright_ti5":290.95,"frp":3.55,"daynight":"D","type":0},"geometry":{"type":"Point","coordinates":[104.95271,-4.68453]}},
{"type":"Feature","properties":{"latitude":-4.77369,"longitude":104.93351,"bright_ti4":327.24,"scan":0.58,"track":0.52,"acq_date":"2021-04-17","acq_time":557,"satellite":"N","instrument":"VIIRS","confidence":"n","version":2,"bright_ti5":291.41,"frp":4.29,"daynight":"D","type":0},"geometry":{"type":"Point","coordinates":[104.93351,-4.77369]}},
{"type":"Feature","properties":{"latitude":-4.68317,"longitude":104.53112,"bright_ti4":332.22,"scan":0.56,"track":0.43,"acq_date":"2021-04-25","acq_time":647,"satellite":"N","instrument":"VIIRS","confidence":"n","version":2,"bright_ti5":295.22,"frp":6.6,"daynight":"D","type":0},"geometry":{"type":"Point","coordinates":[104.53112,-4.68317]}},
{"type":"Feature","properties":{"latitude":-4.68103,"longitude":104.53294,"bright_ti4":311.94,"scan":0.67,"track":0.74,"acq_date":"2021-04-26","acq_time":1731,"satellite":"N","instrument":"VIIRS","confidence":"n","version":2,"bright_ti5":286.27,"frp":1.37,"daynight":"N","type":0},"geometry":{"type":"Point","coordinates":[104.53294,-4.68103]}},
{"type":"Feature","properties":{"latitude":-4.85853,"longitude":104.93948,"bright_ti4":302.41,"scan":0.48,"track":0.48,"acq_date":"2021-05-08","acq_time":1847,"satellite":"N","instrument":"VIIRS","confidence":"n","version":2,"bright_ti5":289.09,"frp":0.73,"daynight":"N","type":0},"geometry":{"type":"Point","coordinates":[104.93948,-4.85853]}},
{"type":"Feature","properties":{"latitude":-4.68522,"longitude":104.53345,"bright_ti4":307.44,"scan":0.32,"track":0.55,"acq_date":"2021-05-11","acq_time":1750,"satellite":"N","instrument":"VIIRS","confidence":"n","version":2,"bright_ti5":284.15,"frp":0.9,"daynight":"N","type":0},"geometry":{"type":"Point","coordinates":[104.53345,-4.68522]}},
{"type":"Feature","properties":{"latitude":-4.82233,"longitude":104.82764,"bright_ti4":333.56,"scan":0.38,"track":0.36,"acq_date":"2021-05-28","acq_time":629,"satellite":"N","instrument":"VIIRS","confidence":"n","version":2,"bright_ti5":297.5,"frp":19.79,"daynight":"D","type":0},"geometry":{"type":"Point","coordinates":[104.82764,-4.82233]}},
{"type":"Feature","properties":{"latitude":-4.6839,"longitude":104.89108,"bright_ti4":335.79,"scan":0.38,"track":0.36,"acq_date":"2021-05-28","acq_time":629,"satellite":"N","instrument":"VIIRS","confidence":"n","version":2,"bright_ti5":295.17,"frp":3.04,"daynight":"D","type":0},"geometry":{"type":"Point","coordinates":[104.89108,-4.6839]}},
{"type":"Feature","properties":{"latitude":-4.698,"longitude":104.68679,"bright_ti4":333.44,"scan":0.56,"track":0.43,"acq_date":"2021-05-29","acq_time":610,"satellite":"N","instrument":"VIIRS","confidence":"n","version":2,"bright_ti5":283.36,"frp":9.96,"daynight":"D","type":0},"geometry":{"type":"Point","coordinates":[104.68679,-4.698]}},
{"type":"Feature","properties":{"latitude":-4.70003,"longitude":104.68888,"bright_ti4":333.63,"scan":0.56,"track":0.43,"acq_date":"2021-05-29","acq_time":610,"satellite":"N","instrument":"VIIRS","confidence":"n","version":2,"bright_ti5":282.36,"frp":5.2,"daynight":"D","type":0},"geometry":{"type":"Point","coordinates":[104.68888,-4.70003]}},
{"type":"Feature","properties":{"latitude":-4.60772,"longitude":104.54437,"bright_ti4":303.0,"scan":0.39,"track":0.44,"acq_date":"2021-06-06","acq_time":1803,"satellite":"N","instrument":"VIIRS","confidence":"n","version":2,"bright_ti5":289.14,"frp":0.19,"daynight":"N","type":0},"geometry":{"type":"Point","coordinates":[104.54437,-4.60772]}},
{"type":"Feature","properties":{"latitude":-4.92307,"longitude":105.02824,"bright_ti4":333.8,"scan":0.39,"track":0.36,"acq_date":"2021-06-08","acq_time":623,"satellite":"N","instrument":"VIIRS","confidence":"n","version":2,"bright_ti5":292.37,"frp":2.55,"daynight":"D","type":0},"geometry":{"type":"Point","coordinates":[105.02824,-4.92307]}},
{"type":"Feature","properties":{"latitude":-4.72417,"longitude":105.00462,"bright_ti4":329.99,"scan":0.39,"track":0.36,"acq_date":"2021-06-08","acq_time":623,"satellite":"N","instrument":"VIIRS","confidence":"n","version":2,"bright_ti5":293.69,"frp":1.95,"daynight":"D","type":0},"geometry":{"type":"Point","coordinates":[105.00462,-4.72417]}},
{"type":"Feature","properties":{"latitude":-4.8274,"longitude":104.94334,"bright_ti4":306.13,"scan":0.41,"track":0.37,"acq_date":"2021-06-10","acq_time":1828,"satellite":"N","instrument":"VIIRS","confidence":"n","version":2,"bright_ti5":292.05,"frp":1.0,"daynight":"N","type":0},"geometry":{"type":"Point","coordinates":[104.94334,-4.8274]}},
{"type":"Feature","properties":{"latitude":-4.76021,"longitude":104.84289,"bright_ti4":351.51,"scan":0.39,"track":0.44,"acq_date":"2021-06-12","acq_time":648,"satellite":"N","instrument":"VIIRS","confidence":"n","version":2,"bright_ti5":296.14,"frp":10.51,"daynight":"D","type":0},"geometry":{"type":"Point","coordinates":[104.84289,-4.76021]}},
{"type":"Feature","properties":{"latitude":-4.89039,"longitude":104.93469,"bright_ti4":342.06,"scan":0.4,"track":0.44,"acq_date":"2021-06-12","acq_time":648,"satellite":"N","instrument":"VIIRS","confidence":"n","version":2,"bright_ti5":296.82,"frp":5.66,"daynight":"D","type":0},"geometry":{"type":"Point","coordinates":[104.93469,-4.89039]}},
{"type":"Feature","properties":{"latitude":-5.05601,"longitude":105.06929,"bright_ti4":340.51,"scan":0.4,"track":0.44,"acq_date":"2021-06-12","acq_time":648,"satellite":"N","instrument":"VIIRS","confidence":"n","version":2,"bright_ti5":297.6,"frp":5.34,"daynight":"D","type":0},"geometry":{"type":"Point","coordinates":[105.06929,-5.05601]}},
{"type":"Feature","properties":{"latitude":-4.61074,"longitude":104.77998,"bright_ti4":309.36,"scan":0.64,"track":0.72,"acq_date":"2021-06-13","acq_time":1732,"satellite":"N","instrument":"VIIRS","confidence":"n","version":2,"bright_ti5":280.52,"frp":2.25,"daynight":"N","type":0},"geometry":{"type":"Point","coordinates":[104.77998,-4.61074]}},
{"type":"Feature","properties":{"latitude":-4.61293,"longitude":104.78041,"bright_ti4":307.86,"scan":0.64,"track":0.72,"acq_date":"2021-06-13","acq_time":1732,"satellite":"N","instrument":"VIIRS","confidence":"n","version":2,"bright_ti5":279.85,"frp":1.78,"daynight":"N","type":0},"geometry":{"type":"Point","coordinates":[104.78041,-4.61293]}},
{"type":"Feature","properties":{"latitude":-4.60677,"longitude":104.96661,"bright_ti4":348.82,"scan":0.33,"track":0.55,"acq_date":"2021-06-22","acq_time":701,"satellite":"N","instrument":"VIIRS","confidence":"n","version":2,"bright_ti5":292.28,"frp":4.78,"daynight":"D","type":0},"geometry":{"type":"Point","coordinates":[104.96661,-4.60677]}},
{"type":"Feature","properties":{"latitude":-4.60951,"longitude":104.9677,"bright_ti4":339.85,"scan":0.33,"track":0.55,"acq_date":"2021-06-22","acq_time":701,"satellite":"N","instrument":"VIIRS","confidence":"n","version":2,"bright_ti5":292.35,"frp":3.34,"daynight":"D","type":0},"geometry":{"type":"Point","coordinates":[104.9677,-4.60951]}},
{"type":"Feature","properties":{"latitude":-4.58312,"longitude":105.01501,"bright_ti4":333.84,"scan":0.33,"track":0.55,"acq_date":"2021-06-22","acq_time":701,"satellite":"N","instrument":"VIIRS","confidence":"n","version":2,"bright_ti5":290.92,"frp":1.73,"daynight":"D","type":0},"geometry":{"type":"Point","coordinates":[105.01501,-4.58312]}},
{"type":"Feature","properties":{"latitude":-4.60809,"longitude":104.54436,"bright_ti4":304.8,"scan":0.41,"track":0.37,"acq_date":"2021-07-02","acq_time":1816,"satellite":"N","instrument":"VIIRS","confidence":"n","version":2,"bright_ti5":291.11,"frp":0.38,"daynight":"N","type":0},"geometry":{"type":"Point","coordinates":[104.54436,-4.60809]}},
{"type":"Feature","properties":{"latitude":-4.85631,"longitude":104.93783,"bright_ti4":302.66,"scan":0.4,"track":0.37,"acq_date":"2021-07-02","acq_time":1816,"satellite":"N","instrument":"VIIRS","confidence":"n","version":2,"bright_ti5":291.45,"frp":0.42,"daynight":"N","type":0},"geometry":{"type":"Point","coordinates":[104.93783,-4.85631]}},
{"type":"Feature","properties":{"latitude":-4.85756,"longitude":104.93939,"bright_ti4":303.04,"scan":0.46,"track":0.47,"acq_date":"2021-07-03","acq_time":1757,"satellite":"N","instrument":"VIIRS","confidence":"n","version":2,"bright_ti5":290.18,"frp":0.31,"daynight":"N","type":0},"geometry":{"type":"Point","coordinates":[104.93939,-4.85756]}},
{"type":"Feature","properties":{"latitude":-4.55958,"longitude":104.91748,"bright_ti4":308.22,"scan":0.4,"track":0.6,"acq_date":"2021-07-05","acq_time":1900,"satellite":"N","instrument":"VIIRS","confidence":"n","version":2,"bright_ti5":290.68,"frp":0.51,"daynight":"N","type":0},"geometry":{"type":"Point","coordinates":[104.91748,-4.55958]}},
{"type":"Feature","properties":{"latitude":-4.6054,"longitude":104.54223,"bright_ti4":302.49,"scan":0.55,"track":0.43,"acq_date":"2021-07-06","acq_time":1841,"satellite":"N","instrument":"VIIRS","confidence":"n","version":2,"bright_ti5":291.09,"frp":0.77,"daynight":"N","type":0},"geometry":{"type":"Point","coordinates":[104.54223,-4.6054]}},
{"type":"Feature","properties":{"latitude":-4.58536,"longitude":104.71844,"bright_ti4":330.45,"scan":0.66,"track":0.73,"acq_date":"2021-07-07","acq_time":720,"satellite":"N","instrument":"VIIRS","confidence":"n","version":2,"bright_ti5":288.28,"frp":3.23,"daynight":"D","type":0},"geometry":{"type":"Point","coordinates":[104.71844,-4.58536]}},
{"type":"Feature","properties":{"latitude":-4.82675,"longitude":104.94276,"bright_ti4":296.57,"scan":0.55,"track":0.43,"acq_date":"2021-07-08","acq_time":1804,"satellite":"N","instrument":"VIIRS","confidence":"n","version":2,"bright_ti5":275.71,"frp":0.88,"daynight":"N","type":0},"geometry":{"type":"Point","coordinates":[104.94276,-4.82675]}},
{"type":"Feature","properties":{"latitude":-4.71411,"longitude":104.68089,"bright_ti4":339.48,"scan":0.47,"track":0.4,"acq_date":"2021-07-09","acq_time":642,"satellite":"N","instrument":"VIIRS","confidence":"n","version":2,"bright_ti5":295.49,"frp":5.49,"daynight":"D","type":0},"geometry":{"type":"Point","coordinates":[104.68089,-4.71411]}},
{"type":"Feature","properties":{"latitude":-4.96938,"longitude":104.89199,"bright_ti4":330.91,"scan":0.4,"track":0.37,"acq_date":"2021-07-10","acq_time":623,"satellite":"N","instrument":"VIIRS","confidence":"n","version":2,"bright_ti5":293.2,"frp":2.91,"daynight":"D","type":0},"geometry":{"type":"Point","coordinates":[104.89199,-4.96938]}},
{"type":"Feature","properties":{"latitude":-4.85748,"longitude":104.93916,"bright_ti4":305.24,"scan":0.41,"track":0.37,"acq_date":"2021-07-12","acq_time":1829,"satellite":"N","instrument":"VIIRS","confidence":"n","version":2,"bright_ti5":290.25,"frp":0.61,"daynight":"N","type":0},"geometry":{"type":"Point","coordinates":[104.93916,-4.85748]}},
{"type":"Feature","properties":{"latitude":-4.60784,"longitude":104.54433,"bright_ti4":315.05,"scan":0.4,"track":0.37,"acq_date":"2021-07-12","acq_time":1829,"satellite":"N","instrument":"VIIRS","confidence":"n","version":2,"bright_ti5":289.89,"frp":0.7,"daynight":"N","type":0},"geometry":{"type":"Point","coordinates":[104.54433,-4.60784]}},
{"type":"Feature","properties":{"latitude":-4.71668,"longitude":104.82659,"bright_ti4":332.16,"scan":0.39,"track":0.36,"acq_date":"2021-07-15","acq_time":630,"satellite":"N","instrument":"VIIRS","confidence":"n","version":2,"bright_ti5":290.41,"frp":2.65,"daynight":"D","type":0},"geometry":{"type":"Point","coordinates":[104.82659,-4.71668]}},
{"type":"Feature","properties":{"latitude":-4.51736,"longitude":104.89442,"bright_ti4":333.75,"scan":0.39,"track":0.36,"acq_date":"2021-07-15","acq_time":630,"satellite":"N","instrument":"VIIRS","confidence":"n","version":2,"bright_ti5":298.13,"frp":4.81,"daynight":"D","type":0},"geometry":{"type":"Point","coordinates":[104.89442,-4.51736]}},
{"type":"Feature","properties":{"latitude":-4.82676,"longitude":104.94314,"bright_ti4":310.18,"scan":0.39,"track":0.44,"acq_date":"2021-07-22","acq_time":1842,"satellite":"N","instrument":"VIIRS","confidence":"n","version":2,"bright_ti5":288.05,"frp":1.85,"daynight":"N","type":0},"geometry":{"type":"Point","coordinates":[104.94314,-4.82676]}},
{"type":"Feature","properties":{"latitude":-4.76412,"longitude":104.57153,"bright_ti4":297.54,"scan":0.56,"track":0.43,"acq_date":"2021-07-22","acq_time":1842,"satellite":"N","instrument":"VIIRS","confidence":"n","version":2,"bright_ti5":281.74,"frp":0.51,"daynight":"N","type":0},"geometry":{"type":"Point","coordinates":[104.57153,-4.76412]}},
{"type":"Feature","properties":{"latitude":-4.82675,"longitude":104.94367,"bright_ti4":316.29,"scan":0.39,"track":0.44,"acq_date":"2021-07-22","acq_time":1842,"satellite":"N","instrument":"VIIRS","confidence":"n","version":2,"bright_ti5":288.24,"frp":1.22,"daynight":"N","type":0},"geometry":{"type":"Point","coordinates":[104.94367,-4.82675]}},
{"type":"Feature","properties":{"latitude":-4.7618,"longitude":104.57347,"bright_ti4":300.63,"scan":0.56,"track":0.43,"acq_date":"2021-07-22","acq_time":1842,"satellite":"N","instrument":"VIIRS","confidence":"n","version":2,"bright_ti5":284.17,"frp":0.66,"daynight":"N","type":0},"geometry":{"type":"Point","coordinates":[104.57347,-4.7618]}},
{"type":"Feature","properties":{"latitude":-4.60791,"longitude":104.54388,"bright_ti4":311.08,"scan":0.38,"track":0.36,"acq_date":"2021-07-23","acq_time":1823,"satellite":"N","instrument":"VIIRS","confidence":"n","version":2,"bright_ti5":290.05,"frp":0.43,"daynight":"N","type":0},"geometry":{"type":"Point","coordinates":[104.54388,-4.60791]}},
{"type":"Feature","properties":{"latitude":-4.68599,"longitude":104.53233,"bright_ti4":316.87,"scan":0.39,"track":0.44,"acq_date":"2021-07-24","acq_time":1804,"satellite":"N","instrument":"VIIRS","confidence":"n","version":2,"bright_ti5":290.76,"frp":1.69,"daynight":"N","type":2},"geometry":{"type":"Point","coordinates":[104.53233,-4.68599]}},
{"type":"Feature","properties":{"latitude":-4.68197,"longitude":104.53298,"bright_ti4":304.21,"scan":0.39,"track":0.44,"acq_date":"2021-07-24","acq_time":1804,"satellite":"N","instrument":"VIIRS","confidence":"n","version":2,"bright_ti5":290.63,"frp":0.54,"daynight":"N","type":2},"geometry":{"type":"Point","coordinates":[104.53298,-4.68197]}},
{"type":"Feature","properties":{"latitude":-4.52744,"longitude":104.90295,"bright_ti4":335.24,"scan":0.49,"track":0.4,"acq_date":"2021-07-25","acq_time":642,"satellite":"N","instrument":"VIIRS","confidence":"n","version":2,"bright_ti5":300.05,"frp":4.71,"daynight":"D","type":0},"geometry":{"type":"Point","coordinates":[104.90295,-4.52744]}},
{"type":"Feature","properties":{"latitude":-4.83521,"longitude":105.10646,"bright_ti4":345.17,"scan":0.5,"track":0.41,"acq_date":"2021-07-25","acq_time":642,"satellite":"N","instrument":"VIIRS","confidence":"n","version":2,"bright_ti5":305.34,"frp":15.55,"daynight":"D","type":0},"geometry":{"type":"Point","coordinates":[105.10646,-4.83521]}},
{"type":"Feature","properties":{"latitude":-4.70536,"longitude":104.95074,"bright_ti4":337.21,"scan":0.49,"track":0.4,"acq_date":"2021-07-25","acq_time":642,"satellite":"N","instrument":"VIIRS","confidence":"n","version":2,"bright_ti5":299.2,"frp":9.52,"daynight":"D","type":0},"geometry":{"type":"Point","coordinates":[104.95074,-4.70536]}},
{"type":"Feature","properties":{"latitude":-4.71532,"longitude":104.66998,"bright_ti4":340.63,"scan":0.48,"track":0.4,"acq_date":"2021-07-25","acq_time":642,"satellite":"N","instrument":"VIIRS","confidence":"n","version":2,"bright_ti5":299.53,"frp":6.41,"daynight":"D","type":0},"geometry":{"type":"Point","coordinates":[104.66998,-4.71532]}},
{"type":"Feature","properties":{"latitude":-4.50528,"longitude":105.09615,"bright_ti4":338.52,"scan":0.5,"track":0.41,"acq_date":"2021-07-25","acq_time":642,"satellite":"N","instrument":"VIIRS","confidence":"n","version":2,"bright_ti5":300.19,"frp":5.86,"daynight":"D","type":0},"geometry":{"type":"Point","coordinates":[105.09615,-4.50528]}},
{"type":"Feature","properties":{"latitude":-4.60733,"longitude":104.54268,"bright_ti4":317.89,"scan":0.4,"track":0.6,"acq_date":"2021-07-25","acq_time":1745,"satellite":"N","instrument":"VIIRS","confidence":"n","version":2,"bright_ti5":291.76,"frp":1.34,"daynight":"N","type":0},"geometry":{"type":"Point","coordinates":[104.54268,-4.60733]}},
{"type":"Feature","properties":{"latitude":-4.53712,"longitude":105.1141,"bright_ti4":341.42,"scan":0.39,"track":0.36,"acq_date":"2021-07-26","acq_time":623,"satellite":"N","instrument":"VIIRS","confidence":"n","version":2,"bright_ti5":300.84,"frp":4.36,"daynight":"D","type":0},"geometry":{"type":"Point","coordinates":[105.1141,-4.53712]}},
{"type":"Feature","properties":{"latitude":-4.71051,"longitude":104.6136,"bright_ti4":330.18,"scan":0.4,"track":0.37,"acq_date":"2021-07-26","acq_time":623,"satellite":"N","instrument":"VIIRS","confidence":"l","version":2,"bright_ti5":301.51,"frp":6.9,"daynight":"D","type":0},"geometry":{"type":"Point","coordinates":[104.6136,-4.71051]}},
{"type":"Feature","properties":{"latitude":-4.69733,"longitude":104.83848,"bright_ti4":333.52,"scan":0.39,"track":0.37,"acq_date":"2021-07-26","acq_time":623,"satellite":"N","instrument":"VIIRS","confidence":"n","version":2,"bright_ti5":302.98,"frp":2.04,"daynight":"D","type":0},"geometry":{"type":"Point","coordinates":[104.83848,-4.69733]}},
{"type":"Feature","properties":{"latitude":-4.7735,"longitude":104.61189,"bright_ti4":334.31,"scan":0.4,"track":0.37,"acq_date":"2021-07-26","acq_time":623,"satellite":"N","instrument":"VIIRS","confidence":"n","version":2,"bright_ti5":300.71,"frp":3.51,"daynight":"D","type":0},"geometry":{"type":"Point","coordinates":[104.61189,-4.7735]}},
{"type":"Feature","properties":{"latitude":-4.50989,"longitude":104.55508,"bright_ti4":330.19,"scan":0.46,"track":0.47,"acq_date":"2021-07-27","acq_time":605,"satellite":"N","instrument":"VIIRS","confidence":"n","version":2,"bright_ti5":298.45,"frp":3.85,"daynight":"D","type":0},"geometry":{"type":"Point","coordinates":[104.55508,-4.50989]}},
{"type":"Feature","properties":{"latitude":-4.53855,"longitude":104.91792,"bright_ti4":332.93,"scan":0.44,"track":0.46,"acq_date":"2021-07-27","acq_time":605,"satellite":"N","instrument":"VIIRS","confidence":"n","version":2,"bright_ti5":299.89,"frp":3.04,"daynight":"D","type":0},"geometry":{"type":"Point","coordinates":[104.91792,-4.53855]}},
{"type":"Feature","properties":{"latitude":-4.64262,"longitude":104.80541,"bright_ti4":367.0,"scan":0.45,"track":0.47,"acq_date":"2021-07-27","acq_time":605,"satellite":"N","instrument":"VIIRS","confidence":"h","version":2,"bright_ti5":304.95,"frp":15.81,"daynight":"D","type":0},"geometry":{"type":"Point","coordinates":[104.80541,-4.64262]}},
{"type":"Feature","properties":{"latitude":-4.64459,"longitude":104.80525,"bright_ti4":367.0,"scan":0.45,"track":0.47,"acq_date":"2021-07-27","acq_time":605,"satellite":"N","instrument":"VIIRS","confidence":"h","version":2,"bright_ti5":305.43,"frp":13.06,"daynight":"D","type":0},"geometry":{"type":"Point","coordinates":[104.80525,-4.64459]}},
{"type":"Feature","properties":{"latitude":-4.71062,"longitude":104.62127,"bright_ti4":337.71,"scan":0.46,"track":0.47,"acq_date":"2021-07-27","acq_time":605,"satellite":"N","instrument":"VIIRS","confidence":"n","version":2,"bright_ti5":299.98,"frp":5.09,"daynight":"D","type":0},"geometry":{"type":"Point","coordinates":[104.62127,-4.71062]}},
{"type":"Feature","properties":{"latitude":-4.60449,"longitude":104.5416,"bright_ti4":301.67,"scan":0.46,"track":0.47,"acq_date":"2021-07-27","acq_time":1848,"satellite":"N","instrument":"VIIRS","confidence":"n","version":2,"bright_ti5":291.29,"frp":0.83,"daynight":"N","type":0},"geometry":{"type":"Point","coordinates":[104.5416,-4.60449]}},
{"type":"Feature","properties":{"latitude":-4.68395,"longitude":104.53144,"bright_ti4":311.75,"scan":0.46,"track":0.47,"acq_date":"2021-07-27","acq_time":1848,"satellite":"N","instrument":"VIIRS","confidence":"n","version":2,"bright_ti5":290.06,"frp":1.29,"daynight":"N","type":2},"geometry":{"type":"Point","coordinates":[104.53144,-4.68395]}},
{"type":"Feature","properties":{"latitude":-4.59419,"longitude":104.91446,"bright_ti4":313.02,"scan":0.41,"track":0.37,"acq_date":"2021-07-28","acq_time":1829,"satellite":"N","instrument":"VIIRS","confidence":"n","version":2,"bright_ti5":283.5,"frp":1.25,"daynight":"N","type":0},"geometry":{"type":"Point","coordinates":[104.91446,-4.59419]}},
{"type":"Feature","properties":{"latitude":-4.58953,"longitude":104.7421,"bright_ti4":322.77,"scan":0.46,"track":0.39,"acq_date":"2021-07-29","acq_time":1810,"satellite":"N","instrument":"VIIRS","confidence":"n","version":2,"bright_ti5":291.78,"frp":1.65,"daynight":"N","type":0},"geometry":{"type":"Point","coordinates":[104.7421,-4.58953]}},
{"type":"Feature","properties":{"latitude":-4.62371,"longitude":104.83871,"bright_ti4":309.65,"scan":0.46,"track":0.39,"acq_date":"2021-07-29","acq_time":1810,"satellite":"N","instrument":"VIIRS","confidence":"n","version":2,"bright_ti5":291.97,"frp":0.79,"daynight":"N","type":0},"geometry":{"type":"Point","coordinates":[104.83871,-4.62371]}},
{"type":"Feature","properties":{"latitude":-4.77327,"longitude":104.95189,"bright_ti4":339.96,"scan":0.4,"track":0.45,"acq_date":"2021-07-30","acq_time":648,"satellite":"N","instrument":"VIIRS","confidence":"n","version":2,"bright_ti5":298.68,"frp":3.91,"daynight":"D","type":0},"geometry":{"type":"Point","coordinates":[104.95189,-4.77327]}},
{"type":"Feature","properties":{"latitude":-4.71132,"longitude":104.58543,"bright_ti4":333.78,"scan":0.39,"track":0.44,"acq_date":"2021-07-30","acq_time":649,"satellite":"N","instrument":"VIIRS","confidence":"n","version":2,"bright_ti5":297.7,"frp":5.75,"daynight":"D","type":0},"geometry":{"type":"Point","coordinates":[104.58543,-4.71132]}},
{"type":"Feature","properties":{"latitude":-4.71535,"longitude":104.58604,"bright_ti4":343.11,"scan":0.39,"track":0.44,"acq_date":"2021-07-30","acq_time":649,"satellite":"N","instrument":"VIIRS","confidence":"n","version":2,"bright_ti5":299.49,"frp":5.75,"daynight":"D","type":0},"geometry":{"type":"Point","coordinates":[104.58604,-4.71535]}},
{"type":"Feature","properties":{"latitude":-4.69628,"longitude":104.65148,"bright_ti4":332.65,"scan":0.38,"track":0.36,"acq_date":"2021-07-31","acq_time":630,"satellite":"N","instrument":"VIIRS","confidence":"n","version":2,"bright_ti5":302.27,"frp":5.65,"daynight":"D","type":0},"geometry":{"type":"Point","coordinates":[104.65148,-4.69628]}},
{"type":"Feature","properties":{"latitude":-4.71238,"longitude":104.65746,"bright_ti4":336.26,"scan":0.38,"track":0.36,"acq_date":"2021-07-31","acq_time":630,"satellite":"N","instrument":"VIIRS","confidence":"n","version":2,"bright_ti5":307.02,"frp":3.01,"daynight":"D","type":0},"geometry":{"type":"Point","coordinates":[104.65746,-4.71238]}},
{"type":"Feature","properties":{"latitude":-4.66646,"longitude":104.95969,"bright_ti4":337.01,"scan":0.39,"track":0.36,"acq_date":"2021-07-31","acq_time":630,"satellite":"N","instrument":"VIIRS","confidence":"n","version":2,"bright_ti5":300.22,"frp":5.98,"daynight":"D","type":0},"geometry":{"type":"Point","coordinates":[104.95969,-4.66646]}},
{"type":"Feature","properties":{"latitude":-4.74985,"longitude":104.85206,"bright_ti4":332.75,"scan":0.39,"track":0.36,"acq_date":"2021-07-31","acq_time":630,"satellite":"N","instrument":"VIIRS","confidence":"n","version":2,"bright_ti5":302.97,"frp":1.83,"daynight":"D","type":0},"geometry":{"type":"Point","coordinates":[104.85206,-4.74985]}},
{"type":"Feature","properties":{"latitude":-4.78888,"longitude":104.66273,"bright_ti4":331.59,"scan":0.38,"track":0.36,"acq_date":"2021-07-31","acq_time":630,"satellite":"N","instrument":"VIIRS","confidence":"n","version":2,"bright_ti5":300.17,"frp":2.26,"daynight":"D","type":0},"geometry":{"type":"Point","coordinates":[104.66273,-4.78888]}},
{"type":"Feature","properties":{"latitude":-4.78835,"longitude":104.66619,"bright_ti4":332.51,"scan":0.38,"track":0.36,"acq_date":"2021-07-31","acq_time":630,"satellite":"N","instrument":"VIIRS","confidence":"n","version":2,"bright_ti5":302.05,"frp":2.26,"daynight":"D","type":0},"geometry":{"type":"Point","coordinates":[104.66619,-4.78835]}},
{"type":"Feature","properties":{"latitude":-4.80675,"longitude":104.61225,"bright_ti4":339.33,"scan":0.38,"track":0.36,"acq_date":"2021-07-31","acq_time":630,"satellite":"N","instrument":"VIIRS","confidence":"n","version":2,"bright_ti5":301.38,"frp":3.23,"daynight":"D","type":0},"geometry":{"type":"Point","coordinates":[104.61225,-4.80675]}},
{"type":"Feature","properties":{"latitude":-4.93796,"longitude":104.90276,"bright_ti4":333.13,"scan":0.39,"track":0.36,"acq_date":"2021-07-31","acq_time":630,"satellite":"N","instrument":"VIIRS","confidence":"n","version":2,"bright_ti5":300.1,"frp":2.78,"daynight":"D","type":0},"geometry":{"type":"Point","coordinates":[104.90276,-4.93796]}},
{"type":"Feature","properties":{"latitude":-4.94129,"longitude":104.90327,"bright_ti4":334.29,"scan":0.39,"track":0.36,"acq_date":"2021-07-31","acq_time":630,"satellite":"N","instrument":"VIIRS","confidence":"n","version":2,"bright_ti5":301.32,"frp":2.78,"daynight":"D","type":0},"geometry":{"type":"Point","coordinates":[104.90327,-4.94129]}},
{"type":"Feature","properties":{"latitude":-4.96974,"longitude":104.85069,"bright_ti4":346.52,"scan":0.39,"track":0.36,"acq_date":"2021-07-31","acq_time":630,"satellite":"N","instrument":"VIIRS","confidence":"n","version":2,"bright_ti5":302.17,"frp":6.57,"daynight":"D","type":0},"geometry":{"type":"Point","coordinates":[104.85069,-4.96974]}},
{"type":"Feature","properties":{"latitude":-4.55319,"longitude":104.61142,"bright_ti4":336.44,"scan":0.38,"track":0.36,"acq_date":"2021-07-31","acq_time":630,"satellite":"N","instrument":"VIIRS","confidence":"n","version":2,"bright_ti5":304.0,"frp":2.88,"daynight":"D","type":0},"geometry":{"type":"Point","coordinates":[104.61142,-4.55319]}},
{"type":"Feature","properties":{"latitude":-4.5239,"longitude":104.8676,"bright_ti4":332.85,"scan":0.53,"track":0.42,"acq_date":"2021-08-01","acq_time":611,"satellite":"N","instrument":"VIIRS","confidence":"n","version":2,"bright_ti5":295.86,"frp":3.09,"daynight":"D","type":0},"geometry":{"type":"Point","coordinates":[104.8676,-4.5239]}},
{"type":"Feature","properties":{"latitude":-4.52284,"longitude":104.87008,"bright_ti4":335.32,"scan":0.53,"track":0.42,"acq_date":"2021-08-01","acq_time":611,"satellite":"N","instrument":"VIIRS","confidence":"n","version":2,"bright_ti5":296.16,"frp":5.09,"daynight":"D","type":0},"geometry":{"type":"Point","coordinates":[104.87008,-4.52284]}},
{"type":"Feature","properties":{"latitude":-4.6063,"longitude":104.54146,"bright_ti4":303.13,"scan":0.49,"track":0.48,"acq_date":"2021-08-04","acq_time":1758,"satellite":"N","instrument":"VIIRS","confidence":"n","version":2,"bright_ti5":285.35,"frp":1.85,"daynight":"N","type":0},"geometry":{"type":"Point","coordinates":[104.54146,-4.6063]}},
{"type":"Feature","properties":{"latitude":-4.67438,"longitude":104.53781,"bright_ti4":332.11,"scan":0.46,"track":0.39,"acq_date":"2021-08-06","acq_time":617,"satellite":"N","instrument":"VIIRS","confidence":"n","version":2,"bright_ti5":279.76,"frp":4.56,"daynight":"D","type":0},"geometry":{"type":"Point","coordinates":[104.53781,-4.67438]}},
{"type":"Feature","properties":{"latitude":-4.67378,"longitude":104.54192,"bright_ti4":332.22,"scan":0.46,"track":0.39,"acq_date":"2021-08-06","acq_time":617,"satellite":"N","instrument":"VIIRS","confidence":"n","version":2,"bright_ti5":278.46,"frp":4.56,"daynight":"D","type":0},"geometry":{"type":"Point","coordinates":[104.54192,-4.67378]}},
{"type":"Feature","properties":{"latitude":-4.68298,"longitude":104.53291,"bright_ti4":306.31,"scan":0.38,"track":0.59,"acq_date":"2021-08-06","acq_time":1901,"satellite":"N","instrument":"VIIRS","confidence":"n","version":2,"bright_ti5":287.87,"frp":1.01,"daynight":"N","type":0},"geometry":{"type":"Point","coordinates":[104.53291,-4.68298]}},
{"type":"Feature","properties":{"latitude":-4.67902,"longitude":104.92596,"bright_ti4":313.05,"scan":0.39,"track":0.44,"acq_date":"2021-08-07","acq_time":1842,"satellite":"N","instrument":"VIIRS","confidence":"n","version":2,"bright_ti5":290.57,"frp":0.65,"daynight":"N","type":0},"geometry":{"type":"Point","coordinates":[104.92596,-4.67902]}},
{"type":"Feature","properties":{"latitude":-4.60523,"longitude":104.54359,"bright_ti4":306.92,"scan":0.55,"track":0.43,"acq_date":"2021-08-07","acq_time":1842,"satellite":"N","instrument":"VIIRS","confidence":"n","version":2,"bright_ti5":290.56,"frp":1.26,"daynight":"N","type":0},"geometry":{"type":"Point","coordinates":[104.54359,-4.60523]}},
{"type":"Feature","properties":{"latitude":-4.70445,"longitude":104.64043,"bright_ti4":332.83,"scan":0.62,"track":0.71,"acq_date":"2021-08-08","acq_time":540,"satellite":"N","instrument":"VIIRS","confidence":"n","version":2,"bright_ti5":288.74,"frp":9.39,"daynight":"D","type":0},"geometry":{"type":"Point","coordinates":[104.64043,-4.70445]}},
{"type":"Feature","properties":{"latitude":-4.70173,"longitude":104.64268,"bright_ti4":342.25,"scan":0.62,"track":0.71,"acq_date":"2021-08-08","acq_time":540,"satellite":"N","instrument":"VIIRS","confidence":"n","version":2,"bright_ti5":288.89,"frp":8.81,"daynight":"D","type":0},"geometry":{"type":"Point","coordinates":[104.64268,-4.70173]}},
{"type":"Feature","properties":{"latitude":-4.58506,"longitude":104.86571,"bright_ti4":306.15,"scan":0.38,"track":0.36,"acq_date":"2021-08-08","acq_time":1823,"satellite":"N","instrument":"VIIRS","confidence":"n","version":2,"bright_ti5":287.7,"frp":0.42,"daynight":"N","type":0},"geometry":{"type":"Point","coordinates":[104.86571,-4.58506]}},
{"type":"Feature","properties":{"latitude":-4.7034,"longitude":104.53922,"bright_ti4":308.75,"scan":0.38,"track":0.36,"acq_date":"2021-08-08","acq_time":1823,"satellite":"N","instrument":"VIIRS","confidence":"n","version":2,"bright_ti5":291.52,"frp":0.58,"daynight":"N","type":0},"geometry":{"type":"Point","coordinates":[104.53922,-4.7034]}},
{"type":"Feature","properties":{"latitude":-5.04091,"longitude":105.01611,"bright_ti4":331.4,"scan":0.33,"track":0.55,"acq_date":"2021-08-09","acq_time":701,"satellite":"N","instrument":"VIIRS","confidence":"n","version":2,"bright_ti5":291.57,"frp":2.16,"daynight":"D","type":0},"geometry":{"type":"Point","coordinates":[105.01611,-5.04091]}},
{"type":"Feature","properties":{"latitude":-4.68623,"longitude":104.60516,"bright_ti4":341.34,"scan":0.63,"track":0.54,"acq_date":"2021-08-09","acq_time":701,"satellite":"N","instrument":"VIIRS","confidence":"n","version":2,"bright_ti5":292.06,"frp":7.42,"daynight":"D","type":0},"geometry":{"type":"Point","coordinates":[104.60516,-4.68623]}},
{"type":"Feature","properties":{"latitude":-4.55745,"longitude":104.82897,"bright_ti4":331.31,"scan":0.56,"track":0.43,"acq_date":"2021-08-09","acq_time":1804,"satellite":"N","instrument":"VIIRS","confidence":"n","version":2,"bright_ti5":289.87,"frp":7.27,"daynight":"N","type":0},"geometry":{"type":"Point","coordinates":[104.82897,-4.55745]}},
{"type":"Feature","properties":{"latitude":-4.53014,"longitude":104.91051,"bright_ti4":302.85,"scan":0.55,"track":0.43,"acq_date":"2021-08-09","acq_time":1804,"satellite":"N","instrument":"VIIRS","confidence":"n","version":2,"bright_ti5":289.09,"frp":1.3,"daynight":"N","type":0},"geometry":{"type":"Point","coordinates":[104.91051,-4.53014]}},
{"type":"Feature","properties":{"latitude":-4.55567,"longitude":104.82751,"bright_ti4":332.76,"scan":0.56,"track":0.43,"acq_date":"2021-08-09","acq_time":1804,"satellite":"N","instrument":"VIIRS","confidence":"n","version":2,"bright_ti5":290.11,"frp":6.44,"daynight":"N","type":0},"geometry":{"type":"Point","coordinates":[104.82751,-4.55567]}},
{"type":"Feature","properties":{"latitude":-4.55962,"longitude":104.82687,"bright_ti4":304.68,"scan":0.56,"track":0.43,"acq_date":"2021-08-09","acq_time":1804,"satellite":"N","instrument":"VIIRS","confidence":"n","version":2,"bright_ti5":288.84,"frp":1.05,"daynight":"N","type":0},"geometry":{"type":"Point","coordinates":[104.82687,-4.55962]}},
{"type":"Feature","properties":{"latitude":-4.68487,"longitude":104.53189,"bright_ti4":315.89,"scan":0.39,"track":0.44,"acq_date":"2021-08-09","acq_time":1804,"satellite":"N","instrument":"VIIRS","confidence":"n","version":2,"bright_ti5":288.21,"frp":1.25,"daynight":"N","type":0},"geometry":{"type":"Point","coordinates":[104.53189,-4.68487]}},
{"type":"Feature","properties":{"latitude":-4.62172,"longitude":104.85753,"bright_ti4":340.89,"scan":0.49,"track":0.4,"acq_date":"2021-08-10","acq_time":642,"satellite":"N","instrument":"VIIRS","confidence":"n","version":2,"bright_ti5":297.28,"frp":4.37,"daynight":"D","type":0},"geometry":{"type":"Point","coordinates":[104.85753,-4.62172]}},
{"type":"Feature","properties":{"latitude":-4.61991,"longitude":104.85925,"bright_ti4":336.79,"scan":0.49,"track":0.4,"acq_date":"2021-08-10","acq_time":642,"satellite":"N","instrument":"VIIRS","confidence":"n","version":2,"bright_ti5":295.59,"frp":5.12,"daynight":"D","type":0},"geometry":{"type":"Point","coordinates":[104.85925,-4.61991]}},
{"type":"Feature","properties":{"latitude":-4.78807,"longitude":104.80148,"bright_ti4":329.22,"scan":0.48,"track":0.4,"acq_date":"2021-08-10","acq_time":642,"satellite":"N","instrument":"VIIRS","confidence":"n","version":2,"bright_ti5":297.14,"frp":1.88,"daynight":"D","type":0},"geometry":{"type":"Point","coordinates":[104.80148,-4.78807]}},
{"type":"Feature","properties":{"latitude":-4.68669,"longitude":104.95412,"bright_ti4":342.25,"scan":0.49,"track":0.41,"acq_date":"2021-08-10","acq_time":642,"satellite":"N","instrument":"VIIRS","confidence":"n","version":2,"bright_ti5":298.55,"frp":18.45,"daynight":"D","type":0},"geometry":{"type":"Point","coordinates":[104.95412,-4.68669]}},
{"type":"Feature","properties":{"latitude":-4.59415,"longitude":104.89848,"bright_ti4":322.5,"scan":0.38,"track":0.59,"acq_date":"2021-08-10","acq_time":1745,"satellite":"N","instrument":"VIIRS","confidence":"n","version":2,"bright_ti5":283.46,"frp":1.44,"daynight":"N","type":0},"geometry":{"type":"Point","coordinates":[104.89848,-4.59415]}},
{"type":"Feature","properties":{"latitude":-4.68369,"longitude":104.53128,"bright_ti4":305.7,"scan":0.4,"track":0.6,"acq_date":"2021-08-10","acq_time":1745,"satellite":"N","instrument":"VIIRS","confidence":"n","version":2,"bright_ti5":282.82,"frp":1.31,"daynight":"N","type":0},"geometry":{"type":"Point","coordinates":[104.53128,-4.68369]}},
{"type":"Feature","properties":{"latitude":-4.59956,"longitude":104.89753,"bright_ti4":319.84,"scan":0.38,"track":0.59,"acq_date":"2021-08-10","acq_time":1745,"satellite":"N","instrument":"VIIRS","confidence":"n","version":2,"bright_ti5":283.34,"frp":1.44,"daynight":"N","type":0},"geometry":{"type":"Point","coordinates":[104.89753,-4.59956]}},
{"type":"Feature","properties":{"latitude":-4.68325,"longitude":104.53356,"bright_ti4":312.11,"scan":0.4,"track":0.6,"acq_date":"2021-08-10","acq_time":1745,"satellite":"N","instrument":"VIIRS","confidence":"n","version":2,"bright_ti5":282.86,"frp":1.57,"daynight":"N","type":0},"geometry":{"type":"Point","coordinates":[104.53356,-4.68325]}},
{"type":"Feature","properties":{"latitude":-4.59897,"longitude":104.89407,"bright_ti4":314.18,"scan":0.38,"track":0.59,"acq_date":"2021-08-10","acq_time":1745,"satellite":"N","instrument":"VIIRS","confidence":"n","version":2,"bright_ti5":283.4,"frp":1.44,"daynight":"N","type":0},"geometry":{"type":"Point","coordinates":[104.89407,-4.59897]}},
{"type":"Feature","properties":{"latitude":-4.59356,"longitude":104.89502,"bright_ti4":314.68,"scan":0.38,"track":0.59,"acq_date":"2021-08-10","acq_time":1745,"satellite":"N","instrument":"VIIRS","confidence":"n","version":2,"bright_ti5":283.49,"frp":1.44,"daynight":"N","type":0},"geometry":{"type":"Point","coordinates":[104.89502,-4.59356]}},
{"type":"Feature","properties":{"latitude":-4.96321,"longitude":104.86497,"bright_ti4":337.95,"scan":0.39,"track":0.37,"acq_date":"2021-08-11","acq_time":623,"satellite":"N","instrument":"VIIRS","confidence":"n","version":2,"bright_ti5":299.9,"frp":4.27,"daynight":"D","type":0},"geometry":{"type":"Point","coordinates":[104.86497,-4.96321]}},
{"type":"Feature","properties":{"latitude":-4.77944,"longitude":104.55807,"bright_ti4":331.28,"scan":0.4,"track":0.37,"acq_date":"2021-08-11","acq_time":624,"satellite":"N","instrument":"VIIRS","confidence":"n","version":2,"bright_ti5":297.8,"frp":3.68,"daynight":"D","type":0},"geometry":{"type":"Point","coordinates":[104.55807,-4.77944]}},
{"type":"Feature","properties":{"latitude":-4.69488,"longitude":104.81433,"bright_ti4":302.73,"scan":0.79,"track":0.78,"acq_date":"2021-08-11","acq_time":1726,"satellite":"N","instrument":"VIIRS","confidence":"n","version":2,"bright_ti5":289.09,"frp":0.96,"daynight":"N","type":0},"geometry":{"type":"Point","coordinates":[104.81433,-4.69488]}},
{"type":"Feature","properties":{"latitude":-4.58181,"longitude":104.91641,"bright_ti4":309.68,"scan":0.52,"track":0.67,"acq_date":"2021-08-11","acq_time":1907,"satellite":"N","instrument":"VIIRS","confidence":"n","version":2,"bright_ti5":290.46,"frp":0.97,"daynight":"N","type":0},"geometry":{"type":"Point","coordinates":[104.91641,-4.58181]}},
{"type":"Feature","properties":{"latitude":-4.58568,"longitude":104.91471,"bright_ti4":305.27,"scan":0.52,"track":0.67,"acq_date":"2021-08-11","acq_time":1907,"satellite":"N","instrument":"VIIRS","confidence":"n","version":2,"bright_ti5":290.29,"frp":1.17,"daynight":"N","type":0},"geometry":{"type":"Point","coordinates":[104.91471,-4.58568]}},
{"type":"Feature","properties":{"latitude":-4.77568,"longitude":104.60872,"bright_ti4":330.87,"scan":0.46,"track":0.47,"acq_date":"2021-08-12","acq_time":605,"satellite":"N","instrument":"VIIRS","confidence":"n","version":2,"bright_ti5":295.48,"frp":7.6,"daynight":"D","type":0},"geometry":{"type":"Point","coordinates":[104.60872,-4.77568]}},
{"type":"Feature","properties":{"latitude":-4.64221,"longitude":104.60032,"bright_ti4":344.32,"scan":0.46,"track":0.47,"acq_date":"2021-08-12","acq_time":605,"satellite":"N","instrument":"VIIRS","confidence":"n","version":2,"bright_ti5":296.12,"frp":8.71,"daynight":"D","type":0},"geometry":{"type":"Point","coordinates":[104.60032,-4.64221]}},
{"type":"Feature","properties":{"latitude":-4.85583,"longitude":104.93994,"bright_ti4":305.02,"scan":0.4,"track":0.37,"acq_date":"2021-08-19","acq_time":1817,"satellite":"N","instrument":"VIIRS","confidence":"n","version":2,"bright_ti5":288.38,"frp":0.52,"daynight":"N","type":0},"geometry":{"type":"Point","coordinates":[104.93994,-4.85583]}},
{"type":"Feature","properties":{"latitude":-4.60759,"longitude":104.54417,"bright_ti4":312.18,"scan":0.41,"track":0.37,"acq_date":"2021-08-19","acq_time":1817,"satellite":"N","instrument":"VIIRS","confidence":"n","version":2,"bright_ti5":287.64,"frp":0.63,"daynight":"N","type":0},"geometry":{"type":"Point","coordinates":[104.54417,-4.60759]}},
{"type":"Feature","properties":{"latitude":-4.69999,"longitude":104.69284,"bright_ti4":328.79,"scan":0.45,"track":0.39,"acq_date":"2021-08-22","acq_time":617,"satellite":"N","instrument":"VIIRS","confidence":"n","version":2,"bright_ti5":291.92,"frp":2.69,"daynight":"D","type":0},"geometry":{"type":"Point","coordinates":[104.69284,-4.69999]}},
{"type":"Feature","properties":{"latitude":-4.75983,"longitude":104.62263,"bright_ti4":336.55,"scan":0.59,"track":0.53,"acq_date":"2021-08-23","acq_time":558,"satellite":"N","instrument":"VIIRS","confidence":"n","version":2,"bright_ti5":294.69,"frp":5.56,"daynight":"D","type":0},"geometry":{"type":"Point","coordinates":[104.62263,-4.75983]}},
{"type":"Feature","properties":{"latitude":-4.52937,"longitude":104.97318,"bright_ti4":348.8,"scan":0.55,"track":0.51,"acq_date":"2021-08-23","acq_time":559,"satellite":"N","instrument":"VIIRS","confidence":"n","version":2,"bright_ti5":291.71,"frp":7.75,"daynight":"D","type":0},"geometry":{"type":"Point","coordinates":[104.97318,-4.52937]}},
{"type":"Feature","properties":{"latitude":-4.63844,"longitude":104.82226,"bright_ti4":331.15,"scan":0.57,"track":0.52,"acq_date":"2021-08-23","acq_time":559,"satellite":"N","instrument":"VIIRS","confidence":"n","version":2,"bright_ti5":293.21,"frp":2.38,"daynight":"D","type":0},"geometry":{"type":"Point","coordinates":[104.82226,-4.63844]}},
{"type":"Feature","properties":{"latitude":-4.52932,"longitude":104.97165,"bright_ti4":340.94,"scan":0.55,"track":0.51,"acq_date":"2021-08-23","acq_time":559,"satellite":"N","instrument":"VIIRS","confidence":"n","version":2,"bright_ti5":292.11,"frp":9.71,"daynight":"D","type":0},"geometry":{"type":"Point","coordinates":[104.97165,-4.52932]}},
{"type":"Feature","properties":{"latitude":-4.82928,"longitude":104.94291,"bright_ti4":309.35,"scan":0.39,"track":0.44,"acq_date":"2021-08-23","acq_time":1842,"satellite":"N","instrument":"VIIRS","confidence":"n","version":2,"bright_ti5":283.85,"frp":1.06,"daynight":"N","type":0},"geometry":{"type":"Point","coordinates":[104.94291,-4.82928]}},
{"type":"Feature","properties":{"latitude":-4.82521,"longitude":104.94352,"bright_ti4":311.09,"scan":0.39,"track":0.44,"acq_date":"2021-08-23","acq_time":1842,"satellite":"N","instrument":"VIIRS","confidence":"n","version":2,"bright_ti5":283.9,"frp":1.06,"daynight":"N","type":0},"geometry":{"type":"Point","coordinates":[104.94352,-4.82521]}},
{"type":"Feature","properties":{"latitude":-4.74207,"longitude":104.64079,"bright_ti4":333.56,"scan":0.62,"track":0.71,"acq_date":"2021-08-24","acq_time":540,"satellite":"N","instrument":"VIIRS","confidence":"n","version":2,"bright_ti5":292.21,"frp":6.05,"daynight":"D","type":0},"geometry":{"type":"Point","coordinates":[104.64079,-4.74207]}},
{"type":"Feature","properties":{"latitude":-4.78553,"longitude":104.80202,"bright_ti4":325.51,"scan":0.67,"track":0.74,"acq_date":"2021-08-24","acq_time":720,"satellite":"N","instrument":"VIIRS","confidence":"n","version":2,"bright_ti5":291.43,"frp":2.0,"daynight":"D","type":0},"geometry":{"type":"Point","coordinates":[104.80202,-4.78553]}},
{"type":"Feature","properties":{"latitude":-4.70393,"longitude":104.63152,"bright_ti4":334.2,"scan":0.66,"track":0.73,"acq_date":"2021-08-24","acq_time":720,"satellite":"N","instrument":"VIIRS","confidence":"n","version":2,"bright_ti5":289.14,"frp":4.98,"daynight":"D","type":0},"geometry":{"type":"Point","coordinates":[104.63152,-4.70393]}},
{"type":"Feature","properties":{"latitude":-5.00698,"longitude":104.88132,"bright_ti4":335.69,"scan":0.32,"track":0.55,"acq_date":"2021-08-25","acq_time":701,"satellite":"N","instrument":"VIIRS","confidence":"n","version":2,"bright_ti5":293.14,"frp":2.34,"daynight":"D","type":0},"geometry":{"type":"Point","coordinates":[104.88132,-5.00698]}},
{"type":"Feature","properties":{"latitude":-4.61363,"longitude":104.88724,"bright_ti4":333.24,"scan":0.33,"track":0.55,"acq_date":"2021-08-25","acq_time":701,"satellite":"N","instrument":"VIIRS","confidence":"n","version":2,"bright_ti5":293.05,"frp":2.62,"daynight":"D","type":0},"geometry":{"type":"Point","coordinates":[104.88724,-4.61363]}},
{"type":"Feature","properties":{"latitude":-4.61856,"longitude":104.85722,"bright_ti4":330.71,"scan":0.33,"track":0.55,"acq_date":"2021-08-25","acq_time":701,"satellite":"N","instrument":"VIIRS","confidence":"n","version":2,"bright_ti5":294.6,"frp":3.85,"daynight":"D","type":0},"geometry":{"type":"Point","coordinates":[104.85722,-4.61856]}},
{"type":"Feature","properties":{"latitude":-4.609,"longitude":104.88351,"bright_ti4":340.49,"scan":0.33,"track":0.55,"acq_date":"2021-08-25","acq_time":701,"satellite":"N","instrument":"VIIRS","confidence":"n","version":2,"bright_ti5":292.97,"frp":2.62,"daynight":"D","type":0},"geometry":{"type":"Point","coordinates":[104.88351,-4.609]}},
{"type":"Feature","properties":{"latitude":-4.60799,"longitude":104.54142,"bright_ti4":304.72,"scan":0.38,"track":0.44,"acq_date":"2021-08-25","acq_time":1804,"satellite":"N","instrument":"VIIRS","confidence":"n","version":2,"bright_ti5":285.62,"frp":0.85,"daynight":"N","type":0},"geometry":{"type":"Point","coordinates":[104.54142,-4.60799]}},
{"type":"Feature","properties":{"latitude":-4.60742,"longitude":104.54109,"bright_ti4":304.0,"scan":0.39,"track":0.44,"acq_date":"2021-08-25","acq_time":1804,"satellite":"N","instrument":"VIIRS","confidence":"n","version":2,"bright_ti5":284.26,"frp":1.55,"daynight":"N","type":0},"geometry":{"type":"Point","coordinates":[104.54109,-4.60742]}},
{"type":"Feature","properties":{"latitude":-4.68483,"longitude":104.53244,"bright_ti4":339.69,"scan":0.38,"track":0.44,"acq_date":"2021-08-25","acq_time":1804,"satellite":"N","instrument":"VIIRS","confidence":"n","version":2,"bright_ti5":291.21,"frp":5.06,"daynight":"N","type":0},"geometry":{"type":"Point","coordinates":[104.53244,-4.68483]}},
{"type":"Feature","properties":{"latitude":-4.95232,"longitude":104.90273,"bright_ti4":331.83,"scan":0.49,"track":0.4,"acq_date":"2021-08-26","acq_time":642,"satellite":"N","instrument":"VIIRS","confidence":"n","version":2,"bright_ti5":300.5,"frp":1.55,"daynight":"D","type":0},"geometry":{"type":"Point","coordinates":[104.90273,-4.95232]}},
{"type":"Feature","properties":{"latitude":-4.7639,"longitude":105.01679,"bright_ti4":332.07,"scan":0.5,"track":0.41,"acq_date":"2021-08-26","acq_time":642,"satellite":"N","instrument":"VIIRS","confidence":"l","version":2,"bright_ti5":302.27,"frp":4.14,"daynight":"D","type":0},"geometry":{"type":"Point","coordinates":[105.01679,-4.7639]}},
{"type":"Feature","properties":{"latitude":-4.76924,"longitude":104.62611,"bright_ti4":334.8,"scan":0.47,"track":0.4,"acq_date":"2021-08-26","acq_time":642,"satellite":"N","instrument":"VIIRS","confidence":"n","version":2,"bright_ti5":298.15,"frp":2.63,"daynight":"D","type":0},"geometry":{"type":"Point","coordinates":[104.62611,-4.76924]}},
{"type":"Feature","properties":{"latitude":-4.77614,"longitude":104.58323,"bright_ti4":345.78,"scan":0.47,"track":0.4,"acq_date":"2021-08-26","acq_time":642,"satellite":"N","instrument":"VIIRS","confidence":"n","version":2,"bright_ti5":295.09,"frp":4.01,"daynight":"D","type":0},"geometry":{"type":"Point","coordinates":[104.58323,-4.77614]}},
{"type":"Feature","properties":{"latitude":-4.69685,"longitude":104.58945,"bright_ti4":345.0,"scan":0.47,"track":0.4,"acq_date":"2021-08-26","acq_time":643,"satellite":"N","instrument":"VIIRS","confidence":"n","version":2,"bright_ti5":301.62,"frp":16.09,"daynight":"D","type":0},"geometry":{"type":"Point","coordinates":[104.58945,-4.69685]}},
{"type":"Feature","properties":{"latitude":-4.67071,"longitude":104.61185,"bright_ti4":331.27,"scan":0.48,"track":0.4,"acq_date":"2021-08-26","acq_time":643,"satellite":"N","instrument":"VIIRS","confidence":"n","version":2,"bright_ti5":298.37,"frp":13.83,"daynight":"D","type":0},"geometry":{"type":"Point","coordinates":[104.61185,-4.67071]}},
{"type":"Feature","properties":{"latitude":-4.67175,"longitude":104.61337,"bright_ti4":341.19,"scan":0.48,"track":0.4,"acq_date":"2021-08-26","acq_time":643,"satellite":"N","instrument":"VIIRS","confidence":"n","version":2,"bright_ti5":299.25,"frp":14.97,"daynight":"D","type":0},"geometry":{"type":"Point","coordinates":[104.61337,-4.67175]}},
{"type":"Feature","properties":{"latitude":-4.5885,"longitude":104.71133,"bright_ti4":335.02,"scan":0.48,"track":0.4,"acq_date":"2021-08-26","acq_time":643,"satellite":"N","instrument":"VIIRS","confidence":"n","version":2,"bright_ti5":298.58,"frp":3.05,"daynight":"D","type":0},"geometry":{"type":"Point","coordinates":[104.71133,-4.5885]}},
{"type":"Feature","properties":{"latitude":-4.77655,"longitude":104.58411,"bright_ti4":335.25,"scan":0.47,"track":0.4,"acq_date":"2021-08-26","acq_time":643,"satellite":"N","instrument":"VIIRS","confidence":"n","version":2,"bright_ti5":296.01,"frp":4.7,"daynight":"D","type":0},"geometry":{"type":"Point","coordinates":[104.58411,-4.77655]}},
{"type":"Feature","properties":{"latitude":-4.76308,"longitude":104.78559,"bright_ti4":335.34,"scan":0.4,"track":0.37,"acq_date":"2021-08-27","acq_time":624,"satellite":"N","instrument":"VIIRS","confidence":"n","version":2,"bright_ti5":304.14,"frp":4.35,"daynight":"D","type":0},"geometry":{"type":"Point","coordinates":[104.78559,-4.76308]}},
{"type":"Feature","properties":{"latitude":-4.79083,"longitude":104.73869,"bright_ti4":332.95,"scan":0.4,"track":0.37,"acq_date":"2021-08-27","acq_time":624,"satellite":"N","instrument":"VIIRS","confidence":"n","version":2,"bright_ti5":303.42,"frp":1.56,"daynight":"D","type":0},"geometry":{"type":"Point","coordinates":[104.73869,-4.79083]}},
{"type":"Feature","properties":{"latitude":-4.9723,"longitude":104.85433,"bright_ti4":331.39,"scan":0.39,"track":0.37,"acq_date":"2021-08-27","acq_time":624,"satellite":"N","instrument":"VIIRS","confidence":"l","version":2,"bright_ti5":305.59,"frp":3.18,"daynight":"D","type":0},"geometry":{"type":"Point","coordinates":[104.85433,-4.9723]}},
{"type":"Feature","properties":{"latitude":-4.97283,"longitude":104.85077,"bright_ti4":337.76,"scan":0.39,"track":0.37,"acq_date":"2021-08-27","acq_time":624,"satellite":"N","instrument":"VIIRS","confidence":"l","version":2,"bright_ti5":308.04,"frp":3.18,"daynight":"D","type":0},"geometry":{"type":"Point","coordinates":[104.85077,-4.97283]}},
{"type":"Feature","properties":{"latitude":-4.75288,"longitude":104.62319,"bright_ti4":337.14,"scan":0.4,"track":0.37,"acq_date":"2021-08-27","acq_time":624,"satellite":"N","instrument":"VIIRS","confidence":"n","version":2,"bright_ti5":305.96,"frp":8.79,"daynight":"D","type":0},"geometry":{"type":"Point","coordinates":[104.62319,-4.75288]}},
{"type":"Feature","properties":{"latitude":-4.74755,"longitude":104.58932,"bright_ti4":330.27,"scan":0.4,"track":0.37,"acq_date":"2021-08-27","acq_time":624,"satellite":"N","instrument":"VIIRS","confidence":"n","version":2,"bright_ti5":302.73,"frp":0.82,"daynight":"D","type":0},"geometry":{"type":"Point","coordinates":[104.58932,-4.74755]}},
{"type":"Feature","properties":{"latitude":-4.75346,"longitude":104.54965,"bright_ti4":334.19,"scan":0.4,"track":0.37,"acq_date":"2021-08-27","acq_time":624,"satellite":"N","instrument":"VIIRS","confidence":"n","version":2,"bright_ti5":300.84,"frp":3.36,"daynight":"D","type":0},"geometry":{"type":"Point","coordinates":[104.54965,-4.75346]}},
{"type":"Feature","properties":{"latitude":-4.75007,"longitude":104.54914,"bright_ti4":338.82,"scan":0.4,"track":0.37,"acq_date":"2021-08-27","acq_time":624,"satellite":"N","instrument":"VIIRS","confidence":"n","version":2,"bright_ti5":303.52,"frp":3.36,"daynight":"D","type":0},"geometry":{"type":"Point","coordinates":[104.54914,-4.75007]}},
{"type":"Feature","properties":{"latitude":-4.72624,"longitude":104.58987,"bright_ti4":336.0,"scan":0.4,"track":0.37,"acq_date":"2021-08-27","acq_time":624,"satellite":"N","instrument":"VIIRS","confidence":"n","version":2,"bright_ti5":303.29,"frp":2.77,"daynight":"D","type":0},"geometry":{"type":"Point","coordinates":[104.58987,-4.72624]}},
{"type":"Feature","properties":{"latitude":-4.74233,"longitude":104.60371,"bright_ti4":332.94,"scan":0.46,"track":0.47,"acq_date":"2021-08-28","acq_time":605,"satellite":"N","instrument":"VIIRS","confidence":"n","version":2,"bright_ti5":289.85,"frp":35.18,"daynight":"D","type":0},"geometry":{"type":"Point","coordinates":[104.60371,-4.74233]}},
{"type":"Feature","properties":{"latitude":-4.74731,"longitude":104.6002,"bright_ti4":337.94,"scan":0.46,"track":0.47,"acq_date":"2021-08-28","acq_time":605,"satellite":"N","instrument":"VIIRS","confidence":"n","version":2,"bright_ti5":305.19,"frp":35.18,"daynight":"D","type":0},"geometry":{"type":"Point","coordinates":[104.6002,-4.74731]}},
{"type":"Feature","properties":{"latitude":-4.74295,"longitude":104.59953,"bright_ti4":341.34,"scan":0.46,"track":0.47,"acq_date":"2021-08-28","acq_time":605,"satellite":"N","instrument":"VIIRS","confidence":"n","version":2,"bright_ti5":294.18,"frp":35.18,"daynight":"D","type":0},"geometry":{"type":"Point","coordinates":[104.59953,-4.74295]}},
{"type":"Feature","properties":{"latitude":-4.7467,"longitude":104.60437,"bright_ti4":333.9,"scan":0.46,"track":0.47,"acq_date":"2021-08-28","acq_time":605,"satellite":"N","instrument":"VIIRS","confidence":"n","version":2,"bright_ti5":293.85,"frp":35.18,"daynight":"D","type":0},"geometry":{"type":"Point","coordinates":[104.60437,-4.7467]}},
{"type":"Feature","properties":{"latitude":-4.68252,"longitude":104.53289,"bright_ti4":297.54,"scan":0.4,"track":0.37,"acq_date":"2021-08-29","acq_time":1829,"satellite":"N","instrument":"VIIRS","confidence":"n","version":2,"bright_ti5":277.53,"frp":0.55,"daynight":"N","type":0},"geometry":{"type":"Point","coordinates":[104.53289,-4.68252]}},
{"type":"Feature","properties":{"latitude":-4.60706,"longitude":104.54423,"bright_ti4":317.37,"scan":0.4,"track":0.37,"acq_date":"2021-08-29","acq_time":1829,"satellite":"N","instrument":"VIIRS","confidence":"n","version":2,"bright_ti5":285.49,"frp":1.09,"daynight":"N","type":0},"geometry":{"type":"Point","coordinates":[104.54423,-4.60706]}},
{"type":"Feature","properties":{"latitude":-4.53381,"longitude":104.92429,"bright_ti4":367.0,"scan":0.36,"track":0.57,"acq_date":"2021-09-03","acq_time":552,"satellite":"N","instrument":"VIIRS","confidence":"h","version":2,"bright_ti5":293.67,"frp":11.15,"daynight":"D","type":0},"geometry":{"type":"Point","coordinates":[104.92429,-4.53381]}},
{"type":"Feature","properties":{"latitude":-4.68383,"longitude":104.5327,"bright_ti4":305.18,"scan":0.46,"track":0.39,"acq_date":"2021-09-03","acq_time":1836,"satellite":"N","instrument":"VIIRS","confidence":"n","version":2,"bright_ti5":281.18,"frp":0.69,"daynight":"N","type":2},"geometry":{"type":"Point","coordinates":[104.5327,-4.68383]}},
{"type":"Feature","properties":{"latitude":-4.70577,"longitude":104.60302,"bright_ti4":325.91,"scan":0.51,"track":0.66,"acq_date":"2021-09-04","acq_time":714,"satellite":"N","instrument":"VIIRS","confidence":"n","version":2,"bright_ti5":290.64,"frp":3.67,"daynight":"D","type":0},"geometry":{"type":"Point","coordinates":[104.60302,-4.70577]}},
{"type":"Feature","properties":{"latitude":-4.70432,"longitude":104.60631,"bright_ti4":326.57,"scan":0.51,"track":0.66,"acq_date":"2021-09-04","acq_time":714,"satellite":"N","instrument":"VIIRS","confidence":"n","version":2,"bright_ti5":291.39,"frp":6.53,"daynight":"D","type":0},"geometry":{"type":"Point","coordinates":[104.60631,-4.70432]}},
{"type":"Feature","properties":{"latitude":-4.68517,"longitude":104.53088,"bright_ti4":302.43,"scan":0.38,"track":0.59,"acq_date":"2021-09-07","acq_time":1901,"satellite":"N","instrument":"VIIRS","confidence":"n","version":2,"bright_ti5":286.6,"frp":0.93,"daynight":"N","type":2},"geometry":{"type":"Point","coordinates":[104.53088,-4.68517]}},
{"type":"Feature","properties":{"latitude":-4.50969,"longitude":104.95801,"bright_ti4":328.1,"scan":0.55,"track":0.51,"acq_date":"2021-09-08","acq_time":559,"satellite":"N","instrument":"VIIRS","confidence":"n","version":2,"bright_ti5":292.73,"frp":2.84,"daynight":"D","type":0},"geometry":{"type":"Point","coordinates":[104.95801,-4.50969]}},
{"type":"Feature","properties":{"latitude":-4.65767,"longitude":104.82455,"bright_ti4":348.87,"scan":0.6,"track":0.7,"acq_date":"2021-09-09","acq_time":540,"satellite":"N","instrument":"VIIRS","confidence":"n","version":2,"bright_ti5":292.12,"frp":11.09,"daynight":"D","type":0},"geometry":{"type":"Point","coordinates":[104.82455,-4.65767]}},
{"type":"Feature","properties":{"latitude":-4.68408,"longitude":104.53272,"bright_ti4":308.46,"scan":0.38,"track":0.36,"acq_date":"2021-09-09","acq_time":1823,"satellite":"N","instrument":"VIIRS","confidence":"n","version":2,"bright_ti5":272.88,"frp":0.7,"daynight":"N","type":2},"geometry":{"type":"Point","coordinates":[104.53272,-4.68408]}},
{"type":"Feature","properties":{"latitude":-4.91533,"longitude":104.89886,"bright_ti4":342.52,"scan":0.33,"track":0.55,"acq_date":"2021-09-10","acq_time":701,"satellite":"N","instrument":"VIIRS","confidence":"n","version":2,"bright_ti5":296.79,"frp":4.56,"daynight":"D","type":0},"geometry":{"type":"Point","coordinates":[104.89886,-4.91533]}},
{"type":"Feature","properties":{"latitude":-4.7707,"longitude":104.66833,"bright_ti4":345.14,"scan":0.63,"track":0.54,"acq_date":"2021-09-10","acq_time":701,"satellite":"N","instrument":"VIIRS","confidence":"n","version":2,"bright_ti5":299.24,"frp":12.0,"daynight":"D","type":0},"geometry":{"type":"Point","coordinates":[104.66833,-4.7707]}},
{"type":"Feature","properties":{"latitude":-4.75776,"longitude":104.68412,"bright_ti4":336.14,"scan":0.64,"track":0.54,"acq_date":"2021-09-10","acq_time":701,"satellite":"N","instrument":"VIIRS","confidence":"n","version":2,"bright_ti5":299.25,"frp":4.61,"daynight":"D","type":0},"geometry":{"type":"Point","coordinates":[104.68412,-4.75776]}},
{"type":"Feature","properties":{"latitude":-4.77473,"longitude":104.55135,"bright_ti4":340.08,"scan":0.62,"track":0.54,"acq_date":"2021-09-10","acq_time":701,"satellite":"N","instrument":"VIIRS","confidence":"n","version":2,"bright_ti5":296.95,"frp":9.48,"daynight":"D","type":0},"geometry":{"type":"Point","coordinates":[104.55135,-4.77473]}},
{"type":"Feature","properties":{"latitude":-4.72095,"longitude":104.71849,"bright_ti4":336.3,"scan":0.32,"track":0.55,"acq_date":"2021-09-10","acq_time":701,"satellite":"N","instrument":"VIIRS","confidence":"n","version":2,"bright_ti5":296.87,"frp":2.84,"daynight":"D","type":0},"geometry":{"type":"Point","coordinates":[104.71849,-4.72095]}},
{"type":"Feature","properties":{"latitude":-4.66288,"longitude":104.84554,"bright_ti4":343.9,"scan":0.33,"track":0.55,"acq_date":"2021-09-10","acq_time":701,"satellite":"N","instrument":"VIIRS","confidence":"n","version":2,"bright_ti5":286.47,"frp":5.63,"daynight":"D","type":0},"geometry":{"type":"Point","coordinates":[104.84554,-4.66288]}},
{"type":"Feature","properties":{"latitude":-4.69929,"longitude":104.63314,"bright_ti4":330.1,"scan":0.63,"track":0.54,"acq_date":"2021-09-10","acq_time":701,"satellite":"N","instrument":"VIIRS","confidence":"n","version":2,"bright_ti5":297.68,"frp":6.26,"daynight":"D","type":0},"geometry":{"type":"Point","coordinates":[104.63314,-4.69929]}},
{"type":"Feature","properties":{"latitude":-4.66236,"longitude":104.84852,"bright_ti4":356.99,"scan":0.33,"track":0.55,"acq_date":"2021-09-10","acq_time":701,"satellite":"N","instrument":"VIIRS","confidence":"l","version":2,"bright_ti5":287.85,"frp":11.64,"daynight":"D","type":0},"geometry":{"type":"Point","coordinates":[104.84852,-4.66236]}},
{"type":"Feature","properties":{"latitude":-4.66497,"longitude":104.84681,"bright_ti4":367.0,"scan":0.33,"track":0.55,"acq_date":"2021-09-10","acq_time":701,"satellite":"N","instrument":"VIIRS","confidence":"h","version":2,"bright_ti5":290.8,"frp":5.92,"daynight":"D","type":0},"geometry":{"type":"Point","coordinates":[104.84681,-4.66497]}},
{"type":"Feature","properties":{"latitude":-4.66448,"longitude":104.84981,"bright_ti4":348.69,"scan":0.33,"track":0.55,"acq_date":"2021-09-10","acq_time":701,"satellite":"N","instrument":"VIIRS","confidence":"n","version":2,"bright_ti5":291.53,"frp":5.92,"daynight":"D","type":0},"geometry":{"type":"Point","coordinates":[104.84981,-4.66448]}},
{"type":"Feature","properties":{"latitude":-4.97223,"longitude":104.97844,"bright_ti4":343.35,"scan":0.33,"track":0.55,"acq_date":"2021-09-10","acq_time":701,"satellite":"N","instrument":"VIIRS","confidence":"n","version":2,"bright_ti5":297.58,"frp":3.86,"daynight":"D","type":0},"geometry":{"type":"Point","coordinates":[104.97844,-4.97223]}},
{"type":"Feature","properties":{"latitude":-4.97023,"longitude":104.97826,"bright_ti4":344.73,"scan":0.33,"track":0.55,"acq_date":"2021-09-10","acq_time":701,"satellite":"N","instrument":"VIIRS","confidence":"n","version":2,"bright_ti5":297.58,"frp":3.95,"daynight":"D","type":0},"geometry":{"type":"Point","coordinates":[104.97826,-4.97023]}},
{"type":"Feature","properties":{"latitude":-4.92569,"longitude":104.96188,"bright_ti4":348.84,"scan":0.33,"track":0.55,"acq_date":"2021-09-10","acq_time":701,"satellite":"N","instrument":"VIIRS","confidence":"n","version":2,"bright_ti5":294.6,"frp":4.28,"daynight":"D","type":0},"geometry":{"type":"Point","coordinates":[104.96188,-4.92569]}},
{"type":"Feature","properties":{"latitude":-4.93869,"longitude":104.88423,"bright_ti4":333.49,"scan":0.33,"track":0.55,"acq_date":"2021-09-10","acq_time":701,"satellite":"N","instrument":"VIIRS","confidence":"n","version":2,"bright_ti5":296.41,"frp":1.87,"daynight":"D","type":0},"geometry":{"type":"Point","coordinates":[104.88423,-4.93869]}},
{"type":"Feature","properties":{"latitude":-4.93245,"longitude":104.87955,"bright_ti4":335.11,"scan":0.49,"track":0.4,"acq_date":"2021-09-11","acq_time":643,"satellite":"N","instrument":"VIIRS","confidence":"n","version":2,"bright_ti5":295.32,"frp":3.84,"daynight":"D","type":0},"geometry":{"type":"Point","coordinates":[104.87955,-4.93245]}},
{"type":"Feature","properties":{"latitude":-4.92873,"longitude":104.87901,"bright_ti4":340.76,"scan":0.49,"track":0.4,"acq_date":"2021-09-11","acq_time":643,"satellite":"N","instrument":"VIIRS","confidence":"n","version":2,"bright_ti5":294.27,"frp":4.2,"daynight":"D","type":0},"geometry":{"type":"Point","coordinates":[104.87901,-4.92873]}},
{"type":"Feature","properties":{"latitude":-4.6058,"longitude":104.54417,"bright_ti4":304.4,"scan":0.47,"track":0.4,"acq_date":"2021-09-15","acq_time":1811,"satellite":"N","instrument":"VIIRS","confidence":"n","version":2,"bright_ti5":289.05,"frp":0.73,"daynight":"N","type":0},"geometry":{"type":"Point","coordinates":[104.54417,-4.6058]}},
{"type":"Feature","properties":{"latitude":-5.04388,"longitude":105.02227,"bright_ti4":331.91,"scan":0.41,"track":0.45,"acq_date":"2021-09-16","acq_time":649,"satellite":"N","instrument":"VIIRS","confidence":"n","version":2,"bright_ti5":293.97,"frp":2.7,"daynight":"D","type":0},"geometry":{"type":"Point","coordinates":[105.02227,-5.04388]}},
{"type":"Feature","properties":{"latitude":-4.70706,"longitude":104.68749,"bright_ti4":334.85,"scan":0.39,"track":0.44,"acq_date":"2021-09-16","acq_time":649,"satellite":"N","instrument":"VIIRS","confidence":"n","version":2,"bright_ti5":291.28,"frp":14.97,"daynight":"D","type":0},"geometry":{"type":"Point","coordinates":[104.68749,-4.70706]}},
{"type":"Feature","properties":{"latitude":-4.82859,"longitude":104.94205,"bright_ti4":306.5,"scan":0.58,"track":0.52,"acq_date":"2021-09-16","acq_time":1752,"satellite":"N","instrument":"VIIRS","confidence":"n","version":2,"bright_ti5":287.68,"frp":1.19,"daynight":"N","type":0},"geometry":{"type":"Point","coordinates":[104.94205,-4.82859]}},
{"type":"Feature","properties":{"latitude":-4.85043,"longitude":105.00746,"bright_ti4":339.05,"scan":0.39,"track":0.36,"acq_date":"2021-09-17","acq_time":630,"satellite":"N","instrument":"VIIRS","confidence":"n","version":2,"bright_ti5":301.93,"frp":33.76,"daynight":"D","type":0},"geometry":{"type":"Point","coordinates":[105.00746,-4.85043]}},
{"type":"Feature","properties":{"latitude":-4.79585,"longitude":104.72461,"bright_ti4":335.92,"scan":0.38,"track":0.36,"acq_date":"2021-09-17","acq_time":630,"satellite":"N","instrument":"VIIRS","confidence":"n","version":2,"bright_ti5":299.77,"frp":4.1,"daynight":"D","type":0},"geometry":{"type":"Point","coordinates":[104.72461,-4.79585]}},
{"type":"Feature","properties":{"latitude":-4.66567,"longitude":104.95725,"bright_ti4":330.3,"scan":0.39,"track":0.36,"acq_date":"2021-09-17","acq_time":630,"satellite":"N","instrument":"VIIRS","confidence":"n","version":2,"bright_ti5":298.93,"frp":2.43,"daynight":"D","type":0},"geometry":{"type":"Point","coordinates":[104.95725,-4.66567]}},
{"type":"Feature","properties":{"latitude":-4.66915,"longitude":104.66632,"bright_ti4":334.16,"scan":0.38,"track":0.36,"acq_date":"2021-09-17","acq_time":630,"satellite":"N","instrument":"VIIRS","confidence":"n","version":2,"bright_ti5":299.15,"frp":3.06,"daynight":"D","type":0},"geometry":{"type":"Point","coordinates":[104.66632,-4.66915]}},
{"type":"Feature","properties":{"latitude":-4.66824,"longitude":104.94351,"bright_ti4":330.92,"scan":0.52,"track":0.42,"acq_date":"2021-09-18","acq_time":611,"satellite":"N","instrument":"VIIRS","confidence":"n","version":2,"bright_ti5":291.48,"frp":4.34,"daynight":"D","type":0},"geometry":{"type":"Point","coordinates":[104.94351,-4.66824]}},
{"type":"Feature","properties":{"latitude":-4.74925,"longitude":104.67414,"bright_ti4":329.45,"scan":0.37,"track":0.58,"acq_date":"2021-09-19","acq_time":552,"satellite":"N","instrument":"VIIRS","confidence":"n","version":2,"bright_ti5":290.96,"frp":2.01,"daynight":"D","type":0},"geometry":{"type":"Point","coordinates":[104.67414,-4.74925]}},
{"type":"Feature","properties":{"latitude":-4.51356,"longitude":104.52141,"bright_ti4":332.91,"scan":0.38,"track":0.59,"acq_date":"2021-09-19","acq_time":552,"satellite":"N","instrument":"VIIRS","confidence":"n","version":2,"bright_ti5":290.1,"frp":1.73,"daynight":"D","type":0},"geometry":{"type":"Point","coordinates":[104.52141,-4.51356]}},
{"type":"Feature","properties":{"latitude":-4.75823,"longitude":104.6419,"bright_ti4":342.28,"scan":0.49,"track":0.49,"acq_date":"2021-09-21","acq_time":655,"satellite":"N","instrument":"VIIRS","confidence":"n","version":2,"bright_ti5":299.04,"frp":6.96,"daynight":"D","type":0},"geometry":{"type":"Point","coordinates":[104.6419,-4.75823]}},
{"type":"Feature","properties":{"latitude":-4.75692,"longitude":104.63819,"bright_ti4":335.79,"scan":0.49,"track":0.49,"acq_date":"2021-09-21","acq_time":655,"satellite":"N","instrument":"VIIRS","confidence":"n","version":2,"bright_ti5":296.92,"frp":3.27,"daynight":"D","type":0},"geometry":{"type":"Point","coordinates":[104.63819,-4.75692]}},
{"type":"Feature","properties":{"latitude":-4.70291,"longitude":104.62994,"bright_ti4":330.3,"scan":0.49,"track":0.49,"acq_date":"2021-09-21","acq_time":655,"satellite":"N","instrument":"VIIRS","confidence":"n","version":2,"bright_ti5":297.84,"frp":4.72,"daynight":"D","type":0},"geometry":{"type":"Point","coordinates":[104.62994,-4.70291]}},
{"type":"Feature","properties":{"latitude":-4.6068,"longitude":104.95477,"bright_ti4":347.6,"scan":0.52,"track":0.5,"acq_date":"2021-09-21","acq_time":655,"satellite":"N","instrument":"VIIRS","confidence":"n","version":2,"bright_ti5":297.14,"frp":8.62,"daynight":"D","type":0},"geometry":{"type":"Point","coordinates":[104.95477,-4.6068]}},
{"type":"Feature","properties":{"latitude":-4.60219,"longitude":104.95401,"bright_ti4":340.67,"scan":0.52,"track":0.5,"acq_date":"2021-09-21","acq_time":655,"satellite":"N","instrument":"VIIRS","confidence":"n","version":2,"bright_ti5":298.68,"frp":7.99,"daynight":"D","type":0},"geometry":{"type":"Point","coordinates":[104.95401,-4.60219]}},
{"type":"Feature","properties":{"latitude":-4.60312,"longitude":104.95625,"bright_ti4":340.82,"scan":0.52,"track":0.5,"acq_date":"2021-09-21","acq_time":655,"satellite":"N","instrument":"VIIRS","confidence":"n","version":2,"bright_ti5":298.52,"frp":9.78,"daynight":"D","type":0},"geometry":{"type":"Point","coordinates":[104.95625,-4.60312]}},
{"type":"Feature","properties":{"latitude":-4.60388,"longitude":104.95153,"bright_ti4":334.42,"scan":0.52,"track":0.5,"acq_date":"2021-09-21","acq_time":655,"satellite":"N","instrument":"VIIRS","confidence":"n","version":2,"bright_ti5":297.96,"frp":9.78,"daynight":"D","type":0},"geometry":{"type":"Point","coordinates":[104.95153,-4.60388]}},
{"type":"Feature","properties":{"latitude":-4.59623,"longitude":104.9697,"bright_ti4":330.85,"scan":0.52,"track":0.5,"acq_date":"2021-09-21","acq_time":655,"satellite":"N","instrument":"VIIRS","confidence":"n","version":2,"bright_ti5":297.24,"frp":2.91,"daynight":"D","type":0},"geometry":{"type":"Point","coordinates":[104.9697,-4.59623]}},
{"type":"Feature","properties":{"latitude":-4.58318,"longitude":104.96259,"bright_ti4":349.97,"scan":0.52,"track":0.5,"acq_date":"2021-09-21","acq_time":655,"satellite":"N","instrument":"VIIRS","confidence":"n","version":2,"bright_ti5":299.67,"frp":32.97,"daynight":"D","type":0},"geometry":{"type":"Point","coordinates":[104.96259,-4.58318]}},
{"type":"Feature","properties":{"latitude":-4.57857,"longitude":104.96187,"bright_ti4":354.74,"scan":0.52,"track":0.5,"acq_date":"2021-09-21","acq_time":655,"satellite":"N","instrument":"VIIRS","confidence":"n","version":2,"bright_ti5":296.43,"frp":21.46,"daynight":"D","type":0},"geometry":{"type":"Point","coordinates":[104.96187,-4.57857]}},
{"type":"Feature","properties":{"latitude":-4.57068,"longitude":104.52888,"bright_ti4":336.38,"scan":0.49,"track":0.48,"acq_date":"2021-09-21","acq_time":655,"satellite":"N","instrument":"VIIRS","confidence":"n","version":2,"bright_ti5":295.47,"frp":6.25,"daynight":"D","type":0},"geometry":{"type":"Point","coordinates":[104.52888,-4.57068]}},
{"type":"Feature","properties":{"latitude":-4.56897,"longitude":104.52488,"bright_ti4":333.33,"scan":0.49,"track":0.48,"acq_date":"2021-09-21","acq_time":655,"satellite":"N","instrument":"VIIRS","confidence":"n","version":2,"bright_ti5":296.22,"frp":5.75,"daynight":"D","type":0},"geometry":{"type":"Point","coordinates":[104.52488,-4.56897]}},
{"type":"Feature","properties":{"latitude":-4.60394,"longitude":104.5442,"bright_ti4":295.9,"scan":0.49,"track":0.48,"acq_date":"2021-09-21","acq_time":1758,"satellite":"N","instrument":"VIIRS","confidence":"n","version":2,"bright_ti5":278.91,"frp":0.35,"daynight":"N","type":0},"geometry":{"type":"Point","coordinates":[104.5442,-4.60394]}},
{"type":"Feature","properties":{"latitude":-4.60606,"longitude":104.54127,"bright_ti4":296.97,"scan":0.48,"track":0.48,"acq_date":"2021-09-21","acq_time":1758,"satellite":"N","instrument":"VIIRS","confidence":"n","version":2,"bright_ti5":281.38,"frp":0.32,"daynight":"N","type":0},"geometry":{"type":"Point","coordinates":[104.54127,-4.60606]}},
{"type":"Feature","properties":{"latitude":-4.63617,"longitude":104.73323,"bright_ti4":333.18,"scan":0.41,"track":0.37,"acq_date":"2021-09-22","acq_time":636,"satellite":"N","instrument":"VIIRS","confidence":"n","version":2,"bright_ti5":295.36,"frp":3.23,"daynight":"D","type":0},"geometry":{"type":"Point","coordinates":[104.73323,-4.63617]}},
{"type":"Feature","properties":{"latitude":-4.65205,"longitude":104.83537,"bright_ti4":335.23,"scan":0.42,"track":0.37,"acq_date":"2021-09-22","acq_time":636,"satellite":"N","instrument":"VIIRS","confidence":"n","version":2,"bright_ti5":298.22,"frp":3.2,"daynight":"D","type":0},"geometry":{"type":"Point","coordinates":[104.83537,-4.65205]}},
{"type":"Feature","properties":{"latitude":-4.65146,"longitude":104.83913,"bright_ti4":345.86,"scan":0.42,"track":0.37,"acq_date":"2021-09-22","acq_time":636,"satellite":"N","instrument":"VIIRS","confidence":"n","version":2,"bright_ti5":298.73,"frp":5.04,"daynight":"D","type":0},"geometry":{"type":"Point","coordinates":[104.83913,-4.65146]}},
{"type":"Feature","properties":{"latitude":-4.70841,"longitude":104.60732,"bright_ti4":333.83,"scan":0.41,"track":0.37,"acq_date":"2021-09-22","acq_time":636,"satellite":"N","instrument":"VIIRS","confidence":"n","version":2,"bright_ti5":297.71,"frp":3.19,"daynight":"D","type":0},"geometry":{"type":"Point","coordinates":[104.60732,-4.70841]}},
{"type":"Feature","properties":{"latitude":-4.7027,"longitude":104.64442,"bright_ti4":331.14,"scan":0.41,"track":0.37,"acq_date":"2021-09-22","acq_time":636,"satellite":"N","instrument":"VIIRS","confidence":"n","version":2,"bright_ti5":297.43,"frp":2.9,"daynight":"D","type":0},"geometry":{"type":"Point","coordinates":[104.64442,-4.7027]}},
{"type":"Feature","properties":{"latitude":-4.76308,"longitude":104.61176,"bright_ti4":340.88,"scan":0.41,"track":0.37,"acq_date":"2021-09-22","acq_time":636,"satellite":"N","instrument":"VIIRS","confidence":"n","version":2,"bright_ti5":298.87,"frp":7.93,"daynight":"D","type":0},"geometry":{"type":"Point","coordinates":[104.61176,-4.76308]}},
{"type":"Feature","properties":{"latitude":-4.76591,"longitude":104.63863,"bright_ti4":340.26,"scan":0.41,"track":0.37,"acq_date":"2021-09-22","acq_time":636,"satellite":"N","instrument":"VIIRS","confidence":"n","version":2,"bright_ti5":295.63,"frp":3.99,"daynight":"D","type":0},"geometry":{"type":"Point","coordinates":[104.63863,-4.76591]}},
{"type":"Feature","properties":{"latitude":-4.7825,"longitude":104.59959,"bright_ti4":347.17,"scan":0.41,"track":0.37,"acq_date":"2021-09-22","acq_time":636,"satellite":"N","instrument":"VIIRS","confidence":"n","version":2,"bright_ti5":297.14,"frp":6.39,"daynight":"D","type":0},"geometry":{"type":"Point","coordinates":[104.59959,-4.7825]}},
{"type":"Feature","properties":{"latitude":-4.78978,"longitude":104.80249,"bright_ti4":331.12,"scan":0.42,"track":0.37,"acq_date":"2021-09-22","acq_time":636,"satellite":"N","instrument":"VIIRS","confidence":"n","version":2,"bright_ti5":297.56,"frp":1.36,"daynight":"D","type":0},"geometry":{"type":"Point","coordinates":[104.80249,-4.78978]}},
{"type":"Feature","properties":{"latitude":-5.07874,"longitude":104.80547,"bright_ti4":346.32,"scan":0.41,"track":0.37,"acq_date":"2021-09-22","acq_time":636,"satellite":"N","instrument":"VIIRS","confidence":"n","version":2,"bright_ti5":294.79,"frp":9.44,"daynight":"D","type":0},"geometry":{"type":"Point","coordinates":[104.80547,-5.07874]}},
{"type":"Feature","properties":{"latitude":-4.64048,"longitude":104.59318,"bright_ti4":330.78,"scan":0.41,"track":0.37,"acq_date":"2021-09-22","acq_time":636,"satellite":"N","instrument":"VIIRS","confidence":"n","version":2,"bright_ti5":294.13,"frp":1.55,"daynight":"D","type":0},"geometry":{"type":"Point","coordinates":[104.59318,-4.64048]}},
{"type":"Feature","properties":{"latitude":-4.84695,"longitude":104.61534,"bright_ti4":335.86,"scan":0.47,"track":0.4,"acq_date":"2021-09-27","acq_time":643,"satellite":"N","instrument":"VIIRS","confidence":"n","version":2,"bright_ti5":286.7,"frp":4.63,"daynight":"D","type":0},"geometry":{"type":"Point","coordinates":[104.61534,-4.84695]}},
{"type":"Feature","properties":{"latitude":-4.67703,"longitude":104.93463,"bright_ti4":327.14,"scan":0.46,"track":0.64,"acq_date":"2021-09-30","acq_time":546,"satellite":"N","instrument":"VIIRS","confidence":"n","version":2,"bright_ti5":286.57,"frp":2.04,"daynight":"D","type":0},"geometry":{"type":"Point","coordinates":[104.93463,-4.67703]}},
{"type":"Feature","properties":{"latitude":-4.95591,"longitude":104.87576,"bright_ti4":332.83,"scan":0.4,"track":0.44,"acq_date":"2021-10-02","acq_time":649,"satellite":"N","instrument":"VIIRS","confidence":"n","version":2,"bright_ti5":295.61,"frp":1.71,"daynight":"D","type":0},"geometry":{"type":"Point","coordinates":[104.87576,-4.95591]}},
{"type":"Feature","properties":{"latitude":-4.68182,"longitude":104.57168,"bright_ti4":334.61,"scan":0.39,"track":0.44,"acq_date":"2021-10-02","acq_time":649,"satellite":"N","instrument":"VIIRS","confidence":"n","version":2,"bright_ti5":297.69,"frp":3.45,"daynight":"D","type":0},"geometry":{"type":"Point","coordinates":[104.57168,-4.68182]}},
{"type":"Feature","properties":{"latitude":-4.69521,"longitude":104.69309,"bright_ti4":330.56,"scan":0.39,"track":0.44,"acq_date":"2021-10-02","acq_time":649,"satellite":"N","instrument":"VIIRS","confidence":"n","version":2,"bright_ti5":298.09,"frp":3.28,"daynight":"D","type":0},"geometry":{"type":"Point","coordinates":[104.69309,-4.69521]}},
{"type":"Feature","properties":{"latitude":-4.71488,"longitude":104.67429,"bright_ti4":335.42,"scan":0.39,"track":0.44,"acq_date":"2021-10-02","acq_time":649,"satellite":"N","instrument":"VIIRS","confidence":"n","version":2,"bright_ti5":297.67,"frp":3.25,"daynight":"D","type":0},"geometry":{"type":"Point","coordinates":[104.67429,-4.71488]}},
{"type":"Feature","properties":{"latitude":-4.77569,"longitude":104.60847,"bright_ti4":330.11,"scan":0.39,"track":0.44,"acq_date":"2021-10-02","acq_time":649,"satellite":"N","instrument":"VIIRS","confidence":"n","version":2,"bright_ti5":297.18,"frp":2.83,"daynight":"D","type":0},"geometry":{"type":"Point","coordinates":[104.60847,-4.77569]}},
{"type":"Feature","properties":{"latitude":-4.78145,"longitude":104.59853,"bright_ti4":338.44,"scan":0.39,"track":0.44,"acq_date":"2021-10-02","acq_time":649,"satellite":"N","instrument":"VIIRS","confidence":"n","version":2,"bright_ti5":296.45,"frp":3.53,"daynight":"D","type":0},"geometry":{"type":"Point","coordinates":[104.59853,-4.78145]}},
{"type":"Feature","properties":{"latitude":-4.84863,"longitude":105.05069,"bright_ti4":355.8,"scan":0.41,"track":0.45,"acq_date":"2021-10-02","acq_time":649,"satellite":"N","instrument":"VIIRS","confidence":"n","version":2,"bright_ti5":292.32,"frp":21.13,"daynight":"D","type":0},"geometry":{"type":"Point","coordinates":[105.05069,-4.84863]}},
{"type":"Feature","properties":{"latitude":-4.95284,"longitude":104.87471,"bright_ti4":336.58,"scan":0.4,"track":0.44,"acq_date":"2021-10-02","acq_time":649,"satellite":"N","instrument":"VIIRS","confidence":"n","version":2,"bright_ti5":297.59,"frp":2.94,"daynight":"D","type":0},"geometry":{"type":"Point","coordinates":[104.87471,-4.95284]}},
{"type":"Feature","properties":{"latitude":-4.59271,"longitude":104.90663,"bright_ti4":333.45,"scan":0.39,"track":0.36,"acq_date":"2021-10-03","acq_time":630,"satellite":"N","instrument":"VIIRS","confidence":"n","version":2,"bright_ti5":295.21,"frp":1.64,"daynight":"D","type":0},"geometry":{"type":"Point","coordinates":[104.90663,-4.59271]}},
{"type":"Feature","properties":{"latitude":-4.60258,"longitude":104.97585,"bright_ti4":339.02,"scan":0.39,"track":0.36,"acq_date":"2021-10-03","acq_time":630,"satellite":"N","instrument":"VIIRS","confidence":"n","version":2,"bright_ti5":299.14,"frp":24.67,"daynight":"D","type":0},"geometry":{"type":"Point","coordinates":[104.97585,-4.60258]}},
{"type":"Feature","properties":{"latitude":-4.61283,"longitude":104.93107,"bright_ti4":341.17,"scan":0.39,"track":0.36,"acq_date":"2021-10-03","acq_time":630,"satellite":"N","instrument":"VIIRS","confidence":"n","version":2,"bright_ti5":293.98,"frp":2.54,"daynight":"D","type":0},"geometry":{"type":"Point","coordinates":[104.93107,-4.61283]}},
{"type":"Feature","properties":{"latitude":-4.67395,"longitude":104.64192,"bright_ti4":332.71,"scan":0.38,"track":0.36,"acq_date":"2021-10-03","acq_time":630,"satellite":"N","instrument":"VIIRS","confidence":"n","version":2,"bright_ti5":297.03,"frp":2.32,"daynight":"D","type":0},"geometry":{"type":"Point","coordinates":[104.64192,-4.67395]}},
{"type":"Feature","properties":{"latitude":-4.70351,"longitude":104.67121,"bright_ti4":330.8,"scan":0.38,"track":0.36,"acq_date":"2021-10-03","acq_time":630,"satellite":"N","instrument":"VIIRS","confidence":"n","version":2,"bright_ti5":298.29,"frp":1.98,"daynight":"D","type":0},"geometry":{"type":"Point","coordinates":[104.67121,-4.70351]}},
{"type":"Feature","properties":{"latitude":-4.7291,"longitude":104.67592,"bright_ti4":335.04,"scan":0.38,"track":0.36,"acq_date":"2021-10-03","acq_time":630,"satellite":"N","instrument":"VIIRS","confidence":"n","version":2,"bright_ti5":295.73,"frp":4.26,"daynight":"D","type":0},"geometry":{"type":"Point","coordinates":[104.67592,-4.7291]}},
{"type":"Feature","properties":{"latitude":-5.06462,"longitude":104.87543,"bright_ti4":299.21,"scan":0.4,"track":0.37,"acq_date":"2021-10-06","acq_time":1817,"satellite":"N","instrument":"VIIRS","confidence":"n","version":2,"bright_ti5":281.05,"frp":0.1,"daynight":"N","type":0},"geometry":{"type":"Point","coordinates":[104.87543,-5.06462]}},
{"type":"Feature","properties":{"latitude":-4.85788,"longitude":104.93694,"bright_ti4":301.34,"scan":0.4,"track":0.37,"acq_date":"2021-10-06","acq_time":1817,"satellite":"N","instrument":"VIIRS","confidence":"n","version":2,"bright_ti5":281.42,"frp":0.4,"daynight":"N","type":0},"geometry":{"type":"Point","coordinates":[104.93694,-4.85788]}},
{"type":"Feature","properties":{"latitude":-4.97801,"longitude":104.82294,"bright_ti4":342.23,"scan":0.5,"track":0.49,"acq_date":"2021-10-07","acq_time":655,"satellite":"N","instrument":"VIIRS","confidence":"n","version":2,"bright_ti5":296.45,"frp":8.35,"daynight":"D","type":0},"geometry":{"type":"Point","coordinates":[104.82294,-4.97801]}},
{"type":"Feature","properties":{"latitude":-4.97874,"longitude":104.81844,"bright_ti4":341.07,"scan":0.5,"track":0.49,"acq_date":"2021-10-07","acq_time":655,"satellite":"N","instrument":"VIIRS","confidence":"n","version":2,"bright_ti5":295.19,"frp":8.35,"daynight":"D","type":0},"geometry":{"type":"Point","coordinates":[104.81844,-4.97874]}},
{"type":"Feature","properties":{"latitude":-4.6073,"longitude":104.54298,"bright_ti4":311.34,"scan":0.49,"track":0.48,"acq_date":"2021-10-07","acq_time":1758,"satellite":"N","instrument":"VIIRS","confidence":"n","version":2,"bright_ti5":289.68,"frp":1.45,"daynight":"N","type":0},"geometry":{"type":"Point","coordinates":[104.54298,-4.6073]}},
{"type":"Feature","properties":{"latitude":-4.70332,"longitude":104.547,"bright_ti4":334.47,"scan":0.41,"track":0.37,"acq_date":"2021-10-08","acq_time":636,"satellite":"N","instrument":"VIIRS","confidence":"n","version":2,"bright_ti5":302.84,"frp":2.84,"daynight":"D","type":0},"geometry":{"type":"Point","coordinates":[104.547,-4.70332]}},
{"type":"Feature","properties":{"latitude":-4.69688,"longitude":104.67847,"bright_ti4":340.25,"scan":0.41,"track":0.37,"acq_date":"2021-10-08","acq_time":636,"satellite":"N","instrument":"VIIRS","confidence":"n","version":2,"bright_ti5":306.45,"frp":24.28,"daynight":"D","type":0},"geometry":{"type":"Point","coordinates":[104.67847,-4.69688]}},
{"type":"Feature","properties":{"latitude":-4.70031,"longitude":104.67897,"bright_ti4":342.14,"scan":0.41,"track":0.37,"acq_date":"2021-10-08","acq_time":636,"satellite":"N","instrument":"VIIRS","confidence":"n","version":2,"bright_ti5":307.8,"frp":24.28,"daynight":"D","type":0},"geometry":{"type":"Point","coordinates":[104.67897,-4.70031]}},
{"type":"Feature","properties":{"latitude":-4.73121,"longitude":104.66091,"bright_ti4":335.87,"scan":0.41,"track":0.37,"acq_date":"2021-10-08","acq_time":636,"satellite":"N","instrument":"VIIRS","confidence":"n","version":2,"bright_ti5":306.41,"frp":2.81,"daynight":"D","type":0},"geometry":{"type":"Point","coordinates":[104.66091,-4.73121]}},
{"type":"Feature","properties":{"latitude":-4.78086,"longitude":104.61161,"bright_ti4":332.86,"scan":0.41,"track":0.37,"acq_date":"2021-10-08","acq_time":636,"satellite":"N","instrument":"VIIRS","confidence":"l","version":2,"bright_ti5":304.68,"frp":6.88,"daynight":"D","type":0},"geometry":{"type":"Point","coordinates":[104.61161,-4.78086]}},
{"type":"Feature","properties":{"latitude":-4.7803,"longitude":104.6153,"bright_ti4":350.04,"scan":0.41,"track":0.37,"acq_date":"2021-10-08","acq_time":636,"satellite":"N","instrument":"VIIRS","confidence":"n","version":2,"bright_ti5":306.5,"frp":6.88,"daynight":"D","type":0},"geometry":{"type":"Point","coordinates":[104.6153,-4.7803]}},
{"type":"Feature","properties":{"latitude":-4.78012,"longitude":104.61206,"bright_ti4":335.84,"scan":0.41,"track":0.37,"acq_date":"2021-10-08","acq_time":636,"satellite":"N","instrument":"VIIRS","confidence":"n","version":2,"bright_ti5":305.65,"frp":7.24,"daynight":"D","type":0},"geometry":{"type":"Point","coordinates":[104.61206,-4.78012]}},
{"type":"Feature","properties":{"latitude":-5.01399,"longitude":105.06601,"bright_ti4":331.32,"scan":0.42,"track":0.38,"acq_date":"2021-10-08","acq_time":636,"satellite":"N","instrument":"VIIRS","confidence":"l","version":2,"bright_ti5":302.55,"frp":3.7,"daynight":"D","type":0},"geometry":{"type":"Point","coordinates":[105.06601,-5.01399]}},
{"type":"Feature","properties":{"latitude":-5.01458,"longitude":105.06221,"bright_ti4":336.06,"scan":0.42,"track":0.38,"acq_date":"2021-10-08","acq_time":636,"satellite":"N","instrument":"VIIRS","confidence":"n","version":2,"bright_ti5":301.99,"frp":3.7,"daynight":"D","type":0},"geometry":{"type":"Point","coordinates":[105.06221,-5.01458]}},
{"type":"Feature","properties":{"latitude":-4.77954,"longitude":104.61574,"bright_ti4":340.52,"scan":0.41,"track":0.37,"acq_date":"2021-10-08","acq_time":636,"satellite":"N","instrument":"VIIRS","confidence":"n","version":2,"bright_ti5":305.35,"frp":7.24,"daynight":"D","type":0},"geometry":{"type":"Point","coordinates":[104.61574,-4.77954]}},
{"type":"Feature","properties":{"latitude":-4.50564,"longitude":104.83604,"bright_ti4":346.35,"scan":0.42,"track":0.38,"acq_date":"2021-10-08","acq_time":637,"satellite":"N","instrument":"VIIRS","confidence":"n","version":2,"bright_ti5":305.95,"frp":9.64,"daynight":"D","type":0},"geometry":{"type":"Point","coordinates":[104.83604,-4.50564]}},
{"type":"Feature","properties":{"latitude":-4.57151,"longitude":104.71996,"bright_ti4":335.9,"scan":0.41,"track":0.37,"acq_date":"2021-10-08","acq_time":637,"satellite":"N","instrument":"VIIRS","confidence":"n","version":2,"bright_ti5":304.38,"frp":6.38,"daynight":"D","type":0},"geometry":{"type":"Point","coordinates":[104.71996,-4.57151]}},
{"type":"Feature","properties":{"latitude":-4.55324,"longitude":104.88233,"bright_ti4":334.29,"scan":0.42,"track":0.38,"acq_date":"2021-10-08","acq_time":637,"satellite":"N","instrument":"VIIRS","confidence":"n","version":2,"bright_ti5":303.76,"frp":3.45,"daynight":"D","type":0},"geometry":{"type":"Point","coordinates":[104.88233,-4.55324]}},
{"type":"Feature","properties":{"latitude":-4.65958,"longitude":104.51369,"bright_ti4":330.42,"scan":0.41,"track":0.37,"acq_date":"2021-10-08","acq_time":637,"satellite":"N","instrument":"VIIRS","confidence":"n","version":2,"bright_ti5":301.0,"frp":2.27,"daynight":"D","type":0},"geometry":{"type":"Point","coordinates":[104.51369,-4.65958]}},
{"type":"Feature","properties":{"latitude":-4.65611,"longitude":104.93173,"bright_ti4":301.45,"scan":0.48,"track":0.64,"acq_date":"2021-10-08","acq_time":1739,"satellite":"N","instrument":"VIIRS","confidence":"n","version":2,"bright_ti5":285.54,"frp":0.97,"daynight":"N","type":0},"geometry":{"type":"Point","coordinates":[104.93173,-4.65611]}},
{"type":"Feature","properties":{"latitude":-4.66207,"longitude":104.9306,"bright_ti4":302.94,"scan":0.48,"track":0.64,"acq_date":"2021-10-08","acq_time":1739,"satellite":"N","instrument":"VIIRS","confidence":"n","version":2,"bright_ti5":282.36,"frp":1.07,"daynight":"N","type":0},"geometry":{"type":"Point","coordinates":[104.9306,-4.66207]}},
{"type":"Feature","properties":{"latitude":-4.63227,"longitude":104.57688,"bright_ti4":334.67,"scan":0.45,"track":0.39,"acq_date":"2021-10-09","acq_time":618,"satellite":"N","instrument":"VIIRS","confidence":"n","version":2,"bright_ti5":298.82,"frp":5.66,"daynight":"D","type":0},"geometry":{"type":"Point","coordinates":[104.57688,-4.63227]}},
{"type":"Feature","properties":{"latitude":-4.70479,"longitude":104.58345,"bright_ti4":332.71,"scan":0.45,"track":0.39,"acq_date":"2021-10-09","acq_time":618,"satellite":"N","instrument":"VIIRS","confidence":"l","version":2,"bright_ti5":300.82,"frp":4.67,"daynight":"D","type":0},"geometry":{"type":"Point","coordinates":[104.58345,-4.70479]}},
{"type":"Feature","properties":{"latitude":-4.70214,"longitude":104.58664,"bright_ti4":338.67,"scan":0.45,"track":0.39,"acq_date":"2021-10-09","acq_time":618,"satellite":"N","instrument":"VIIRS","confidence":"l","version":2,"bright_ti5":300.31,"frp":8.41,"daynight":"D","type":0},"geometry":{"type":"Point","coordinates":[104.58664,-4.70214]}},
{"type":"Feature","properties":{"latitude":-4.67307,"longitude":104.95986,"bright_ti4":339.61,"scan":0.44,"track":0.38,"acq_date":"2021-10-09","acq_time":618,"satellite":"N","instrument":"VIIRS","confidence":"n","version":2,"bright_ti5":303.37,"frp":6.49,"daynight":"D","type":0},"geometry":{"type":"Point","coordinates":[104.95986,-4.67307]}},
{"type":"Feature","properties":{"latitude":-4.77177,"longitude":105.04619,"bright_ti4":307.64,"scan":0.54,"track":0.42,"acq_date":"2021-10-12","acq_time":1804,"satellite":"N","instrument":"VIIRS","confidence":"n","version":2,"bright_ti5":285.45,"frp":1.36,"daynight":"N","type":0},"geometry":{"type":"Point","coordinates":[105.04619,-4.77177]}},
{"type":"Feature","properties":{"latitude":-4.77566,"longitude":105.04555,"bright_ti4":304.13,"scan":0.54,"track":0.42,"acq_date":"2021-10-12","acq_time":1804,"satellite":"N","instrument":"VIIRS","confidence":"n","version":2,"bright_ti5":285.15,"frp":1.36,"daynight":"N","type":0},"geometry":{"type":"Point","coordinates":[105.04555,-4.77566]}},
{"type":"Feature","properties":{"latitude":-4.6105,"longitude":104.69638,"bright_ti4":330.12,"scan":0.48,"track":0.4,"acq_date":"2021-10-13","acq_time":643,"satellite":"N","instrument":"VIIRS","confidence":"n","version":2,"bright_ti5":295.18,"frp":4.06,"daynight":"D","type":0},"geometry":{"type":"Point","coordinates":[104.69638,-4.6105]}},
{"type":"Feature","properties":{"latitude":-4.68448,"longitude":104.53216,"bright_ti4":329.41,"scan":0.47,"track":0.47,"acq_date":"2021-10-15","acq_time":1848,"satellite":"N","instrument":"VIIRS","confidence":"n","version":2,"bright_ti5":288.67,"frp":3.56,"daynight":"N","type":2},"geometry":{"type":"Point","coordinates":[104.53216,-4.68448]}},
{"type":"Feature","properties":{"latitude":-4.61148,"longitude":104.90038,"bright_ti4":340.09,"scan":0.36,"track":0.57,"acq_date":"2021-10-21","acq_time":553,"satellite":"N","instrument":"VIIRS","confidence":"n","version":2,"bright_ti5":288.84,"frp":2.82,"daynight":"D","type":0},"geometry":{"type":"Point","coordinates":[104.90038,-4.61148]}},
{"type":"Feature","properties":{"latitude":-4.68233,"longitude":104.53306,"bright_ti4":301.26,"scan":0.48,"track":0.48,"acq_date":"2021-10-23","acq_time":1758,"satellite":"N","instrument":"VIIRS","confidence":"n","version":2,"bright_ti5":286.03,"frp":0.93,"daynight":"N","type":2},"geometry":{"type":"Point","coordinates":[104.53306,-4.68233]}},
{"type":"Feature","properties":{"latitude":-4.68549,"longitude":104.53442,"bright_ti4":304.73,"scan":0.48,"track":0.48,"acq_date":"2021-10-23","acq_time":1758,"satellite":"N","instrument":"VIIRS","confidence":"n","version":2,"bright_ti5":285.78,"frp":1.12,"daynight":"N","type":2},"geometry":{"type":"Point","coordinates":[104.53442,-4.68549]}},
{"type":"Feature","properties":{"latitude":-4.62174,"longitude":104.68927,"bright_ti4":330.67,"scan":0.41,"track":0.37,"acq_date":"2021-10-24","acq_time":637,"satellite":"N","instrument":"VIIRS","confidence":"n","version":2,"bright_ti5":296.31,"frp":1.98,"daynight":"D","type":0},"geometry":{"type":"Point","coordinates":[104.68927,-4.62174]}},
{"type":"Feature","properties":{"latitude":-4.67307,"longitude":104.91709,"bright_ti4":334.76,"scan":0.42,"track":0.38,"acq_date":"2021-10-24","acq_time":637,"satellite":"N","instrument":"VIIRS","confidence":"n","version":2,"bright_ti5":293.3,"frp":2.05,"daynight":"D","type":0},"geometry":{"type":"Point","coordinates":[104.91709,-4.67307]}},
{"type":"Feature","properties":{"latitude":-4.93645,"longitude":104.91081,"bright_ti4":334.32,"scan":0.42,"track":0.38,"acq_date":"2021-10-24","acq_time":637,"satellite":"N","instrument":"VIIRS","confidence":"n","version":2,"bright_ti5":291.2,"frp":3.04,"daynight":"D","type":0},"geometry":{"type":"Point","coordinates":[104.91081,-4.93645]}},
{"type":"Feature","properties":{"latitude":-4.66792,"longitude":104.87144,"bright_ti4":345.5,"scan":0.44,"track":0.38,"acq_date":"2021-10-25","acq_time":618,"satellite":"N","instrument":"VIIRS","confidence":"l","version":2,"bright_ti5":292.21,"frp":12.49,"daynight":"D","type":0},"geometry":{"type":"Point","coordinates":[104.87144,-4.66792]}},
{"type":"Feature","properties":{"latitude":-4.7427,"longitude":104.6368,"bright_ti4":343.4,"scan":0.45,"track":0.39,"acq_date":"2021-10-25","acq_time":618,"satellite":"N","instrument":"VIIRS","confidence":"n","version":2,"bright_ti5":294.15,"frp":5.56,"daynight":"D","type":0},"geometry":{"type":"Point","coordinates":[104.6368,-4.7427]}},
{"type":"Feature","properties":{"latitude":-4.68289,"longitude":104.53317,"bright_ti4":317.0,"scan":0.38,"track":0.36,"acq_date":"2021-10-27","acq_time":1824,"satellite":"N","instrument":"VIIRS","confidence":"n","version":2,"bright_ti5":286.99,"frp":1.42,"daynight":"N","type":2},"geometry":{"type":"Point","coordinates":[104.53317,-4.68289]}},
{"type":"Feature","properties":{"latitude":-4.60637,"longitude":104.54162,"bright_ti4":314.13,"scan":0.38,"track":0.36,"acq_date":"2021-10-27","acq_time":1824,"satellite":"N","instrument":"VIIRS","confidence":"n","version":2,"bright_ti5":285.76,"frp":1.1,"daynight":"N","type":0},"geometry":{"type":"Point","coordinates":[104.54162,-4.60637]}},
{"type":"Feature","properties":{"latitude":-4.68621,"longitude":104.53265,"bright_ti4":321.73,"scan":0.38,"track":0.36,"acq_date":"2021-10-27","acq_time":1824,"satellite":"N","instrument":"VIIRS","confidence":"n","version":2,"bright_ti5":286.36,"frp":2.03,"daynight":"N","type":2},"geometry":{"type":"Point","coordinates":[104.53265,-4.68621]}},
{"type":"Feature","properties":{"latitude":-4.64192,"longitude":104.83099,"bright_ti4":336.77,"scan":0.49,"track":0.4,"acq_date":"2021-10-29","acq_time":643,"satellite":"N","instrument":"VIIRS","confidence":"n","version":2,"bright_ti5":293.68,"frp":2.23,"daynight":"D","type":0},"geometry":{"type":"Point","coordinates":[104.83099,-4.64192]}},
{"type":"Feature","properties":{"latitude":-4.5679,"longitude":104.83398,"bright_ti4":341.5,"scan":0.49,"track":0.4,"acq_date":"2021-10-29","acq_time":643,"satellite":"N","instrument":"VIIRS","confidence":"n","version":2,"bright_ti5":294.63,"frp":3.9,"daynight":"D","type":0},"geometry":{"type":"Point","coordinates":[104.83398,-4.5679]}},
{"type":"Feature","properties":{"latitude":-4.65074,"longitude":104.5248,"bright_ti4":341.1,"scan":0.47,"track":0.4,"acq_date":"2021-10-29","acq_time":643,"satellite":"N","instrument":"VIIRS","confidence":"n","version":2,"bright_ti5":293.61,"frp":15.12,"daynight":"D","type":0},"geometry":{"type":"Point","coordinates":[104.5248,-4.65074]}},
{"type":"Feature","properties":{"latitude":-4.61558,"longitude":104.89633,"bright_ti4":336.21,"scan":0.5,"track":0.41,"acq_date":"2021-10-29","acq_time":643,"satellite":"N","instrument":"VIIRS","confidence":"n","version":2,"bright_ti5":295.5,"frp":3.8,"daynight":"D","type":0},"geometry":{"type":"Point","coordinates":[104.89633,-4.61558]}},
{"type":"Feature","properties":{"latitude":-4.64091,"longitude":104.83174,"bright_ti4":330.87,"scan":0.49,"track":0.4,"acq_date":"2021-10-29","acq_time":643,"satellite":"N","instrument":"VIIRS","confidence":"n","version":2,"bright_ti5":293.76,"frp":2.39,"daynight":"D","type":0},"geometry":{"type":"Point","coordinates":[104.83174,-4.64091]}},
{"type":"Feature","properties":{"latitude":-4.95863,"longitude":104.80553,"bright_ti4":338.38,"scan":0.39,"track":0.37,"acq_date":"2021-10-30","acq_time":624,"satellite":"N","instrument":"VIIRS","confidence":"n","version":2,"bright_ti5":296.19,"frp":4.97,"daynight":"D","type":0},"geometry":{"type":"Point","coordinates":[104.80553,-4.95863]}},
{"type":"Feature","properties":{"latitude":-4.546,"longitude":104.58385,"bright_ti4":331.74,"scan":0.46,"track":0.47,"acq_date":"2021-10-31","acq_time":606,"satellite":"N","instrument":"VIIRS","confidence":"n","version":2,"bright_ti5":290.66,"frp":4.41,"daynight":"D","type":0},"geometry":{"type":"Point","coordinates":[104.58385,-4.546]}},
{"type":"Feature","properties":{"latitude":-4.85596,"longitude":104.93726,"bright_ti4":302.86,"scan":0.57,"track":0.52,"acq_date":"2021-11-03","acq_time":1752,"satellite":"N","instrument":"VIIRS","confidence":"n","version":2,"bright_ti5":286.21,"frp":0.78,"daynight":"N","type":0},"geometry":{"type":"Point","coordinates":[104.93726,-4.85596]}},
{"type":"Feature","properties":{"latitude":-4.60609,"longitude":104.54452,"bright_ti4":307.61,"scan":0.38,"track":0.36,"acq_date":"2021-11-12","acq_time":1824,"satellite":"N","instrument":"VIIRS","confidence":"n","version":2,"bright_ti5":283.05,"frp":0.65,"daynight":"N","type":2},"geometry":{"type":"Point","coordinates":[104.54452,-4.60609]}},
{"type":"Feature","properties":{"latitude":-4.60595,"longitude":104.5414,"bright_ti4":307.74,"scan":0.4,"track":0.37,"acq_date":"2021-11-17","acq_time":1830,"satellite":"N","instrument":"VIIRS","confidence":"n","version":2,"bright_ti5":287.28,"frp":1.03,"daynight":"N","type":2},"geometry":{"type":"Point","coordinates":[104.5414,-4.60595]}},
{"type":"Feature","properties":{"latitude":-4.51057,"longitude":104.52673,"bright_ti4":330.06,"scan":0.41,"track":0.37,"acq_date":"2021-11-25","acq_time":637,"satellite":"N","instrument":"VIIRS","confidence":"n","version":2,"bright_ti5":294.31,"frp":2.34,"daynight":"D","type":0},"geometry":{"type":"Point","coordinates":[104.52673,-4.51057]}},
{"type":"Feature","properties":{"latitude":-4.84629,"longitude":104.99287,"bright_ti4":326.32,"scan":0.39,"track":0.36,"acq_date":"2021-12-06","acq_time":631,"satellite":"N","instrument":"VIIRS","confidence":"n","version":2,"bright_ti5":286.32,"frp":1.63,"daynight":"D","type":0},"geometry":{"type":"Point","coordinates":[104.99287,-4.84629]}},
{"type":"Feature","properties":{"latitude":-4.60569,"longitude":104.54449,"bright_ti4":297.35,"scan":0.38,"track":0.36,"acq_date":"2021-12-14","acq_time":1824,"satellite":"N","instrument":"VIIRS","confidence":"n","version":2,"bright_ti5":272.35,"frp":0.38,"daynight":"N","type":0},"geometry":{"type":"Point","coordinates":[104.54449,-4.60569]}},
{"type":"Feature","properties":{"latitude":-4.6755,"longitude":104.53651,"bright_ti4":299.75,"scan":0.38,"track":0.36,"acq_date":"2021-12-14","acq_time":1824,"satellite":"N","instrument":"VIIRS","confidence":"n","version":2,"bright_ti5":277.31,"frp":0.46,"daynight":"N","type":0},"geometry":{"type":"Point","coordinates":[104.53651,-4.6755]}},
{"type":"Feature","properties":{"latitude":-4.67882,"longitude":104.53598,"bright_ti4":297.84,"scan":0.38,"track":0.36,"acq_date":"2021-12-14","acq_time":1824,"satellite":"N","instrument":"VIIRS","confidence":"n","version":2,"bright_ti5":276.82,"frp":0.42,"daynight":"N","type":0},"geometry":{"type":"Point","coordinates":[104.53598,-4.67882]}},
{"type":"Feature","properties":{"latitude":-4.48134,"longitude":105.69434,"bright_ti4":356.41,"scan":0.6,"track":0.71,"acq_date":"2021-01-23","acq_time":713,"satellite":"N","instrument":"VIIRS","confidence":"l","version":2,"bright_ti5":283.3,"frp":20.08,"daynight":"D","type":0},"geometry":{"type":"Point","coordinates":[105.69434,-4.48134]}},
{"type":"Feature","properties":{"latitude":-4.95844,"longitude":105.70688,"bright_ti4":347.78,"scan":0.39,"track":0.36,"acq_date":"2021-02-05","acq_time":629,"satellite":"N","instrument":"VIIRS","confidence":"n","version":2,"bright_ti5":293.41,"frp":10.89,"daynight":"D","type":0},"geometry":{"type":"Point","coordinates":[105.70688,-4.95844]}},
{"type":"Feature","properties":{"latitude":-4.95898,"longitude":105.70332,"bright_ti4":335.71,"scan":0.39,"track":0.36,"acq_date":"2021-02-05","acq_time":629,"satellite":"N","instrument":"VIIRS","confidence":"n","version":2,"bright_ti5":292.96,"frp":3.39,"daynight":"D","type":0},"geometry":{"type":"Point","coordinates":[105.70332,-4.95898]}},
{"type":"Feature","properties":{"latitude":-4.93762,"longitude":105.68657,"bright_ti4":335.97,"scan":0.49,"track":0.4,"acq_date":"2021-02-06","acq_time":610,"satellite":"N","instrument":"VIIRS","confidence":"n","version":2,"bright_ti5":273.33,"frp":7.69,"daynight":"D","type":0},"geometry":{"type":"Point","coordinates":[105.68657,-4.93762]}},
{"type":"Feature","properties":{"latitude":-4.92834,"longitude":105.68574,"bright_ti4":295.07,"scan":0.35,"track":0.57,"acq_date":"2021-02-06","acq_time":1853,"satellite":"N","instrument":"VIIRS","confidence":"n","version":2,"bright_ti5":266.62,"frp":0.37,"daynight":"N","type":0},"geometry":{"type":"Point","coordinates":[105.68574,-4.92834]}},
{"type":"Feature","properties":{"latitude":-5.2223,"longitude":105.17496,"bright_ti4":310.01,"scan":0.39,"track":0.36,"acq_date":"2021-02-24","acq_time":1816,"satellite":"N","instrument":"VIIRS","confidence":"n","version":2,"bright_ti5":287.86,"frp":1.08,"daynight":"N","type":0},"geometry":{"type":"Point","coordinates":[105.17496,-5.2223]}},
{"type":"Feature","properties":{"latitude":-4.82664,"longitude":105.58068,"bright_ti4":332.7,"scan":0.41,"track":0.45,"acq_date":"2021-03-21","acq_time":604,"satellite":"N","instrument":"VIIRS","confidence":"n","version":2,"bright_ti5":293.43,"frp":2.69,"daynight":"D","type":0},"geometry":{"type":"Point","coordinates":[105.58068,-4.82664]}},
{"type":"Feature","properties":{"latitude":-4.82811,"longitude":105.5813,"bright_ti4":333.42,"scan":0.41,"track":0.45,"acq_date":"2021-03-21","acq_time":604,"satellite":"N","instrument":"VIIRS","confidence":"n","version":2,"bright_ti5":293.89,"frp":4.23,"daynight":"D","type":0},"geometry":{"type":"Point","coordinates":[105.5813,-4.82811]}},
{"type":"Feature","properties":{"latitude":-4.8737,"longitude":105.72312,"bright_ti4":325.23,"scan":0.43,"track":0.38,"acq_date":"2021-04-07","acq_time":1828,"satellite":"N","instrument":"VIIRS","confidence":"n","version":2,"bright_ti5":287.41,"frp":1.68,"daynight":"N","type":0},"geometry":{"type":"Point","coordinates":[105.72312,-4.8737]}},
{"type":"Feature","properties":{"latitude":-4.87722,"longitude":105.72259,"bright_ti4":316.46,"scan":0.43,"track":0.38,"acq_date":"2021-04-07","acq_time":1828,"satellite":"N","instrument":"VIIRS","confidence":"n","version":2,"bright_ti5":286.95,"frp":1.68,"daynight":"N","type":0},"geometry":{"type":"Point","coordinates":[105.72259,-4.87722]}},
{"type":"Feature","properties":{"latitude":-4.89171,"longitude":105.74166,"bright_ti4":333.94,"scan":0.46,"track":0.64,"acq_date":"2021-04-08","acq_time":706,"satellite":"N","instrument":"VIIRS","confidence":"n","version":2,"bright_ti5":289.5,"frp":5.69,"daynight":"D","type":0},"geometry":{"type":"Point","coordinates":[105.74166,-4.89171]}},
{"type":"Feature","properties":{"latitude":-4.49807,"longitude":105.55653,"bright_ti4":332.21,"scan":0.49,"track":0.41,"acq_date":"2021-04-11","acq_time":610,"satellite":"N","instrument":"VIIRS","confidence":"n","version":2,"bright_ti5":293.92,"frp":10.35,"daynight":"D","type":0},"geometry":{"type":"Point","coordinates":[105.55653,-4.49807]}},
{"type":"Feature","properties":{"latitude":-4.98089,"longitude":105.6406,"bright_ti4":354.32,"scan":0.33,"track":0.56,"acq_date":"2021-04-12","acq_time":551,"satellite":"N","instrument":"VIIRS","confidence":"n","version":2,"bright_ti5":292.51,"frp":4.2,"daynight":"D","type":0},"geometry":{"type":"Point","coordinates":[105.6406,-4.98089]}},
{"type":"Feature","properties":{"latitude":-4.98046,"longitude":105.64364,"bright_ti4":326.44,"scan":0.33,"track":0.56,"acq_date":"2021-04-12","acq_time":551,"satellite":"N","instrument":"VIIRS","confidence":"n","version":2,"bright_ti5":291.4,"frp":6.84,"daynight":"D","type":0},"geometry":{"type":"Point","coordinates":[105.64364,-4.98046]}},
{"type":"Feature","properties":{"latitude":-4.97574,"longitude":105.63987,"bright_ti4":326.3,"scan":0.33,"track":0.56,"acq_date":"2021-04-12","acq_time":551,"satellite":"N","instrument":"VIIRS","confidence":"n","version":2,"bright_ti5":292.16,"frp":4.2,"daynight":"D","type":0},"geometry":{"type":"Point","coordinates":[105.63987,-4.97574]}},
{"type":"Feature","properties":{"latitude":-5.22191,"longitude":105.17355,"bright_ti4":304.09,"scan":0.39,"track":0.37,"acq_date":"2021-04-13","acq_time":1816,"satellite":"N","instrument":"VIIRS","confidence":"n","version":2,"bright_ti5":288.71,"frp":0.38,"daynight":"N","type":0},"geometry":{"type":"Point","coordinates":[105.17355,-5.22191]}},
{"type":"Feature","properties":{"latitude":-5.22299,"longitude":105.17417,"bright_ti4":304.49,"scan":0.45,"track":0.47,"acq_date":"2021-04-14","acq_time":1757,"satellite":"N","instrument":"VIIRS","confidence":"n","version":2,"bright_ti5":289.24,"frp":0.37,"daynight":"N","type":0},"geometry":{"type":"Point","coordinates":[105.17417,-5.22299]}},
{"type":"Feature","properties":{"latitude":-4.62283,"longitude":105.52143,"bright_ti4":334.85,"scan":0.42,"track":0.38,"acq_date":"2021-04-16","acq_time":616,"satellite":"N","instrument":"VIIRS","confidence":"n","version":2,"bright_ti5":297.66,"frp":7.55,"daynight":"D","type":0},"geometry":{"type":"Point","coordinates":[105.52143,-4.62283]}},
{"type":"Feature","properties":{"latitude":-4.85431,"longitude":105.65627,"bright_ti4":338.74,"scan":0.42,"track":0.38,"acq_date":"2021-04-16","acq_time":616,"satellite":"N","instrument":"VIIRS","confidence":"n","version":2,"bright_ti5":295.59,"frp":2.27,"daynight":"D","type":0},"geometry":{"type":"Point","coordinates":[105.65627,-4.85431]}},
{"type":"Feature","properties":{"latitude":-4.85374,"longitude":105.66007,"bright_ti4":345.78,"scan":0.42,"track":0.38,"acq_date":"2021-04-16","acq_time":616,"satellite":"N","instrument":"VIIRS","confidence":"n","version":2,"bright_ti5":296.46,"frp":21.49,"daynight":"D","type":0},"geometry":{"type":"Point","coordinates":[105.66007,-4.85374]}},
{"type":"Feature","properties":{"latitude":-4.85318,"longitude":105.66386,"bright_ti4":332.52,"scan":0.42,"track":0.38,"acq_date":"2021-04-16","acq_time":616,"satellite":"N","instrument":"VIIRS","confidence":"n","version":2,"bright_ti5":297.54,"frp":21.49,"daynight":"D","type":0},"geometry":{"type":"Point","coordinates":[105.66386,-4.85318]}},
{"type":"Feature","properties":{"latitude":-4.85262,"longitude":105.66763,"bright_ti4":336.08,"scan":0.42,"track":0.38,"acq_date":"2021-04-16","acq_time":616,"satellite":"N","instrument":"VIIRS","confidence":"n","version":2,"bright_ti5":293.79,"frp":22.61,"daynight":"D","type":0},"geometry":{"type":"Point","coordinates":[105.66763,-4.85262]}},
{"type":"Feature","properties":{"latitude":-4.77015,"longitude":105.72682,"bright_ti4":309.47,"scan":0.39,"track":0.36,"acq_date":"2021-04-18","acq_time":1822,"satellite":"N","instrument":"VIIRS","confidence":"n","version":2,"bright_ti5":291.17,"frp":0.56,"daynight":"N","type":0},"geometry":{"type":"Point","coordinates":[105.72682,-4.77015]}},
{"type":"Feature","properties":{"latitude":-4.63048,"longitude":105.6656,"bright_ti4":338.17,"scan":0.41,"track":0.45,"acq_date":"2021-04-22","acq_time":603,"satellite":"N","instrument":"VIIRS","confidence":"n","version":2,"bright_ti5":296.37,"frp":5.19,"daynight":"D","type":0},"geometry":{"type":"Point","coordinates":[105.6656,-4.63048]}},
{"type":"Feature","properties":{"latitude":-5.261,"longitude":105.58718,"bright_ti4":337.03,"scan":0.44,"track":0.62,"acq_date":"2021-04-23","acq_time":544,"satellite":"N","instrument":"VIIRS","confidence":"n","version":2,"bright_ti5":294.12,"frp":3.76,"daynight":"D","type":0},"geometry":{"type":"Point","coordinates":[105.58718,-5.261]}},
{"type":"Feature","properties":{"latitude":-5.04652,"longitude":105.42709,"bright_ti4":333.92,"scan":0.39,"track":0.36,"acq_date":"2021-04-26","acq_time":628,"satellite":"N","instrument":"VIIRS","confidence":"n","version":2,"bright_ti5":297.47,"frp":3.69,"daynight":"D","type":0},"geometry":{"type":"Point","coordinates":[105.42709,-5.04652]}},
{"type":"Feature","properties":{"latitude":-5.22373,"longitude":105.17521,"bright_ti4":305.51,"scan":0.4,"track":0.37,"acq_date":"2021-04-29","acq_time":1815,"satellite":"N","instrument":"VIIRS","confidence":"n","version":2,"bright_ti5":287.81,"frp":1.28,"daynight":"N","type":0},"geometry":{"type":"Point","coordinates":[105.17521,-5.22373]}},
{"type":"Feature","properties":{"latitude":-4.85215,"longitude":105.72537,"bright_ti4":337.33,"scan":0.44,"track":0.38,"acq_date":"2021-05-01","acq_time":635,"satellite":"N","instrument":"VIIRS","confidence":"n","version":2,"bright_ti5":296.17,"frp":6.03,"daynight":"D","type":0},"geometry":{"type":"Point","coordinates":[105.72537,-4.85215]}},
{"type":"Feature","properties":{"latitude":-4.85277,"longitude":105.72141,"bright_ti4":340.71,"scan":0.44,"track":0.38,"acq_date":"2021-05-01","acq_time":635,"satellite":"N","instrument":"VIIRS","confidence":"n","version":2,"bright_ti5":297.9,"frp":6.92,"daynight":"D","type":0},"geometry":{"type":"Point","coordinates":[105.72141,-4.85277]}},
{"type":"Feature","properties":{"latitude":-4.76078,"longitude":105.71214,"bright_ti4":335.13,"scan":0.44,"track":0.38,"acq_date":"2021-05-01","acq_time":635,"satellite":"N","instrument":"VIIRS","confidence":"n","version":2,"bright_ti5":294.74,"frp":4.07,"daynight":"D","type":0},"geometry":{"type":"Point","coordinates":[105.71214,-4.76078]}},
{"type":"Feature","properties":{"latitude":-4.64774,"longitude":105.425,"bright_ti4":367.0,"scan":0.44,"track":0.62,"acq_date":"2021-05-09","acq_time":545,"satellite":"N","instrument":"VIIRS","confidence":"h","version":2,"bright_ti5":291.25,"frp":8.5,"daynight":"D","type":0},"geometry":{"type":"Point","coordinates":[105.425,-4.64774]}},
{"type":"Feature","properties":{"latitude":-4.64717,"longitude":105.42905,"bright_ti4":334.18,"scan":0.44,"track":0.62,"acq_date":"2021-05-09","acq_time":545,"satellite":"N","instrument":"VIIRS","confidence":"n","version":2,"bright_ti5":290.02,"frp":8.5,"daynight":"D","type":0},"geometry":{"type":"Point","coordinates":[105.42905,-4.64717]}},
{"type":"Feature","properties":{"latitude":-4.63802,"longitude":105.66724,"bright_ti4":327.79,"scan":0.46,"track":0.64,"acq_date":"2021-05-10","acq_time":706,"satellite":"N","instrument":"VIIRS","confidence":"n","version":2,"bright_ti5":289.85,"frp":2.41,"daynight":"D","type":0},"geometry":{"type":"Point","coordinates":[105.66724,-4.63802]}},
{"type":"Feature","properties":{"latitude":-5.15825,"longitude":104.96352,"bright_ti4":331.53,"scan":0.39,"track":0.44,"acq_date":"2021-05-11","acq_time":647,"satellite":"N","instrument":"VIIRS","confidence":"n","version":2,"bright_ti5":297.5,"frp":2.27,"daynight":"D","type":0},"geometry":{"type":"Point","coordinates":[104.96352,-5.15825]}},
{"type":"Feature","properties":{"latitude":-5.01498,"longitude":105.61587,"bright_ti4":333.56,"scan":0.43,"track":0.46,"acq_date":"2021-05-11","acq_time":647,"satellite":"N","instrument":"VIIRS","confidence":"n","version":2,"bright_ti5":297.59,"frp":3.99,"daynight":"D","type":0},"geometry":{"type":"Point","coordinates":[105.61587,-5.01498]}},
{"type":"Feature","properties":{"latitude":-4.76569,"longitude":105.25837,"bright_ti4":305.86,"scan":0.57,"track":0.52,"acq_date":"2021-05-11","acq_time":1750,"satellite":"N","instrument":"VIIRS","confidence":"n","version":2,"bright_ti5":289.85,"frp":0.92,"daynight":"N","type":0},"geometry":{"type":"Point","coordinates":[105.25837,-4.76569]}},
{"type":"Feature","properties":{"latitude":-4.48992,"longitude":105.88711,"bright_ti4":311.6,"scan":0.52,"track":0.5,"acq_date":"2021-05-11","acq_time":1750,"satellite":"N","instrument":"VIIRS","confidence":"n","version":2,"bright_ti5":285.97,"frp":3.59,"daynight":"N","type":0},"geometry":{"type":"Point","coordinates":[105.88711,-4.48992]}},
{"type":"Feature","properties":{"latitude":-4.87021,"longitude":105.69215,"bright_ti4":334.37,"scan":0.39,"track":0.36,"acq_date":"2021-05-12","acq_time":629,"satellite":"N","instrument":"VIIRS","confidence":"n","version":2,"bright_ti5":296.6,"frp":11.09,"daynight":"D","type":0},"geometry":{"type":"Point","coordinates":[105.69215,-4.87021]}},
{"type":"Feature","properties":{"latitude":-4.86967,"longitude":105.69568,"bright_ti4":367.0,"scan":0.39,"track":0.36,"acq_date":"2021-05-12","acq_time":629,"satellite":"N","instrument":"VIIRS","confidence":"h","version":2,"bright_ti5":299.37,"frp":11.09,"daynight":"D","type":0},"geometry":{"type":"Point","coordinates":[105.69568,-4.86967]}},
{"type":"Feature","properties":{"latitude":-4.86912,"longitude":105.69923,"bright_ti4":347.44,"scan":0.39,"track":0.36,"acq_date":"2021-05-12","acq_time":629,"satellite":"N","instrument":"VIIRS","confidence":"n","version":2,"bright_ti5":297.88,"frp":11.3,"daynight":"D","type":0},"geometry":{"type":"Point","coordinates":[105.69923,-4.86912]}},
{"type":"Feature","properties":{"latitude":-4.56502,"longitude":105.54322,"bright_ti4":345.19,"scan":0.39,"track":0.36,"acq_date":"2021-05-12","acq_time":629,"satellite":"N","instrument":"VIIRS","confidence":"n","version":2,"bright_ti5":294.42,"frp":6.78,"daynight":"D","type":0},"geometry":{"type":"Point","coordinates":[105.54322,-4.56502]}},
{"type":"Feature","properties":{"latitude":-4.8723,"longitude":105.65625,"bright_ti4":343.47,"scan":0.39,"track":0.36,"acq_date":"2021-05-12","acq_time":629,"satellite":"N","instrument":"VIIRS","confidence":"n","version":2,"bright_ti5":296.19,"frp":7.21,"daynight":"D","type":0},"geometry":{"type":"Point","coordinates":[105.65625,-4.8723]}},
{"type":"Feature","properties":{"latitude":-4.87674,"longitude":105.64969,"bright_ti4":339.15,"scan":0.39,"track":0.36,"acq_date":"2021-05-12","acq_time":629,"satellite":"N","instrument":"VIIRS","confidence":"n","version":2,"bright_ti5":294.82,"frp":7.28,"daynight":"D","type":0},"geometry":{"type":"Point","coordinates":[105.64969,-4.87674]}},
{"type":"Feature","properties":{"latitude":-4.8762,"longitude":105.65323,"bright_ti4":354.49,"scan":0.39,"track":0.36,"acq_date":"2021-05-12","acq_time":629,"satellite":"N","instrument":"VIIRS","confidence":"n","version":2,"bright_ti5":297.1,"frp":7.28,"daynight":"D","type":0},"geometry":{"type":"Point","coordinates":[105.65323,-4.8762]}},
{"type":"Feature","properties":{"latitude":-4.86998,"longitude":105.66283,"bright_ti4":317.8,"scan":0.73,"track":0.76,"acq_date":"2021-05-12","acq_time":1912,"satellite":"N","instrument":"VIIRS","confidence":"n","version":2,"bright_ti5":266.18,"frp":1.88,"daynight":"N","type":0},"geometry":{"type":"Point","coordinates":[105.66283,-4.86998]}},
{"type":"Feature","properties":{"latitude":-4.6806,"longitude":105.74162,"bright_ti4":330.76,"scan":0.36,"track":0.58,"acq_date":"2021-05-21","acq_time":700,"satellite":"N","instrument":"VIIRS","confidence":"n","version":2,"bright_ti5":290.7,"frp":2.15,"daynight":"D","type":0},"geometry":{"type":"Point","coordinates":[105.74162,-4.6806]}},
{"type":"Feature","properties":{"latitude":-4.75517,"longitude":105.2481,"bright_ti4":311.23,"scan":0.44,"track":0.39,"acq_date":"2021-05-26","acq_time":1809,"satellite":"N","instrument":"VIIRS","confidence":"n","version":2,"bright_ti5":290.5,"frp":1.14,"daynight":"N","type":0},"geometry":{"type":"Point","coordinates":[105.2481,-4.75517]}},
{"type":"Feature","properties":{"latitude":-4.75873,"longitude":105.24753,"bright_ti4":306.04,"scan":0.44,"track":0.39,"acq_date":"2021-05-26","acq_time":1809,"satellite":"N","instrument":"VIIRS","confidence":"n","version":2,"bright_ti5":290.73,"frp":0.85,"daynight":"N","type":0},"geometry":{"type":"Point","coordinates":[105.24753,-4.75873]}},
{"type":"Feature","properties":{"latitude":-4.67918,"longitude":105.42992,"bright_ti4":334.61,"scan":0.39,"track":0.36,"acq_date":"2021-05-28","acq_time":629,"satellite":"N","instrument":"VIIRS","confidence":"n","version":2,"bright_ti5":296.09,"frp":7.32,"daynight":"D","type":0},"geometry":{"type":"Point","coordinates":[105.42992,-4.67918]}},
{"type":"Feature","properties":{"latitude":-4.67972,"longitude":105.42641,"bright_ti4":344.8,"scan":0.39,"track":0.36,"acq_date":"2021-05-28","acq_time":629,"satellite":"N","instrument":"VIIRS","confidence":"n","version":2,"bright_ti5":299.13,"frp":21.85,"daynight":"D","type":0},"geometry":{"type":"Point","coordinates":[105.42641,-4.67972]}},
{"type":"Feature","properties":{"latitude":-4.66092,"longitude":105.45954,"bright_ti4":340.31,"scan":0.39,"track":0.36,"acq_date":"2021-05-28","acq_time":629,"satellite":"N","instrument":"VIIRS","confidence":"n","version":2,"bright_ti5":296.67,"frp":24.52,"daynight":"D","type":0},"geometry":{"type":"Point","coordinates":[105.45954,-4.66092]}},
{"type":"Feature","properties":{"latitude":-4.57538,"longitude":105.2664,"bright_ti4":334.8,"scan":0.39,"track":0.36,"acq_date":"2021-05-28","acq_time":629,"satellite":"N","instrument":"VIIRS","confidence":"n","version":2,"bright_ti5":296.13,"frp":5.21,"daynight":"D","type":0},"geometry":{"type":"Point","coordinates":[105.2664,-4.57538]}},
{"type":"Feature","properties":{"latitude":-4.65811,"longitude":105.45551,"bright_ti4":348.58,"scan":0.39,"track":0.36,"acq_date":"2021-05-28","acq_time":629,"satellite":"N","instrument":"VIIRS","confidence":"n","version":2,"bright_ti5":302.07,"frp":24.52,"daynight":"D","type":0},"geometry":{"type":"Point","coordinates":[105.45551,-4.65811]}},
{"type":"Feature","properties":{"latitude":-4.65865,"longitude":105.452,"bright_ti4":349.57,"scan":0.39,"track":0.36,"acq_date":"2021-05-28","acq_time":629,"satellite":"N","instrument":"VIIRS","confidence":"n","version":2,"bright_ti5":297.8,"frp":8.89,"daynight":"D","type":0},"geometry":{"type":"Point","coordinates":[105.452,-4.65865]}},
{"type":"Feature","properties":{"latitude":-4.54108,"longitude":105.71523,"bright_ti4":346.62,"scan":0.32,"track":0.55,"acq_date":"2021-05-30","acq_time":551,"satellite":"N","instrument":"VIIRS","confidence":"n","version":2,"bright_ti5":290.03,"frp":3.86,"daynight":"D","type":0},"geometry":{"type":"Point","coordinates":[105.71523,-4.54108]}},
{"type":"Feature","properties":{"latitude":-4.54066,"longitude":105.71817,"bright_ti4":330.6,"scan":0.32,"track":0.55,"acq_date":"2021-05-30","acq_time":551,"satellite":"N","instrument":"VIIRS","confidence":"n","version":2,"bright_ti5":289.38,"frp":3.86,"daynight":"D","type":0},"geometry":{"type":"Point","coordinates":[105.71817,-4.54066]}},
{"type":"Feature","properties":{"latitude":-4.95155,"longitude":105.73997,"bright_ti4":310.0,"scan":0.39,"track":0.36,"acq_date":"2021-05-31","acq_time":1816,"satellite":"N","instrument":"VIIRS","confidence":"n","version":2,"bright_ti5":289.53,"frp":1.8,"daynight":"N","type":0},"geometry":{"type":"Point","coordinates":[105.73997,-4.95155]}},
{"type":"Feature","properties":{"latitude":-4.9521,"longitude":105.74345,"bright_ti4":327.47,"scan":0.39,"track":0.36,"acq_date":"2021-05-31","acq_time":1816,"satellite":"N","instrument":"VIIRS","confidence":"n","version":2,"bright_ti5":289.18,"frp":1.61,"daynight":"N","type":0},"geometry":{"type":"Point","coordinates":[105.74345,-4.9521]}},
{"type":"Feature","properties":{"latitude":-5.09342,"longitude":105.1876,"bright_ti4":300.22,"scan":0.42,"track":0.61,"acq_date":"2021-06-03","acq_time":1900,"satellite":"N","instrument":"VIIRS","confidence":"n","version":2,"bright_ti5":287.63,"frp":1.7,"daynight":"N","type":0},"geometry":{"type":"Point","coordinates":[105.1876,-5.09342]}},
{"type":"Feature","properties":{"latitude":-4.53195,"longitude":105.61259,"bright_ti4":367.0,"scan":0.54,"track":0.68,"acq_date":"2021-06-05","acq_time":539,"satellite":"N","instrument":"VIIRS","confidence":"h","version":2,"bright_ti5":292.63,"frp":11.81,"daynight":"D","type":0},"geometry":{"type":"Point","coordinates":[105.61259,-4.53195]}},
{"type":"Feature","properties":{"latitude":-4.52936,"longitude":105.61026,"bright_ti4":330.04,"scan":0.54,"track":0.68,"acq_date":"2021-06-05","acq_time":539,"satellite":"N","instrument":"VIIRS","confidence":"n","version":2,"bright_ti5":293.03,"frp":5.27,"daynight":"D","type":0},"geometry":{"type":"Point","coordinates":[105.61026,-4.52936]}},
{"type":"Feature","properties":{"latitude":-4.53565,"longitude":105.61121,"bright_ti4":328.73,"scan":0.54,"track":0.68,"acq_date":"2021-06-05","acq_time":539,"satellite":"N","instrument":"VIIRS","confidence":"n","version":2,"bright_ti5":292.5,"frp":3.19,"daynight":"D","type":0},"geometry":{"type":"Point","coordinates":[105.61121,-4.53565]}},
{"type":"Feature","properties":{"latitude":-4.53496,"longitude":105.61622,"bright_ti4":328.05,"scan":0.54,"track":0.68,"acq_date":"2021-06-05","acq_time":539,"satellite":"N","instrument":"VIIRS","confidence":"n","version":2,"bright_ti5":291.6,"frp":3.19,"daynight":"D","type":0},"geometry":{"type":"Point","coordinates":[105.61622,-4.53496]}},
{"type":"Feature","properties":{"latitude":-4.57419,"longitude":105.65807,"bright_ti4":367.0,"scan":0.75,"track":0.77,"acq_date":"2021-06-05","acq_time":719,"satellite":"N","instrument":"VIIRS","confidence":"h","version":2,"bright_ti5":292.58,"frp":22.43,"daynight":"D","type":0},"geometry":{"type":"Point","coordinates":[105.65807,-4.57419]}},
{"type":"Feature","properties":{"latitude":-4.57632,"longitude":105.65799,"bright_ti4":343.56,"scan":0.75,"track":0.77,"acq_date":"2021-06-05","acq_time":719,"satellite":"N","instrument":"VIIRS","confidence":"n","version":2,"bright_ti5":292.43,"frp":8.15,"daynight":"D","type":0},"geometry":{"type":"Point","coordinates":[105.65799,-4.57632]}},
{"type":"Feature","properties":{"latitude":-4.49928,"longitude":105.43406,"bright_ti4":334.09,"scan":0.35,"track":0.57,"acq_date":"2021-06-06","acq_time":700,"satellite":"N","instrument":"VIIRS","confidence":"n","version":2,"bright_ti5":288.92,"frp":2.99,"daynight":"D","type":0},"geometry":{"type":"Point","coordinates":[105.43406,-4.49928]}},
{"type":"Feature","properties":{"latitude":-4.49508,"longitude":105.42673,"bright_ti4":347.55,"scan":0.35,"track":0.57,"acq_date":"2021-06-06","acq_time":700,"satellite":"N","instrument":"VIIRS","confidence":"n","version":2,"bright_ti5":289.85,"frp":3.76,"daynight":"D","type":0},"geometry":{"type":"Point","coordinates":[105.42673,-4.49508]}},
{"type":"Feature","properties":{"latitude":-4.49439,"longitude":105.42825,"bright_ti4":336.54,"scan":0.35,"track":0.57,"acq_date":"2021-06-06","acq_time":700,"satellite":"N","instrument":"VIIRS","confidence":"n","version":2,"bright_ti5":289.1,"frp":4.37,"daynight":"D","type":0},"geometry":{"type":"Point","coordinates":[105.42825,-4.49439]}},
{"type":"Feature","properties":{"latitude":-4.58031,"longitude":105.30141,"bright_ti4":337.04,"scan":0.51,"track":0.41,"acq_date":"2021-06-07","acq_time":642,"satellite":"N","instrument":"VIIRS","confidence":"n","version":2,"bright_ti5":293.25,"frp":5.39,"daynight":"D","type":0},"geometry":{"type":"Point","coordinates":[105.30141,-4.58031]}},
{"type":"Feature","properties":{"latitude":-4.57652,"longitude":105.3008,"bright_ti4":336.04,"scan":0.51,"track":0.41,"acq_date":"2021-06-07","acq_time":642,"satellite":"N","instrument":"VIIRS","confidence":"n","version":2,"bright_ti5":292.77,"frp":6.85,"daynight":"D","type":0},"geometry":{"type":"Point","coordinates":[105.3008,-4.57652]}},
{"type":"Feature","properties":{"latitude":-5.24152,"longitude":105.35648,"bright_ti4":337.4,"scan":0.43,"track":0.46,"acq_date":"2021-06-09","acq_time":604,"satellite":"N","instrument":"VIIRS","confidence":"n","version":2,"bright_ti5":296.28,"frp":1.33,"daynight":"D","type":0},"geometry":{"type":"Point","coordinates":[105.35648,-5.24152]}},
{"type":"Feature","properties":{"latitude":-4.85502,"longitude":105.17845,"bright_ti4":332.51,"scan":0.43,"track":0.62,"acq_date":"2021-06-11","acq_time":707,"satellite":"N","instrument":"VIIRS","confidence":"n","version":2,"bright_ti5":286.43,"frp":2.34,"daynight":"D","type":0},"geometry":{"type":"Point","coordinates":[105.17845,-4.85502]}},
{"type":"Feature","properties":{"latitude":-5.22218,"longitude":105.17484,"bright_ti4":302.75,"scan":0.44,"track":0.38,"acq_date":"2021-06-11","acq_time":1810,"satellite":"N","instrument":"VIIRS","confidence":"n","version":2,"bright_ti5":280.0,"frp":0.32,"daynight":"N","type":0},"geometry":{"type":"Point","coordinates":[105.17484,-5.22218]}},
{"type":"Feature","properties":{"latitude":-4.53388,"longitude":105.34279,"bright_ti4":340.73,"scan":0.43,"track":0.46,"acq_date":"2021-06-12","acq_time":648,"satellite":"N","instrument":"VIIRS","confidence":"n","version":2,"bright_ti5":294.0,"frp":7.24,"daynight":"D","type":0},"geometry":{"type":"Point","coordinates":[105.34279,-4.53388]}},
{"type":"Feature","properties":{"latitude":-4.53747,"longitude":105.34729,"bright_ti4":337.26,"scan":0.43,"track":0.46,"acq_date":"2021-06-12","acq_time":648,"satellite":"N","instrument":"VIIRS","confidence":"n","version":2,"bright_ti5":295.22,"frp":3.47,"daynight":"D","type":0},"geometry":{"type":"Point","coordinates":[105.34729,-4.53747]}},
{"type":"Feature","properties":{"latitude":-4.86651,"longitude":105.76697,"bright_ti4":302.95,"scan":0.52,"track":0.5,"acq_date":"2021-06-12","acq_time":1751,"satellite":"N","instrument":"VIIRS","confidence":"n","version":2,"bright_ti5":290.26,"frp":1.42,"daynight":"N","type":0},"geometry":{"type":"Point","coordinates":[105.76697,-4.86651]}},
{"type":"Feature","properties":{"latitude":-4.69119,"longitude":105.33101,"bright_ti4":334.92,"scan":0.51,"track":0.41,"acq_date":"2021-06-14","acq_time":610,"satellite":"N","instrument":"VIIRS","confidence":"n","version":2,"bright_ti5":284.54,"frp":4.5,"daynight":"D","type":0},"geometry":{"type":"Point","coordinates":[105.33101,-4.69119]}},
{"type":"Feature","properties":{"latitude":-4.68739,"longitude":105.33047,"bright_ti4":329.93,"scan":0.51,"track":0.41,"acq_date":"2021-06-14","acq_time":610,"satellite":"N","instrument":"VIIRS","confidence":"n","version":2,"bright_ti5":285.17,"frp":4.5,"daynight":"D","type":0},"geometry":{"type":"Point","coordinates":[105.33047,-4.68739]}},
{"type":"Feature","properties":{"latitude":-5.22285,"longitude":105.17509,"bright_ti4":305.45,"scan":0.49,"track":0.4,"acq_date":"2021-06-15","acq_time":1835,"satellite":"N","instrument":"VIIRS","confidence":"n","version":2,"bright_ti5":289.74,"frp":0.6,"daynight":"N","type":0},"geometry":{"type":"Point","coordinates":[105.17509,-5.22285]}},
{"type":"Feature","properties":{"latitude":-4.5876,"longitude":105.25072,"bright_ti4":342.48,"scan":0.44,"track":0.62,"acq_date":"2021-06-27","acq_time":707,"satellite":"N","instrument":"VIIRS","confidence":"n","version":2,"bright_ti5":284.41,"frp":7.09,"daynight":"D","type":0},"geometry":{"type":"Point","coordinates":[105.25072,-4.5876]}},
{"type":"Feature","properties":{"latitude":-4.59408,"longitude":105.24763,"bright_ti4":330.74,"scan":0.44,"track":0.62,"acq_date":"2021-06-27","acq_time":707,"satellite":"N","instrument":"VIIRS","confidence":"n","version":2,"bright_ti5":284.16,"frp":7.09,"daynight":"D","type":0},"geometry":{"type":"Point","coordinates":[105.24763,-4.59408]}},
{"type":"Feature","properties":{"latitude":-4.58829,"longitude":105.24673,"bright_ti4":356.78,"scan":0.44,"track":0.62,"acq_date":"2021-06-27","acq_time":707,"satellite":"N","instrument":"VIIRS","confidence":"l","version":2,"bright_ti5":284.37,"frp":7.09,"daynight":"D","type":0},"geometry":{"type":"Point","coordinates":[105.24673,-4.58829]}},
{"type":"Feature","properties":{"latitude":-4.8154,"longitude":105.21617,"bright_ti4":311.78,"scan":0.44,"track":0.38,"acq_date":"2021-06-27","acq_time":1810,"satellite":"N","instrument":"VIIRS","confidence":"n","version":2,"bright_ti5":290.16,"frp":1.36,"daynight":"N","type":0},"geometry":{"type":"Point","coordinates":[105.21617,-4.8154]}},
{"type":"Feature","properties":{"latitude":-4.85722,"longitude":105.16257,"bright_ti4":328.12,"scan":0.55,"track":0.68,"acq_date":"2021-07-02","acq_time":713,"satellite":"N","instrument":"VIIRS","confidence":"n","version":2,"bright_ti5":289.43,"frp":3.8,"daynight":"D","type":0},"geometry":{"type":"Point","coordinates":[105.16257,-4.85722]}},
{"type":"Feature","properties":{"latitude":-5.09198,"longitude":105.18591,"bright_ti4":308.01,"scan":0.39,"track":0.36,"acq_date":"2021-07-02","acq_time":1816,"satellite":"N","instrument":"VIIRS","confidence":"n","version":2,"bright_ti5":292.83,"frp":0.91,"daynight":"N","type":0},"geometry":{"type":"Point","coordinates":[105.18591,-5.09198]}},
{"type":"Feature","properties":{"latitude":-4.74945,"longitude":105.2363,"bright_ti4":305.36,"scan":0.39,"track":0.36,"acq_date":"2021-07-02","acq_time":1816,"satellite":"N","instrument":"VIIRS","confidence":"n","version":2,"bright_ti5":292.41,"frp":0.56,"daynight":"N","type":0},"geometry":{"type":"Point","coordinates":[105.2363,-4.74945]}},
{"type":"Feature","properties":{"latitude":-5.22248,"longitude":105.17278,"bright_ti4":308.29,"scan":0.39,"track":0.36,"acq_date":"2021-07-02","acq_time":1816,"satellite":"N","instrument":"VIIRS","confidence":"n","version":2,"bright_ti5":292.43,"frp":0.65,"daynight":"N","type":0},"geometry":{"type":"Point","coordinates":[105.17278,-5.22248]}},
{"type":"Feature","properties":{"latitude":-4.53112,"longitude":105.28133,"bright_ti4":329.27,"scan":0.54,"track":0.51,"acq_date":"2021-07-03","acq_time":654,"satellite":"N","instrument":"VIIRS","confidence":"n","version":2,"bright_ti5":293.18,"frp":7.74,"daynight":"D","type":0},"geometry":{"type":"Point","coordinates":[105.28133,-4.53112]}},
{"type":"Feature","properties":{"latitude":-4.53192,"longitude":105.27646,"bright_ti4":347.89,"scan":0.54,"track":0.51,"acq_date":"2021-07-03","acq_time":654,"satellite":"N","instrument":"VIIRS","confidence":"n","version":2,"bright_ti5":294.26,"frp":7.74,"daynight":"D","type":0},"geometry":{"type":"Point","coordinates":[105.27646,-4.53192]}},
{"type":"Feature","properties":{"latitude":-4.85838,"longitude":105.16872,"bright_ti4":333.92,"scan":0.42,"track":0.38,"acq_date":"2021-07-04","acq_time":636,"satellite":"N","instrument":"VIIRS","confidence":"n","version":2,"bright_ti5":298.93,"frp":5.53,"daynight":"D","type":0},"geometry":{"type":"Point","coordinates":[105.16872,-4.85838]}},
{"type":"Feature","properties":{"latitude":-4.85142,"longitude":105.16766,"bright_ti4":347.51,"scan":0.42,"track":0.38,"acq_date":"2021-07-04","acq_time":636,"satellite":"N","instrument":"VIIRS","confidence":"n","version":2,"bright_ti5":298.77,"frp":7.71,"daynight":"D","type":0},"geometry":{"type":"Point","coordinates":[105.16766,-4.85142]}},
{"type":"Feature","properties":{"latitude":-4.81059,"longitude":105.21564,"bright_ti4":304.9,"scan":0.46,"track":0.64,"acq_date":"2021-07-04","acq_time":1739,"satellite":"N","instrument":"VIIRS","confidence":"n","version":2,"bright_ti5":286.61,"frp":1.14,"daynight":"N","type":0},"geometry":{"type":"Point","coordinates":[105.21564,-4.81059]}},
{"type":"Feature","properties":{"latitude":-4.88548,"longitude":105.16664,"bright_ti4":302.4,"scan":0.42,"track":0.61,"acq_date":"2021-07-05","acq_time":1900,"satellite":"N","instrument":"VIIRS","confidence":"n","version":2,"bright_ti5":289.92,"frp":0.64,"daynight":"N","type":0},"geometry":{"type":"Point","coordinates":[105.16664,-4.88548]}},
{"type":"Feature","properties":{"latitude":-4.88321,"longitude":105.16556,"bright_ti4":302.19,"scan":0.42,"track":0.61,"acq_date":"2021-07-05","acq_time":1900,"satellite":"N","instrument":"VIIRS","confidence":"n","version":2,"bright_ti5":289.87,"frp":0.53,"daynight":"N","type":0},"geometry":{"type":"Point","coordinates":[105.16556,-4.88321]}},
{"type":"Feature","properties":{"latitude":-4.60768,"longitude":105.23779,"bright_ti4":302.52,"scan":0.4,"track":0.44,"acq_date":"2021-07-06","acq_time":1841,"satellite":"N","instrument":"VIIRS","confidence":"n","version":2,"bright_ti5":290.74,"frp":0.93,"daynight":"N","type":0},"geometry":{"type":"Point","coordinates":[105.23779,-4.60768]}},
{"type":"Feature","properties":{"latitude":-4.60358,"longitude":105.23841,"bright_ti4":313.91,"scan":0.4,"track":0.44,"acq_date":"2021-07-06","acq_time":1841,"satellite":"N","instrument":"VIIRS","confidence":"n","version":2,"bright_ti5":291.23,"frp":0.93,"daynight":"N","type":0},"geometry":{"type":"Point","coordinates":[105.23841,-4.60358]}},
{"type":"Feature","properties":{"latitude":-4.55585,"longitude":105.72769,"bright_ti4":327.96,"scan":0.52,"track":0.67,"acq_date":"2021-07-07","acq_time":539,"satellite":"N","instrument":"VIIRS","confidence":"n","version":2,"bright_ti5":288.04,"frp":2.6,"daynight":"D","type":0},"geometry":{"type":"Point","coordinates":[105.72769,-4.55585]}},
{"type":"Feature","properties":{"latitude":-4.56134,"longitude":105.2975,"bright_ti4":342.61,"scan":0.51,"track":0.41,"acq_date":"2021-07-09","acq_time":642,"satellite":"N","instrument":"VIIRS","confidence":"n","version":2,"bright_ti5":294.92,"frp":19.83,"daynight":"D","type":0},"geometry":{"type":"Point","coordinates":[105.2975,-4.56134]}},
{"type":"Feature","properties":{"latitude":-4.5267,"longitude":105.6426,"bright_ti4":338.9,"scan":0.54,"track":0.42,"acq_date":"2021-07-09","acq_time":642,"satellite":"N","instrument":"VIIRS","confidence":"n","version":2,"bright_ti5":295.17,"frp":15.15,"daynight":"D","type":0},"geometry":{"type":"Point","coordinates":[105.6426,-4.5267]}},
{"type":"Feature","properties":{"latitude":-4.52594,"longitude":105.64746,"bright_ti4":335.91,"scan":0.54,"track":0.42,"acq_date":"2021-07-09","acq_time":642,"satellite":"N","instrument":"VIIRS","confidence":"n","version":2,"bright_ti5":295.22,"frp":15.04,"daynight":"D","type":0},"geometry":{"type":"Point","coordinates":[105.64746,-4.52594]}},
{"type":"Feature","properties":{"latitude":-4.76459,"longitude":105.75917,"bright_ti4":330.83,"scan":0.54,"track":0.42,"acq_date":"2021-07-09","acq_time":642,"satellite":"N","instrument":"VIIRS","confidence":"n","version":2,"bright_ti5":293.53,"frp":5.64,"daynight":"D","type":0},"geometry":{"type":"Point","coordinates":[105.75917,-4.76459]}},
{"type":"Feature","properties":{"latitude":-4.76771,"longitude":105.76463,"bright_ti4":333.99,"scan":0.54,"track":0.42,"acq_date":"2021-07-09","acq_time":642,"satellite":"N","instrument":"VIIRS","confidence":"n","version":2,"bright_ti5":294.52,"frp":5.64,"daynight":"D","type":0},"geometry":{"type":"Point","coordinates":[105.76463,-4.76771]}},
{"type":"Feature","properties":{"latitude":-5.22804,"longitude":105.22913,"bright_ti4":336.33,"scan":0.5,"track":0.41,"acq_date":"2021-07-09","acq_time":642,"satellite":"N","instrument":"VIIRS","confidence":"n","version":2,"bright_ti5":295.61,"frp":4.35,"daynight":"D","type":0},"geometry":{"type":"Point","coordinates":[105.22913,-5.22804]}},
{"type":"Feature","properties":{"latitude":-4.86289,"longitude":105.2015,"bright_ti4":341.53,"scan":0.39,"track":0.36,"acq_date":"2021-07-10","acq_time":623,"satellite":"N","instrument":"VIIRS","confidence":"n","version":2,"bright_ti5":288.96,"frp":5.17,"daynight":"D","type":0},"geometry":{"type":"Point","coordinates":[105.2015,-4.86289]}},
{"type":"Feature","properties":{"latitude":-4.89791,"longitude":105.16846,"bright_ti4":332.14,"scan":0.39,"track":0.36,"acq_date":"2021-07-15","acq_time":629,"satellite":"N","instrument":"VIIRS","confidence":"n","version":2,"bright_ti5":294.22,"frp":3.42,"daynight":"D","type":0},"geometry":{"type":"Point","coordinates":[105.16846,-4.89791]}},
{"type":"Feature","properties":{"latitude":-4.73123,"longitude":105.32893,"bright_ti4":333.74,"scan":0.39,"track":0.36,"acq_date":"2021-07-15","acq_time":629,"satellite":"N","instrument":"VIIRS","confidence":"n","version":2,"bright_ti5":296.61,"frp":2.64,"daynight":"D","type":0},"geometry":{"type":"Point","coordinates":[105.32893,-4.73123]}},
{"type":"Feature","properties":{"latitude":-4.81014,"longitude":105.21611,"bright_ti4":307.12,"scan":0.33,"track":0.55,"acq_date":"2021-07-16","acq_time":1854,"satellite":"N","instrument":"VIIRS","confidence":"n","version":2,"bright_ti5":288.1,"frp":0.78,"daynight":"N","type":0},"geometry":{"type":"Point","coordinates":[105.21611,-4.81014]}},
{"type":"Feature","properties":{"latitude":-4.8129,"longitude":105.2168,"bright_ti4":317.17,"scan":0.33,"track":0.55,"acq_date":"2021-07-16","acq_time":1854,"satellite":"N","instrument":"VIIRS","confidence":"n","version":2,"bright_ti5":288.18,"frp":1.13,"daynight":"N","type":0},"geometry":{"type":"Point","coordinates":[105.2168,-4.8129]}},
{"type":"Feature","properties":{"latitude":-4.81059,"longitude":105.21911,"bright_ti4":303.07,"scan":0.33,"track":0.55,"acq_date":"2021-07-16","acq_time":1854,"satellite":"N","instrument":"VIIRS","confidence":"n","version":2,"bright_ti5":288.09,"frp":0.54,"daynight":"N","type":0},"geometry":{"type":"Point","coordinates":[105.21911,-4.81059]}},
{"type":"Feature","properties":{"latitude":-5.22355,"longitude":105.1747,"bright_ti4":309.27,"scan":0.39,"track":0.36,"acq_date":"2021-07-18","acq_time":1816,"satellite":"N","instrument":"VIIRS","confidence":"n","version":2,"bright_ti5":291.5,"frp":0.39,"daynight":"N","type":0},"geometry":{"type":"Point","coordinates":[105.1747,-5.22355]}},
{"type":"Feature","properties":{"latitude":-4.84638,"longitude":105.54752,"bright_ti4":315.78,"scan":0.39,"track":0.36,"acq_date":"2021-07-18","acq_time":1816,"satellite":"N","instrument":"VIIRS","confidence":"n","version":2,"bright_ti5":292.18,"frp":0.82,"daynight":"N","type":0},"geometry":{"type":"Point","coordinates":[105.54752,-4.84638]}},
{"type":"Feature","properties":{"latitude":-4.7424,"longitude":105.14146,"bright_ti4":306.15,"scan":0.39,"track":0.37,"acq_date":"2021-07-18","acq_time":1816,"satellite":"N","instrument":"VIIRS","confidence":"n","version":2,"bright_ti5":291.63,"frp":0.55,"daynight":"N","type":0},"geometry":{"type":"Point","coordinates":[105.14146,-4.7424]}},
{"type":"Feature","properties":{"latitude":-4.80488,"longitude":105.69851,"bright_ti4":316.72,"scan":0.41,"track":0.45,"acq_date":"2021-07-19","acq_time":1758,"satellite":"N","instrument":"VIIRS","confidence":"n","version":2,"bright_ti5":290.42,"frp":1.91,"daynight":"N","type":0},"geometry":{"type":"Point","coordinates":[105.69851,-4.80488]}},
{"type":"Feature","properties":{"latitude":-4.68532,"longitude":105.38578,"bright_ti4":331.19,"scan":0.52,"track":0.5,"acq_date":"2021-07-22","acq_time":558,"satellite":"N","instrument":"VIIRS","confidence":"n","version":2,"bright_ti5":289.82,"frp":2.83,"daynight":"D","type":0},"geometry":{"type":"Point","coordinates":[105.38578,-4.68532]}},
{"type":"Feature","properties":{"latitude":-4.68299,"longitude":105.38219,"bright_ti4":330.81,"scan":0.52,"track":0.5,"acq_date":"2021-07-22","acq_time":558,"satellite":"N","instrument":"VIIRS","confidence":"n","version":2,"bright_ti5":291.02,"frp":4.75,"daynight":"D","type":0},"geometry":{"type":"Point","coordinates":[105.38219,-4.68299]}},
{"type":"Feature","properties":{"latitude":-5.09405,"longitude":105.18497,"bright_ti4":304.61,"scan":0.41,"track":0.45,"acq_date":"2021-07-22","acq_time":1842,"satellite":"N","instrument":"VIIRS","confidence":"n","version":2,"bright_ti5":290.27,"frp":0.6,"daynight":"N","type":0},"geometry":{"type":"Point","coordinates":[105.18497,-5.09405]}},
{"type":"Feature","properties":{"latitude":-5.2218,"longitude":105.17484,"bright_ti4":305.46,"scan":0.39,"track":0.36,"acq_date":"2021-07-23","acq_time":1823,"satellite":"N","instrument":"VIIRS","confidence":"n","version":2,"bright_ti5":289.82,"frp":0.46,"daynight":"N","type":0},"geometry":{"type":"Point","coordinates":[105.17484,-5.2218]}},
{"type":"Feature","properties":{"latitude":-4.83941,"longitude":105.67187,"bright_ti4":308.58,"scan":0.39,"track":0.36,"acq_date":"2021-07-23","acq_time":1823,"satellite":"N","instrument":"VIIRS","confidence":"n","version":2,"bright_ti5":290.25,"frp":0.76,"daynight":"N","type":0},"geometry":{"type":"Point","coordinates":[105.67187,-4.83941]}},
{"type":"Feature","properties":{"latitude":-4.83606,"longitude":105.67239,"bright_ti4":303.15,"scan":0.39,"track":0.36,"acq_date":"2021-07-23","acq_time":1823,"satellite":"N","instrument":"VIIRS","confidence":"n","version":2,"bright_ti5":290.51,"frp":0.54,"daynight":"N","type":0},"geometry":{"type":"Point","coordinates":[105.67239,-4.83606]}},
{"type":"Feature","properties":{"latitude":-4.83216,"longitude":105.66938,"bright_ti4":306.7,"scan":0.39,"track":0.36,"acq_date":"2021-07-23","acq_time":1823,"satellite":"N","instrument":"VIIRS","confidence":"n","version":2,"bright_ti5":290.4,"frp":0.54,"daynight":"N","type":0},"geometry":{"type":"Point","coordinates":[105.66938,-4.83216]}},
{"type":"Feature","properties":{"latitude":-4.82881,"longitude":105.6699,"bright_ti4":331.27,"scan":0.39,"track":0.36,"acq_date":"2021-07-23","acq_time":1823,"satellite":"N","instrument":"VIIRS","confidence":"n","version":2,"bright_ti5":291.47,"frp":2.7,"daynight":"N","type":0},"geometry":{"type":"Point","coordinates":[105.6699,-4.82881]}},
{"type":"Feature","properties":{"latitude":-4.82546,"longitude":105.67043,"bright_ti4":303.9,"scan":0.39,"track":0.36,"acq_date":"2021-07-23","acq_time":1823,"satellite":"N","instrument":"VIIRS","confidence":"n","version":2,"bright_ti5":290.99,"frp":2.7,"daynight":"N","type":0},"geometry":{"type":"Point","coordinates":[105.67043,-4.82546]}},
{"type":"Feature","properties":{"latitude":-4.79396,"longitude":105.75492,"bright_ti4":323.8,"scan":0.39,"track":0.36,"acq_date":"2021-07-23","acq_time":1823,"satellite":"N","instrument":"VIIRS","confidence":"n","version":2,"bright_ti5":290.59,"frp":1.21,"daynight":"N","type":0},"geometry":{"type":"Point","coordinates":[105.75492,-4.79396]}},
{"type":"Feature","properties":{"latitude":-4.7014,"longitude":105.37103,"bright_ti4":303.28,"scan":0.52,"track":0.41,"acq_date":"2021-07-24","acq_time":1804,"satellite":"N","instrument":"VIIRS","confidence":"n","version":2,"bright_ti5":291.5,"frp":0.9,"daynight":"N","type":0},"geometry":{"type":"Point","coordinates":[105.37103,-4.7014]}},
{"type":"Feature","properties":{"latitude":-4.6671,"longitude":105.37028,"bright_ti4":347.77,"scan":0.52,"track":0.41,"acq_date":"2021-07-25","acq_time":642,"satellite":"N","instrument":"VIIRS","confidence":"n","version":2,"bright_ti5":301.51,"frp":8.82,"daynight":"D","type":0},"geometry":{"type":"Point","coordinates":[105.37028,-4.6671]}},
{"type":"Feature","properties":{"latitude":-4.66954,"longitude":105.36906,"bright_ti4":345.13,"scan":0.52,"track":0.41,"acq_date":"2021-07-25","acq_time":642,"satellite":"N","instrument":"VIIRS","confidence":"n","version":2,"bright_ti5":300.41,"frp":7.94,"daynight":"D","type":0},"geometry":{"type":"Point","coordinates":[105.36906,-4.66954]}},
{"type":"Feature","properties":{"latitude":-4.6611,"longitude":105.19684,"bright_ti4":303.48,"scan":0.36,"track":0.57,"acq_date":"2021-07-25","acq_time":1745,"satellite":"N","instrument":"VIIRS","confidence":"n","version":2,"bright_ti5":293.08,"frp":0.49,"daynight":"N","type":0},"geometry":{"type":"Point","coordinates":[105.19684,-4.6611]}},
{"type":"Feature","properties":{"latitude":-5.20952,"longitude":105.16982,"bright_ti4":307.47,"scan":0.35,"track":0.57,"acq_date":"2021-07-25","acq_time":1745,"satellite":"N","instrument":"VIIRS","confidence":"n","version":2,"bright_ti5":291.61,"frp":0.83,"daynight":"N","type":0},"geometry":{"type":"Point","coordinates":[105.16982,-5.20952]}},
{"type":"Feature","properties":{"latitude":-5.21006,"longitude":105.17307,"bright_ti4":311.37,"scan":0.35,"track":0.57,"acq_date":"2021-07-25","acq_time":1745,"satellite":"N","instrument":"VIIRS","confidence":"n","version":2,"bright_ti5":291.83,"frp":0.83,"daynight":"N","type":0},"geometry":{"type":"Point","coordinates":[105.17307,-5.21006]}},
{"type":"Feature","properties":{"latitude":-5.20876,"longitude":105.17187,"bright_ti4":325.52,"scan":0.35,"track":0.57,"acq_date":"2021-07-25","acq_time":1745,"satellite":"N","instrument":"VIIRS","confidence":"n","version":2,"bright_ti5":292.23,"frp":1.46,"daynight":"N","type":0},"geometry":{"type":"Point","coordinates":[105.17187,-5.20876]}},
{"type":"Feature","properties":{"latitude":-5.23513,"longitude":105.16744,"bright_ti4":306.32,"scan":0.35,"track":0.57,"acq_date":"2021-07-25","acq_time":1745,"satellite":"N","instrument":"VIIRS","confidence":"n","version":2,"bright_ti5":292.37,"frp":0.87,"daynight":"N","type":0},"geometry":{"type":"Point","coordinates":[105.16744,-5.23513]}},
{"type":"Feature","properties":{"latitude":-4.48475,"longitude":105.05234,"bright_ti4":341.73,"scan":0.39,"track":0.36,"acq_date":"2021-07-26","acq_time":623,"satellite":"N","instrument":"VIIRS","confidence":"n","version":2,"bright_ti5":303.17,"frp":3.81,"daynight":"D","type":0},"geometry":{"type":"Point","coordinates":[105.05234,-4.48475]}},
{"type":"Feature","properties":{"latitude":-4.53786,"longitude":105.35116,"bright_ti4":344.86,"scan":0.39,"track":0.36,"acq_date":"2021-07-26","acq_time":623,"satellite":"N","instrument":"VIIRS","confidence":"n","version":2,"bright_ti5":303.78,"frp":10.19,"daynight":"D","type":0},"geometry":{"type":"Point","coordinates":[105.35116,-4.53786]}},
{"type":"Feature","properties":{"latitude":-4.51767,"longitude":105.84543,"bright_ti4":333.3,"scan":0.38,"track":0.36,"acq_date":"2021-07-26","acq_time":623,"satellite":"N","instrument":"VIIRS","confidence":"n","version":2,"bright_ti5":303.01,"frp":2.44,"daynight":"D","type":0},"geometry":{"type":"Point","coordinates":[105.84543,-4.51767]}},
{"type":"Feature","properties":{"latitude":-4.69969,"longitude":105.19662,"bright_ti4":330.34,"scan":0.39,"track":0.36,"acq_date":"2021-07-26","acq_time":623,"satellite":"N","instrument":"VIIRS","confidence":"l","version":2,"bright_ti5":302.71,"frp":1.78,"daynight":"D","type":0},"geometry":{"type":"Point","coordinates":[105.19662,-4.69969]}},
{"type":"Feature","properties":{"latitude":-4.74111,"longitude":105.14896,"bright_ti4":336.14,"scan":0.39,"track":0.36,"acq_date":"2021-07-26","acq_time":623,"satellite":"N","instrument":"VIIRS","confidence":"n","version":2,"bright_ti5":305.96,"frp":2.91,"daynight":"D","type":0},"geometry":{"type":"Point","coordinates":[105.14896,-4.74111]}},
{"type":"Feature","properties":{"latitude":-5.10778,"longitude":105.42543,"bright_ti4":332.25,"scan":0.39,"track":0.36,"acq_date":"2021-07-26","acq_time":623,"satellite":"N","instrument":"VIIRS","confidence":"n","version":2,"bright_ti5":300.41,"frp":2.19,"daynight":"D","type":0},"geometry":{"type":"Point","coordinates":[105.42543,-5.10778]}},
{"type":"Feature","properties":{"latitude":-5.19995,"longitude":105.08668,"bright_ti4":337.24,"scan":0.39,"track":0.36,"acq_date":"2021-07-26","acq_time":623,"satellite":"N","instrument":"VIIRS","confidence":"n","version":2,"bright_ti5":300.16,"frp":2.99,"daynight":"D","type":0},"geometry":{"type":"Point","coordinates":[105.08668,-5.19995]}},
{"type":"Feature","properties":{"latitude":-4.80885,"longitude":105.21384,"bright_ti4":312.03,"scan":0.42,"track":0.38,"acq_date":"2021-07-28","acq_time":1829,"satellite":"N","instrument":"VIIRS","confidence":"n","version":2,"bright_ti5":276.78,"frp":1.43,"daynight":"N","type":0},"geometry":{"type":"Point","coordinates":[105.21384,-4.80885]}},
{"type":"Feature","properties":{"latitude":-4.71544,"longitude":105.19009,"bright_ti4":367.0,"scan":0.44,"track":0.62,"acq_date":"2021-07-29","acq_time":707,"satellite":"N","instrument":"VIIRS","confidence":"h","version":2,"bright_ti5":297.95,"frp":26.67,"daynight":"D","type":0},"geometry":{"type":"Point","coordinates":[105.19009,-4.71544]}},
{"type":"Feature","properties":{"latitude":-5.22228,"longitude":105.1735,"bright_ti4":305.39,"scan":0.44,"track":0.38,"acq_date":"2021-07-29","acq_time":1810,"satellite":"N","instrument":"VIIRS","confidence":"n","version":2,"bright_ti5":292.0,"frp":0.45,"daynight":"N","type":0},"geometry":{"type":"Point","coordinates":[105.1735,-5.22228]}},
{"type":"Feature","properties":{"latitude":-5.26587,"longitude":104.95325,"bright_ti4":332.5,"scan":0.4,"track":0.44,"acq_date":"2021-07-30","acq_time":648,"satellite":"N","instrument":"VIIRS","confidence":"n","version":2,"bright_ti5":297.83,"frp":3.28,"daynight":"D","type":0},"geometry":{"type":"Point","coordinates":[104.95325,-5.26587]}},
{"type":"Feature","properties":{"latitude":-4.78732,"longitude":105.7338,"bright_ti4":334.03,"scan":0.45,"track":0.47,"acq_date":"2021-07-30","acq_time":648,"satellite":"N","instrument":"VIIRS","confidence":"n","version":2,"bright_ti5":295.17,"frp":3.21,"daynight":"D","type":0},"geometry":{"type":"Point","coordinates":[105.7338,-4.78732]}},
{"type":"Feature","properties":{"latitude":-4.7862,"longitude":105.73384,"bright_ti4":352.94,"scan":0.45,"track":0.47,"acq_date":"2021-07-30","acq_time":648,"satellite":"N","instrument":"VIIRS","confidence":"n","version":2,"bright_ti5":297.76,"frp":12.23,"daynight":"D","type":0},"geometry":{"type":"Point","coordinates":[105.73384,-4.7862]}},
{"type":"Feature","properties":{"latitude":-4.78252,"longitude":105.72903,"bright_ti4":330.46,"scan":0.45,"track":0.47,"acq_date":"2021-07-30","acq_time":648,"satellite":"N","instrument":"VIIRS","confidence":"n","version":2,"bright_ti5":294.74,"frp":5.42,"daynight":"D","type":0},"geometry":{"type":"Point","coordinates":[105.72903,-4.78252]}},
{"type":"Feature","properties":{"latitude":-4.78685,"longitude":105.72971,"bright_ti4":340.39,"scan":0.45,"track":0.47,"acq_date":"2021-07-30","acq_time":648,"satellite":"N","instrument":"VIIRS","confidence":"n","version":2,"bright_ti5":296.63,"frp":12.23,"daynight":"D","type":0},"geometry":{"type":"Point","coordinates":[105.72971,-4.78685]}},
{"type":"Feature","properties":{"latitude":-4.49598,"longitude":105.75477,"bright_ti4":303.03,"scan":0.52,"track":0.5,"acq_date":"2021-07-30","acq_time":1751,"satellite":"N","instrument":"VIIRS","confidence":"n","version":2,"bright_ti5":291.32,"frp":0.57,"daynight":"N","type":0},"geometry":{"type":"Point","coordinates":[105.75477,-4.49598]}},
{"type":"Feature","properties":{"latitude":-4.77798,"longitude":105.28561,"bright_ti4":307.03,"scan":0.55,"track":0.51,"acq_date":"2021-07-30","acq_time":1751,"satellite":"N","instrument":"VIIRS","confidence":"n","version":2,"bright_ti5":291.13,"frp":1.17,"daynight":"N","type":0},"geometry":{"type":"Point","coordinates":[105.28561,-4.77798]}},
{"type":"Feature","properties":{"latitude":-4.54496,"longitude":105.285,"bright_ti4":344.37,"scan":0.39,"track":0.36,"acq_date":"2021-07-31","acq_time":630,"satellite":"N","instrument":"VIIRS","confidence":"n","version":2,"bright_ti5":301.96,"frp":18.74,"daynight":"D","type":0},"geometry":{"type":"Point","coordinates":[105.285,-4.54496]}},
{"type":"Feature","properties":{"latitude":-4.52367,"longitude":105.67012,"bright_ti4":335.29,"scan":0.4,"track":0.37,"acq_date":"2021-07-31","acq_time":630,"satellite":"N","instrument":"VIIRS","confidence":"n","version":2,"bright_ti5":299.07,"frp":9.53,"daynight":"D","type":0},"geometry":{"type":"Point","coordinates":[105.67012,-4.52367]}},
{"type":"Feature","properties":{"latitude":-4.54649,"longitude":105.61139,"bright_ti4":343.72,"scan":0.4,"track":0.37,"acq_date":"2021-07-31","acq_time":630,"satellite":"N","instrument":"VIIRS","confidence":"n","version":2,"bright_ti5":297.28,"frp":9.4,"daynight":"D","type":0},"geometry":{"type":"Point","coordinates":[105.61139,-4.54649]}},
{"type":"Feature","properties":{"latitude":-4.58664,"longitude":105.82747,"bright_ti4":338.42,"scan":0.4,"track":0.37,"acq_date":"2021-07-31","acq_time":630,"satellite":"N","instrument":"VIIRS","confidence":"n","version":2,"bright_ti5":299.89,"frp":4.07,"daynight":"D","type":0},"geometry":{"type":"Point","coordinates":[105.82747,-4.58664]}},
{"type":"Feature","properties":{"latitude":-4.63635,"longitude":105.68433,"bright_ti4":343.76,"scan":0.4,"track":0.37,"acq_date":"2021-07-31","acq_time":630,"satellite":"N","instrument":"VIIRS","confidence":"n","version":2,"bright_ti5":300.84,"frp":9.69,"daynight":"D","type":0},"geometry":{"type":"Point","coordinates":[105.68433,-4.63635]}},
{"type":"Feature","properties":{"latitude":-5.18854,"longitude":105.2534,"bright_ti4":336.69,"scan":0.39,"track":0.36,"acq_date":"2021-07-31","acq_time":630,"satellite":"N","instrument":"VIIRS","confidence":"n","version":2,"bright_ti5":296.02,"frp":3.07,"daynight":"D","type":0},"geometry":{"type":"Point","coordinates":[105.2534,-5.18854]}},
{"type":"Feature","properties":{"latitude":-4.78867,"longitude":105.76073,"bright_ti4":310.33,"scan":0.54,"track":0.68,"acq_date":"2021-07-31","acq_time":1733,"satellite":"N","instrument":"VIIRS","confidence":"n","version":2,"bright_ti5":285.95,"frp":2.51,"daynight":"N","type":0},"geometry":{"type":"Point","coordinates":[105.76073,-4.78867]}},
{"type":"Feature","properties":{"latitude":-4.79492,"longitude":105.75952,"bright_ti4":327.28,"scan":0.54,"track":0.68,"acq_date":"2021-07-31","acq_time":1733,"satellite":"N","instrument":"VIIRS","confidence":"n","version":2,"bright_ti5":285.48,"frp":2.51,"daynight":"N","type":0},"geometry":{"type":"Point","coordinates":[105.75952,-4.79492]}},
{"type":"Feature","properties":{"latitude":-4.74959,"longitude":105.24121,"bright_ti4":305.24,"scan":0.58,"track":0.7,"acq_date":"2021-07-31","acq_time":1733,"satellite":"N","instrument":"VIIRS","confidence":"n","version":2,"bright_ti5":283.15,"frp":1.06,"daynight":"N","type":0},"geometry":{"type":"Point","coordinates":[105.24121,-4.74959]}},
{"type":"Feature","properties":{"latitude":-4.74934,"longitude":105.23975,"bright_ti4":302.19,"scan":0.58,"track":0.7,"acq_date":"2021-07-31","acq_time":1733,"satellite":"N","instrument":"VIIRS","confidence":"n","version":2,"bright_ti5":283.22,"frp":0.76,"daynight":"N","type":0},"geometry":{"type":"Point","coordinates":[105.23975,-4.74934]}},
{"type":"Feature","properties":{"latitude":-4.78616,"longitude":105.76283,"bright_ti4":319.57,"scan":0.76,"track":0.77,"acq_date":"2021-07-31","acq_time":1913,"satellite":"N","instrument":"VIIRS","confidence":"n","version":2,"bright_ti5":280.89,"frp":3.18,"daynight":"N","type":0},"geometry":{"type":"Point","coordinates":[105.76283,-4.78616]}},
{"type":"Feature","properties":{"latitude":-4.79335,"longitude":105.76192,"bright_ti4":310.08,"scan":0.76,"track":0.77,"acq_date":"2021-07-31","acq_time":1913,"satellite":"N","instrument":"VIIRS","confidence":"n","version":2,"bright_ti5":281.54,"frp":3.18,"daynight":"N","type":0},"geometry":{"type":"Point","coordinates":[105.76192,-4.79335]}},
{"type":"Feature","properties":{"latitude":-4.78756,"longitude":105.76041,"bright_ti4":325.08,"scan":0.76,"track":0.77,"acq_date":"2021-07-31","acq_time":1913,"satellite":"N","instrument":"VIIRS","confidence":"n","version":2,"bright_ti5":281.1,"frp":3.17,"daynight":"N","type":0},"geometry":{"type":"Point","coordinates":[105.76041,-4.78756]}},
{"type":"Feature","properties":{"latitude":-4.78852,"longitude":105.76743,"bright_ti4":298.02,"scan":0.76,"track":0.77,"acq_date":"2021-07-31","acq_time":1913,"satellite":"N","instrument":"VIIRS","confidence":"n","version":2,"bright_ti5":281.48,"frp":3.17,"daynight":"N","type":0},"geometry":{"type":"Point","coordinates":[105.76743,-4.78852]}},
{"type":"Feature","properties":{"latitude":-4.79668,"longitude":105.77358,"bright_ti4":297.62,"scan":0.76,"track":0.77,"acq_date":"2021-07-31","acq_time":1913,"satellite":"N","instrument":"VIIRS","confidence":"n","version":2,"bright_ti5":281.16,"frp":0.73,"daynight":"N","type":0},"geometry":{"type":"Point","coordinates":[105.77358,-4.79668]}},
{"type":"Feature","properties":{"latitude":-4.79399,"longitude":105.76041,"bright_ti4":347.8,"scan":0.48,"track":0.4,"acq_date":"2021-08-01","acq_time":611,"satellite":"N","instrument":"VIIRS","confidence":"n","version":2,"bright_ti5":299.79,"frp":10.64,"daynight":"D","type":0},"geometry":{"type":"Point","coordinates":[105.76041,-4.79399]}},
{"type":"Feature","properties":{"latitude":-4.79463,"longitude":105.75608,"bright_ti4":337.27,"scan":0.48,"track":0.4,"acq_date":"2021-08-01","acq_time":611,"satellite":"N","instrument":"VIIRS","confidence":"n","version":2,"bright_ti5":297.71,"frp":5.55,"daynight":"D","type":0},"geometry":{"type":"Point","coordinates":[105.75608,-4.79463]}},
{"type":"Feature","properties":{"latitude":-4.54803,"longitude":105.56357,"bright_ti4":339.7,"scan":0.6,"track":0.7,"acq_date":"2021-08-03","acq_time":714,"satellite":"N","instrument":"VIIRS","confidence":"n","version":2,"bright_ti5":288.46,"frp":9.71,"daynight":"D","type":0},"geometry":{"type":"Point","coordinates":[105.56357,-4.54803]}},
{"type":"Feature","properties":{"latitude":-4.85126,"longitude":105.70734,"bright_ti4":320.87,"scan":0.41,"track":0.45,"acq_date":"2021-08-04","acq_time":1758,"satellite":"N","instrument":"VIIRS","confidence":"n","version":2,"bright_ti5":290.67,"frp":1.8,"daynight":"N","type":0},"geometry":{"type":"Point","coordinates":[105.70734,-4.85126]}},
{"type":"Feature","properties":{"latitude":-5.22109,"longitude":105.17339,"bright_ti4":303.63,"scan":0.43,"track":0.62,"acq_date":"2021-08-06","acq_time":1901,"satellite":"N","instrument":"VIIRS","confidence":"n","version":2,"bright_ti5":286.26,"frp":0.45,"daynight":"N","type":0},"geometry":{"type":"Point","coordinates":[105.17339,-5.22109]}},
{"type":"Feature","properties":{"latitude":-5.21919,"longitude":105.17213,"bright_ti4":300.45,"scan":0.43,"track":0.62,"acq_date":"2021-08-06","acq_time":1901,"satellite":"N","instrument":"VIIRS","confidence":"n","version":2,"bright_ti5":286.48,"frp":0.68,"daynight":"N","type":0},"geometry":{"type":"Point","coordinates":[105.17213,-5.21919]}},
{"type":"Feature","properties":{"latitude":-5.22087,"longitude":105.1721,"bright_ti4":306.12,"scan":0.41,"track":0.45,"acq_date":"2021-08-07","acq_time":1842,"satellite":"N","instrument":"VIIRS","confidence":"n","version":2,"bright_ti5":290.71,"frp":0.69,"daynight":"N","type":0},"geometry":{"type":"Point","coordinates":[105.1721,-5.22087]}},
{"type":"Feature","properties":{"latitude":-4.87211,"longitude":105.19664,"bright_ti4":304.61,"scan":0.41,"track":0.45,"acq_date":"2021-08-07","acq_time":1842,"satellite":"N","instrument":"VIIRS","confidence":"n","version":2,"bright_ti5":285.89,"frp":0.4,"daynight":"N","type":0},"geometry":{"type":"Point","coordinates":[105.19664,-4.87211]}},
{"type":"Feature","properties":{"latitude":-4.87408,"longitude":105.1954,"bright_ti4":302.93,"scan":0.41,"track":0.45,"acq_date":"2021-08-07","acq_time":1842,"satellite":"N","instrument":"VIIRS","confidence":"n","version":2,"bright_ti5":285.65,"frp":0.37,"daynight":"N","type":0},"geometry":{"type":"Point","coordinates":[105.1954,-4.87408]}},
{"type":"Feature","properties":{"latitude":-4.84381,"longitude":105.6577,"bright_ti4":336.0,"scan":0.53,"track":0.67,"acq_date":"2021-08-08","acq_time":539,"satellite":"N","instrument":"VIIRS","confidence":"n","version":2,"bright_ti5":289.73,"frp":5.41,"daynight":"D","type":0},"geometry":{"type":"Point","coordinates":[105.6577,-4.84381]}},
{"type":"Feature","properties":{"latitude":-4.84683,"longitude":105.65603,"bright_ti4":345.48,"scan":0.53,"track":0.67,"acq_date":"2021-08-08","acq_time":539,"satellite":"N","instrument":"VIIRS","confidence":"n","version":2,"bright_ti5":289.92,"frp":6.47,"daynight":"D","type":0},"geometry":{"type":"Point","coordinates":[105.65603,-4.84683]}},
{"type":"Feature","properties":{"latitude":-4.99399,"longitude":105.56499,"bright_ti4":327.99,"scan":0.54,"track":0.68,"acq_date":"2021-08-08","acq_time":539,"satellite":"N","instrument":"VIIRS","confidence":"n","version":2,"bright_ti5":289.0,"frp":4.54,"daynight":"D","type":0},"geometry":{"type":"Point","coordinates":[105.56499,-4.99399]}},
{"type":"Feature","properties":{"latitude":-4.48504,"longitude":105.3859,"bright_ti4":331.46,"scan":0.55,"track":0.68,"acq_date":"2021-08-08","acq_time":540,"satellite":"N","instrument":"VIIRS","confidence":"n","version":2,"bright_ti5":286.59,"frp":5.1,"daynight":"D","type":0},"geometry":{"type":"Point","coordinates":[105.3859,-4.48504]}},
{"type":"Feature","properties":{"latitude":-4.48431,"longitude":105.39093,"bright_ti4":330.05,"scan":0.55,"track":0.68,"acq_date":"2021-08-08","acq_time":540,"satellite":"N","instrument":"VIIRS","confidence":"n","version":2,"bright_ti5":286.06,"frp":7.54,"daynight":"D","type":0},"geometry":{"type":"Point","coordinates":[105.39093,-4.48431]}},
{"type":"Feature","properties":{"latitude":-5.23226,"longitude":105.16974,"bright_ti4":306.37,"scan":0.39,"track":0.36,"acq_date":"2021-08-08","acq_time":1823,"satellite":"N","instrument":"VIIRS","confidence":"n","version":2,"bright_ti5":291.82,"frp":0.81,"daynight":"N","type":0},"geometry":{"type":"Point","coordinates":[105.16974,-5.23226]}},
{"type":"Feature","properties":{"latitude":-4.7864,"longitude":105.74772,"bright_ti4":353.64,"scan":0.37,"track":0.58,"acq_date":"2021-08-09","acq_time":701,"satellite":"N","instrument":"VIIRS","confidence":"n","version":2,"bright_ti5":292.89,"frp":7.21,"daynight":"D","type":0},"geometry":{"type":"Point","coordinates":[105.74772,-4.7864]}},
{"type":"Feature","properties":{"latitude":-4.78581,"longitude":105.75109,"bright_ti4":349.86,"scan":0.37,"track":0.58,"acq_date":"2021-08-09","acq_time":701,"satellite":"N","instrument":"VIIRS","confidence":"n","version":2,"bright_ti5":293.54,"frp":11.54,"daynight":"D","type":0},"geometry":{"type":"Point","coordinates":[105.75109,-4.78581]}},
{"type":"Feature","properties":{"latitude":-4.78698,"longitude":105.74434,"bright_ti4":351.26,"scan":0.37,"track":0.58,"acq_date":"2021-08-09","acq_time":701,"satellite":"N","instrument":"VIIRS","confidence":"n","version":2,"bright_ti5":292.81,"frp":7.21,"daynight":"D","type":0},"geometry":{"type":"Point","coordinates":[105.74434,-4.78698]}},
{"type":"Feature","properties":{"latitude":-4.78159,"longitude":105.74346,"bright_ti4":356.08,"scan":0.37,"track":0.58,"acq_date":"2021-08-09","acq_time":701,"satellite":"N","instrument":"VIIRS","confidence":"n","version":2,"bright_ti5":290.36,"frp":7.21,"daynight":"D","type":0},"geometry":{"type":"Point","coordinates":[105.74346,-4.78159]}},
{"type":"Feature","properties":{"latitude":-4.7852,"longitude":105.74245,"bright_ti4":367.0,"scan":0.37,"track":0.58,"acq_date":"2021-08-09","acq_time":701,"satellite":"N","instrument":"VIIRS","confidence":"h","version":2,"bright_ti5":292.73,"frp":9.75,"daynight":"D","type":0},"geometry":{"type":"Point","coordinates":[105.74245,-4.7852]}},
{"type":"Feature","properties":{"latitude":-4.78408,"longitude":105.74921,"bright_ti4":357.32,"scan":0.37,"track":0.58,"acq_date":"2021-08-09","acq_time":701,"satellite":"N","instrument":"VIIRS","confidence":"n","version":2,"bright_ti5":293.27,"frp":12.39,"daynight":"D","type":0},"geometry":{"type":"Point","coordinates":[105.74921,-4.78408]}},
{"type":"Feature","properties":{"latitude":-4.78464,"longitude":105.74584,"bright_ti4":349.36,"scan":0.37,"track":0.58,"acq_date":"2021-08-09","acq_time":701,"satellite":"N","instrument":"VIIRS","confidence":"n","version":2,"bright_ti5":291.4,"frp":9.75,"daynight":"D","type":0},"geometry":{"type":"Point","coordinates":[105.74584,-4.78464]}},
{"type":"Feature","properties":{"latitude":-4.60623,"longitude":105.64521,"bright_ti4":340.0,"scan":0.37,"track":0.58,"acq_date":"2021-08-09","acq_time":701,"satellite":"N","instrument":"VIIRS","confidence":"n","version":2,"bright_ti5":293.28,"frp":4.47,"daynight":"D","type":0},"geometry":{"type":"Point","coordinates":[105.64521,-4.60623]}},
{"type":"Feature","properties":{"latitude":-4.60391,"longitude":105.64341,"bright_ti4":342.49,"scan":0.37,"track":0.58,"acq_date":"2021-08-09","acq_time":701,"satellite":"N","instrument":"VIIRS","confidence":"n","version":2,"bright_ti5":293.41,"frp":2.91,"daynight":"D","type":0},"geometry":{"type":"Point","coordinates":[105.64341,-4.60391]}},
{"type":"Feature","properties":{"latitude":-4.82555,"longitude":105.68742,"bright_ti4":335.35,"scan":0.38,"track":0.36,"acq_date":"2021-08-11","acq_time":623,"satellite":"N","instrument":"VIIRS","confidence":"n","version":2,"bright_ti5":300.08,"frp":5.21,"daynight":"D","type":0},"geometry":{"type":"Point","coordinates":[105.68742,-4.82555]}},
{"type":"Feature","properties":{"latitude":-4.82503,"longitude":105.6909,"bright_ti4":344.5,"scan":0.38,"track":0.36,"acq_date":"2021-08-11","acq_time":623,"satellite":"N","instrument":"VIIRS","confidence":"n","version":2,"bright_ti5":295.19,"frp":5.53,"daynight":"D","type":0},"geometry":{"type":"Point","coordinates":[105.6909,-4.82503]}},
{"type":"Feature","properties":{"latitude":-4.82836,"longitude":105.69139,"bright_ti4":344.9,"scan":0.38,"track":0.36,"acq_date":"2021-08-11","acq_time":623,"satellite":"N","instrument":"VIIRS","confidence":"n","version":2,"bright_ti5":300.11,"frp":5.53,"daynight":"D","type":0},"geometry":{"type":"Point","coordinates":[105.69139,-4.82836]}},
{"type":"Feature","properties":{"latitude":-4.83326,"longitude":105.68148,"bright_ti4":335.67,"scan":0.38,"track":0.36,"acq_date":"2021-08-11","acq_time":623,"satellite":"N","instrument":"VIIRS","confidence":"n","version":2,"bright_ti5":300.41,"frp":7.45,"daynight":"D","type":0},"geometry":{"type":"Point","coordinates":[105.68148,-4.83326]}},
{"type":"Feature","properties":{"latitude":-4.83379,"longitude":105.678,"bright_ti4":367.0,"scan":0.38,"track":0.36,"acq_date":"2021-08-11","acq_time":623,"satellite":"N","instrument":"VIIRS","confidence":"h","version":2,"bright_ti5":301.21,"frp":7.45,"daynight":"D","type":0},"geometry":{"type":"Point","coordinates":[105.678,-4.83379]}},
{"type":"Feature","properties":{"latitude":-4.83659,"longitude":105.68198,"bright_ti4":351.67,"scan":0.38,"track":0.36,"acq_date":"2021-08-11","acq_time":623,"satellite":"N","instrument":"VIIRS","confidence":"n","version":2,"bright_ti5":299.96,"frp":7.45,"daynight":"D","type":0},"geometry":{"type":"Point","coordinates":[105.68198,-4.83659]}},
{"type":"Feature","properties":{"latitude":-4.83607,"longitude":105.68545,"bright_ti4":355.11,"scan":0.38,"track":0.36,"acq_date":"2021-08-11","acq_time":623,"satellite":"N","instrument":"VIIRS","confidence":"n","version":2,"bright_ti5":303.27,"frp":17.67,"daynight":"D","type":0},"geometry":{"type":"Point","coordinates":[105.68545,-4.83607]}},
{"type":"Feature","properties":{"latitude":-4.83554,"longitude":105.68893,"bright_ti4":347.6,"scan":0.38,"track":0.36,"acq_date":"2021-08-11","acq_time":623,"satellite":"N","instrument":"VIIRS","confidence":"n","version":2,"bright_ti5":300.76,"frp":17.67,"daynight":"D","type":0},"geometry":{"type":"Point","coordinates":[105.68893,-4.83554]}},
{"type":"Feature","properties":{"latitude":-4.83502,"longitude":105.6924,"bright_ti4":346.5,"scan":0.38,"track":0.36,"acq_date":"2021-08-11","acq_time":623,"satellite":"N","instrument":"VIIRS","confidence":"n","version":2,"bright_ti5":300.31,"frp":9.51,"daynight":"D","type":0},"geometry":{"type":"Point","coordinates":[105.6924,-4.83502]}},
{"type":"Feature","properties":{"latitude":-4.83887,"longitude":105.68942,"bright_ti4":347.16,"scan":0.38,"track":0.36,"acq_date":"2021-08-11","acq_time":623,"satellite":"N","instrument":"VIIRS","confidence":"n","version":2,"bright_ti5":299.64,"frp":6.98,"daynight":"D","type":0},"geometry":{"type":"Point","coordinates":[105.68942,-4.83887]}},
{"type":"Feature","properties":{"latitude":-4.83834,"longitude":105.69289,"bright_ti4":346.92,"scan":0.38,"track":0.36,"acq_date":"2021-08-11","acq_time":623,"satellite":"N","instrument":"VIIRS","confidence":"n","version":2,"bright_ti5":300.04,"frp":9.29,"daynight":"D","type":0},"geometry":{"type":"Point","coordinates":[105.69289,-4.83834]}},
{"type":"Feature","properties":{"latitude":-4.85709,"longitude":105.68151,"bright_ti4":356.42,"scan":0.38,"track":0.36,"acq_date":"2021-08-11","acq_time":623,"satellite":"N","instrument":"VIIRS","confidence":"n","version":2,"bright_ti5":301.65,"frp":18.36,"daynight":"D","type":0},"geometry":{"type":"Point","coordinates":[105.68151,-4.85709]}},
{"type":"Feature","properties":{"latitude":-4.85657,"longitude":105.68498,"bright_ti4":348.12,"scan":0.38,"track":0.36,"acq_date":"2021-08-11","acq_time":623,"satellite":"N","instrument":"VIIRS","confidence":"n","version":2,"bright_ti5":299.34,"frp":18.36,"daynight":"D","type":0},"geometry":{"type":"Point","coordinates":[105.68498,-4.85657]}},
{"type":"Feature","properties":{"latitude":-4.57742,"longitude":105.24992,"bright_ti4":346.69,"scan":0.39,"track":0.36,"acq_date":"2021-08-11","acq_time":624,"satellite":"N","instrument":"VIIRS","confidence":"n","version":2,"bright_ti5":297.07,"frp":24.99,"daynight":"D","type":0},"geometry":{"type":"Point","coordinates":[105.24992,-4.57742]}},
{"type":"Feature","properties":{"latitude":-4.85843,"longitude":105.67213,"bright_ti4":314.48,"scan":0.69,"track":0.74,"acq_date":"2021-08-11","acq_time":1726,"satellite":"N","instrument":"VIIRS","confidence":"n","version":2,"bright_ti5":287.14,"frp":2.28,"daynight":"N","type":0},"geometry":{"type":"Point","coordinates":[105.67213,-4.85843]}},
{"type":"Feature","properties":{"latitude":-4.64857,"longitude":105.17849,"bright_ti4":301.02,"scan":0.75,"track":0.77,"acq_date":"2021-08-11","acq_time":1726,"satellite":"N","instrument":"VIIRS","confidence":"n","version":2,"bright_ti5":288.66,"frp":1.58,"daynight":"N","type":0},"geometry":{"type":"Point","coordinates":[105.17849,-4.64857]}},
{"type":"Feature","properties":{"latitude":-4.64446,"longitude":105.17521,"bright_ti4":302.12,"scan":0.75,"track":0.77,"acq_date":"2021-08-11","acq_time":1726,"satellite":"N","instrument":"VIIRS","confidence":"n","version":2,"bright_ti5":288.91,"frp":3.2,"daynight":"N","type":0},"geometry":{"type":"Point","coordinates":[105.17521,-4.64446]}},
{"type":"Feature","properties":{"latitude":-4.85748,"longitude":105.67828,"bright_ti4":307.48,"scan":0.59,"track":0.7,"acq_date":"2021-08-11","acq_time":1907,"satellite":"N","instrument":"VIIRS","confidence":"n","version":2,"bright_ti5":291.63,"frp":2.52,"daynight":"N","type":0},"geometry":{"type":"Point","coordinates":[105.67828,-4.85748]}},
{"type":"Feature","properties":{"latitude":-4.86475,"longitude":105.68272,"bright_ti4":308.06,"scan":0.59,"track":0.7,"acq_date":"2021-08-11","acq_time":1907,"satellite":"N","instrument":"VIIRS","confidence":"n","version":2,"bright_ti5":291.46,"frp":1.84,"daynight":"N","type":0},"geometry":{"type":"Point","coordinates":[105.68272,-4.86475]}},
{"type":"Feature","properties":{"latitude":-4.86552,"longitude":105.68814,"bright_ti4":309.33,"scan":0.59,"track":0.7,"acq_date":"2021-08-11","acq_time":1907,"satellite":"N","instrument":"VIIRS","confidence":"n","version":2,"bright_ti5":291.33,"frp":1.84,"daynight":"N","type":0},"geometry":{"type":"Point","coordinates":[105.68814,-4.86552]}},
{"type":"Feature","properties":{"latitude":-5.22118,"longitude":105.17205,"bright_ti4":300.05,"scan":0.52,"track":0.5,"acq_date":"2021-08-12","acq_time":1848,"satellite":"N","instrument":"VIIRS","confidence":"n","version":2,"bright_ti5":283.91,"frp":0.53,"daynight":"N","type":0},"geometry":{"type":"Point","coordinates":[105.17205,-5.22118]}},
{"type":"Feature","properties":{"latitude":-4.48677,"longitude":105.5773,"bright_ti4":335.84,"scan":0.4,"track":0.37,"acq_date":"2021-08-16","acq_time":630,"satellite":"N","instrument":"VIIRS","confidence":"n","version":2,"bright_ti5":292.2,"frp":1.2,"daynight":"D","type":0},"geometry":{"type":"Point","coordinates":[105.5773,-4.48677]}},
{"type":"Feature","properties":{"latitude":-5.22308,"longitude":105.17185,"bright_ti4":299.94,"scan":0.58,"track":0.69,"acq_date":"2021-08-16","acq_time":1733,"satellite":"N","instrument":"VIIRS","confidence":"n","version":2,"bright_ti5":286.57,"frp":0.65,"daynight":"N","type":0},"geometry":{"type":"Point","coordinates":[105.17185,-5.22308]}},
{"type":"Feature","properties":{"latitude":-5.22109,"longitude":105.17346,"bright_ti4":311.62,"scan":0.39,"track":0.36,"acq_date":"2021-08-19","acq_time":1817,"satellite":"N","instrument":"VIIRS","confidence":"n","version":2,"bright_ti5":288.32,"frp":1.04,"daynight":"N","type":0},"geometry":{"type":"Point","coordinates":[105.17346,-5.22109]}},
{"type":"Feature","properties":{"latitude":-4.48981,"longitude":104.90978,"bright_ti4":342.26,"scan":0.56,"track":0.51,"acq_date":"2021-08-23","acq_time":559,"satellite":"N","instrument":"VIIRS","confidence":"n","version":2,"bright_ti5":294.5,"frp":7.74,"daynight":"D","type":0},"geometry":{"type":"Point","coordinates":[104.90978,-4.48981]}},
{"type":"Feature","properties":{"latitude":-4.50637,"longitude":105.79173,"bright_ti4":336.07,"scan":0.49,"track":0.48,"acq_date":"2021-08-23","acq_time":559,"satellite":"N","instrument":"VIIRS","confidence":"n","version":2,"bright_ti5":293.94,"frp":7.36,"daynight":"D","type":0},"geometry":{"type":"Point","coordinates":[105.79173,-4.50637]}},
{"type":"Feature","properties":{"latitude":-4.88334,"longitude":105.16808,"bright_ti4":314.66,"scan":0.41,"track":0.45,"acq_date":"2021-08-23","acq_time":1842,"satellite":"N","instrument":"VIIRS","confidence":"n","version":2,"bright_ti5":290.47,"frp":0.62,"daynight":"N","type":0},"geometry":{"type":"Point","coordinates":[105.16808,-4.88334]}},
{"type":"Feature","properties":{"latitude":-4.49759,"longitude":104.63923,"bright_ti4":336.11,"scan":0.61,"track":0.71,"acq_date":"2021-08-24","acq_time":540,"satellite":"N","instrument":"VIIRS","confidence":"n","version":2,"bright_ti5":282.98,"frp":7.66,"daynight":"D","type":0},"geometry":{"type":"Point","coordinates":[104.63923,-4.49759]}},
{"type":"Feature","properties":{"latitude":-4.81849,"longitude":105.21095,"bright_ti4":298.25,"scan":0.39,"track":0.36,"acq_date":"2021-08-24","acq_time":1823,"satellite":"N","instrument":"VIIRS","confidence":"n","version":2,"bright_ti5":278.76,"frp":0.27,"daynight":"N","type":0},"geometry":{"type":"Point","coordinates":[105.21095,-4.81849]}},
{"type":"Feature","properties":{"latitude":-4.81516,"longitude":105.21146,"bright_ti4":304.73,"scan":0.39,"track":0.36,"acq_date":"2021-08-24","acq_time":1823,"satellite":"N","instrument":"VIIRS","confidence":"n","version":2,"bright_ti5":278.79,"frp":0.43,"daynight":"N","type":0},"geometry":{"type":"Point","coordinates":[105.21146,-4.81516]}},
{"type":"Feature","properties":{"latitude":-5.26551,"longitude":104.95013,"bright_ti4":331.51,"scan":0.32,"track":0.55,"acq_date":"2021-08-25","acq_time":701,"satellite":"N","instrument":"VIIRS","confidence":"n","version":2,"bright_ti5":294.04,"frp":4.22,"daynight":"D","type":0},"geometry":{"type":"Point","coordinates":[104.95013,-5.26551]}},
{"type":"Feature","properties":{"latitude":-4.53584,"longitude":105.64127,"bright_ti4":367.0,"scan":0.37,"track":0.58,"acq_date":"2021-08-25","acq_time":701,"satellite":"N","instrument":"VIIRS","confidence":"h","version":2,"bright_ti5":293.67,"frp":5.73,"daynight":"D","type":0},"geometry":{"type":"Point","coordinates":[105.64127,-4.53584]}},
{"type":"Feature","properties":{"latitude":-5.2211,"longitude":105.17408,"bright_ti4":302.31,"scan":0.52,"track":0.42,"acq_date":"2021-08-25","acq_time":1804,"satellite":"N","instrument":"VIIRS","confidence":"n","version":2,"bright_ti5":290.62,"frp":0.58,"daynight":"N","type":0},"geometry":{"type":"Point","coordinates":[105.17408,-5.2211]}},
{"type":"Feature","properties":{"latitude":-5.2271,"longitude":105.79819,"bright_ti4":330.45,"scan":0.54,"track":0.42,"acq_date":"2021-08-26","acq_time":642,"satellite":"N","instrument":"VIIRS","confidence":"n","version":2,"bright_ti5":298.38,"frp":4.52,"daynight":"D","type":0},"geometry":{"type":"Point","coordinates":[105.79819,-5.2271]}},
{"type":"Feature","properties":{"latitude":-5.17572,"longitude":105.67009,"bright_ti4":331.49,"scan":0.53,"track":0.42,"acq_date":"2021-08-26","acq_time":642,"satellite":"N","instrument":"VIIRS","confidence":"n","version":2,"bright_ti5":300.97,"frp":3.13,"daynight":"D","type":0},"geometry":{"type":"Point","coordinates":[105.67009,-5.17572]}},
{"type":"Feature","properties":{"latitude":-4.83422,"longitude":105.60758,"bright_ti4":334.31,"scan":0.54,"track":0.42,"acq_date":"2021-08-26","acq_time":642,"satellite":"N","instrument":"VIIRS","confidence":"n","version":2,"bright_ti5":300.61,"frp":6.65,"daynight":"D","type":0},"geometry":{"type":"Point","coordinates":[105.60758,-4.83422]}},
{"type":"Feature","properties":{"latitude":-4.83395,"longitude":105.60444,"bright_ti4":341.07,"scan":0.54,"track":0.42,"acq_date":"2021-08-26","acq_time":642,"satellite":"N","instrument":"VIIRS","confidence":"n","version":2,"bright_ti5":300.59,"frp":5.91,"daynight":"D","type":0},"geometry":{"type":"Point","coordinates":[105.60444,-4.83395]}},
{"type":"Feature","properties":{"latitude":-4.79731,"longitude":105.2403,"bright_ti4":340.45,"scan":0.51,"track":0.41,"acq_date":"2021-08-26","acq_time":642,"satellite":"N","instrument":"VIIRS","confidence":"n","version":2,"bright_ti5":305.3,"frp":9.8,"daynight":"D","type":0},"geometry":{"type":"Point","coordinates":[105.2403,-4.79731]}},
{"type":"Feature","properties":{"latitude":-4.51415,"longitude":105.75452,"bright_ti4":330.78,"scan":0.55,"track":0.43,"acq_date":"2021-08-26","acq_time":643,"satellite":"N","instrument":"VIIRS","confidence":"n","version":2,"bright_ti5":298.3,"frp":2.63,"daynight":"D","type":0},"geometry":{"type":"Point","coordinates":[105.75452,-4.51415]}},
{"type":"Feature","properties":{"latitude":-5.21942,"longitude":105.17333,"bright_ti4":307.25,"scan":0.35,"track":0.57,"acq_date":"2021-08-26","acq_time":1745,"satellite":"N","instrument":"VIIRS","confidence":"n","version":2,"bright_ti5":290.89,"frp":0.57,"daynight":"N","type":0},"geometry":{"type":"Point","coordinates":[105.17333,-5.21942]}},
{"type":"Feature","properties":{"latitude":-4.79899,"longitude":105.2374,"bright_ti4":303.64,"scan":0.35,"track":0.57,"acq_date":"2021-08-26","acq_time":1745,"satellite":"N","instrument":"VIIRS","confidence":"n","version":2,"bright_ti5":290.76,"frp":0.45,"daynight":"N","type":0},"geometry":{"type":"Point","coordinates":[105.2374,-4.79899]}},
{"type":"Feature","properties":{"latitude":-4.79519,"longitude":105.23946,"bright_ti4":306.34,"scan":0.35,"track":0.57,"acq_date":"2021-08-26","acq_time":1745,"satellite":"N","instrument":"VIIRS","confidence":"n","version":2,"bright_ti5":290.54,"frp":0.21,"daynight":"N","type":0},"geometry":{"type":"Point","coordinates":[105.23946,-4.79519]}},
{"type":"Feature","properties":{"latitude":-4.78539,"longitude":105.27773,"bright_ti4":303.97,"scan":0.35,"track":0.57,"acq_date":"2021-08-26","acq_time":1745,"satellite":"N","instrument":"VIIRS","confidence":"n","version":2,"bright_ti5":291.17,"frp":0.58,"daynight":"N","type":0},"geometry":{"type":"Point","coordinates":[105.27773,-4.78539]}},
{"type":"Feature","properties":{"latitude":-4.78485,"longitude":105.27453,"bright_ti4":306.51,"scan":0.35,"track":0.57,"acq_date":"2021-08-26","acq_time":1745,"satellite":"N","instrument":"VIIRS","confidence":"n","version":2,"bright_ti5":291.11,"frp":0.58,"daynight":"N","type":0},"geometry":{"type":"Point","coordinates":[105.27453,-4.78485]}},
{"type":"Feature","properties":{"latitude":-5.22468,"longitude":105.17241,"bright_ti4":303.04,"scan":0.35,"track":0.57,"acq_date":"2021-08-26","acq_time":1745,"satellite":"N","instrument":"VIIRS","confidence":"n","version":2,"bright_ti5":291.34,"frp":0.57,"daynight":"N","type":0},"geometry":{"type":"Point","coordinates":[105.17241,-5.22468]}},
{"type":"Feature","properties":{"latitude":-5.22356,"longitude":105.17293,"bright_ti4":311.76,"scan":0.35,"track":0.57,"acq_date":"2021-08-26","acq_time":1746,"satellite":"N","instrument":"VIIRS","confidence":"n","version":2,"bright_ti5":291.18,"frp":1.11,"daynight":"N","type":0},"geometry":{"type":"Point","coordinates":[105.17293,-5.22356]}},
{"type":"Feature","properties":{"latitude":-4.65654,"longitude":105.28882,"bright_ti4":330.48,"scan":0.39,"track":0.36,"acq_date":"2021-08-27","acq_time":624,"satellite":"N","instrument":"VIIRS","confidence":"n","version":2,"bright_ti5":298.09,"frp":3.55,"daynight":"D","type":0},"geometry":{"type":"Point","coordinates":[105.28882,-4.65654]}},
{"type":"Feature","properties":{"latitude":-4.51009,"longitude":105.40928,"bright_ti4":335.37,"scan":0.39,"track":0.36,"acq_date":"2021-08-27","acq_time":624,"satellite":"N","instrument":"VIIRS","confidence":"n","version":2,"bright_ti5":300.71,"frp":3.18,"daynight":"D","type":0},"geometry":{"type":"Point","coordinates":[105.40928,-4.51009]}},
{"type":"Feature","properties":{"latitude":-4.50623,"longitude":105.41225,"bright_ti4":349.15,"scan":0.39,"track":0.36,"acq_date":"2021-08-27","acq_time":624,"satellite":"N","instrument":"VIIRS","confidence":"n","version":2,"bright_ti5":302.41,"frp":8.36,"daynight":"D","type":0},"geometry":{"type":"Point","coordinates":[105.41225,-4.50623]}},
{"type":"Feature","properties":{"latitude":-4.5029,"longitude":105.41176,"bright_ti4":341.15,"scan":0.39,"track":0.36,"acq_date":"2021-08-27","acq_time":624,"satellite":"N","instrument":"VIIRS","confidence":"n","version":2,"bright_ti5":303.09,"frp":9.32,"daynight":"D","type":0},"geometry":{"type":"Point","coordinates":[105.41176,-4.5029]}},
{"type":"Feature","properties":{"latitude":-4.81353,"longitude":105.21277,"bright_ti4":302.61,"scan":0.55,"track":0.68,"acq_date":"2021-08-27","acq_time":1907,"satellite":"N","instrument":"VIIRS","confidence":"n","version":2,"bright_ti5":284.76,"frp":1.74,"daynight":"N","type":0},"geometry":{"type":"Point","coordinates":[105.21277,-4.81353]}},
{"type":"Feature","properties":{"latitude":-4.81018,"longitude":105.21233,"bright_ti4":317.05,"scan":0.55,"track":0.68,"acq_date":"2021-08-27","acq_time":1907,"satellite":"N","instrument":"VIIRS","confidence":"n","version":2,"bright_ti5":284.82,"frp":2.13,"daynight":"N","type":0},"geometry":{"type":"Point","coordinates":[105.21233,-4.81018]}},
{"type":"Feature","properties":{"latitude":-5.22135,"longitude":105.17549,"bright_ti4":302.18,"scan":0.5,"track":0.41,"acq_date":"2021-09-03","acq_time":1836,"satellite":"N","instrument":"VIIRS","confidence":"n","version":2,"bright_ti5":289.81,"frp":0.39,"daynight":"N","type":0},"geometry":{"type":"Point","coordinates":[105.17549,-5.22135]}},
{"type":"Feature","properties":{"latitude":-4.77504,"longitude":105.76531,"bright_ti4":332.88,"scan":0.66,"track":0.73,"acq_date":"2021-09-04","acq_time":533,"satellite":"N","instrument":"VIIRS","confidence":"n","version":2,"bright_ti5":283.48,"frp":8.43,"daynight":"D","type":0},"geometry":{"type":"Point","coordinates":[105.76531,-4.77504]}},
{"type":"Feature","properties":{"latitude":-4.77555,"longitude":105.7646,"bright_ti4":325.25,"scan":0.66,"track":0.73,"acq_date":"2021-09-04","acq_time":533,"satellite":"N","instrument":"VIIRS","confidence":"n","version":2,"bright_ti5":283.15,"frp":5.43,"daynight":"D","type":0},"geometry":{"type":"Point","coordinates":[105.7646,-4.77555]}},
{"type":"Feature","properties":{"latitude":-5.22242,"longitude":105.17199,"bright_ti4":304.33,"scan":0.39,"track":0.36,"acq_date":"2021-09-04","acq_time":1817,"satellite":"N","instrument":"VIIRS","confidence":"n","version":2,"bright_ti5":289.18,"frp":0.45,"daynight":"N","type":0},"geometry":{"type":"Point","coordinates":[105.17199,-5.22242]}},
{"type":"Feature","properties":{"latitude":-5.09062,"longitude":105.18514,"bright_ti4":307.78,"scan":0.41,"track":0.45,"acq_date":"2021-09-08","acq_time":1842,"satellite":"N","instrument":"VIIRS","confidence":"n","version":2,"bright_ti5":290.16,"frp":1.19,"daynight":"N","type":0},"geometry":{"type":"Point","coordinates":[105.18514,-5.09062]}},
{"type":"Feature","properties":{"latitude":-4.84565,"longitude":105.13573,"bright_ti4":342.1,"scan":0.42,"track":0.45,"acq_date":"2021-09-16","acq_time":649,"satellite":"N","instrument":"VIIRS","confidence":"n","version":2,"bright_ti5":295.08,"frp":7.23,"daynight":"D","type":0},"geometry":{"type":"Point","coordinates":[105.13573,-4.84565]}},
{"type":"Feature","properties":{"latitude":-4.84149,"longitude":105.13507,"bright_ti4":343.14,"scan":0.42,"track":0.45,"acq_date":"2021-09-16","acq_time":649,"satellite":"N","instrument":"VIIRS","confidence":"n","version":2,"bright_ti5":296.06,"frp":7.23,"daynight":"D","type":0},"geometry":{"type":"Point","coordinates":[105.13507,-4.84149]}},
{"type":"Feature","properties":{"latitude":-4.71827,"longitude":105.63131,"bright_ti4":332.45,"scan":0.45,"track":0.47,"acq_date":"2021-09-16","acq_time":649,"satellite":"N","instrument":"VIIRS","confidence":"n","version":2,"bright_ti5":296.07,"frp":2.76,"daynight":"D","type":0},"geometry":{"type":"Point","coordinates":[105.63131,-4.71827]}},
{"type":"Feature","properties":{"latitude":-4.53709,"longitude":105.75551,"bright_ti4":342.87,"scan":0.46,"track":0.47,"acq_date":"2021-09-16","acq_time":649,"satellite":"N","instrument":"VIIRS","confidence":"n","version":2,"bright_ti5":293.79,"frp":7.46,"daynight":"D","type":0},"geometry":{"type":"Point","coordinates":[105.75551,-4.53709]}},
{"type":"Feature","properties":{"latitude":-5.22001,"longitude":105.17327,"bright_ti4":300.48,"scan":0.55,"track":0.51,"acq_date":"2021-09-16","acq_time":1752,"satellite":"N","instrument":"VIIRS","confidence":"n","version":2,"bright_ti5":284.86,"frp":0.53,"daynight":"N","type":0},"geometry":{"type":"Point","coordinates":[105.17327,-5.22001]}},
{"type":"Feature","properties":{"latitude":-5.22408,"longitude":105.17443,"bright_ti4":305.75,"scan":0.55,"track":0.51,"acq_date":"2021-09-16","acq_time":1752,"satellite":"N","instrument":"VIIRS","confidence":"n","version":2,"bright_ti5":284.96,"frp":0.39,"daynight":"N","type":0},"geometry":{"type":"Point","coordinates":[105.17443,-5.22408]}},
{"type":"Feature","properties":{"latitude":-4.5315,"longitude":105.30875,"bright_ti4":344.62,"scan":0.39,"track":0.36,"acq_date":"2021-09-17","acq_time":630,"satellite":"N","instrument":"VIIRS","confidence":"n","version":2,"bright_ti5":301.08,"frp":13.76,"daynight":"D","type":0},"geometry":{"type":"Point","coordinates":[105.30875,-4.5315]}},
{"type":"Feature","properties":{"latitude":-4.50666,"longitude":105.54441,"bright_ti4":341.36,"scan":0.48,"track":0.4,"acq_date":"2021-09-18","acq_time":611,"satellite":"N","instrument":"VIIRS","confidence":"n","version":2,"bright_ti5":295.81,"frp":6.69,"daynight":"D","type":0},"geometry":{"type":"Point","coordinates":[105.54441,-4.50666]}},
{"type":"Feature","properties":{"latitude":-4.4858,"longitude":105.70937,"bright_ti4":335.7,"scan":0.47,"track":0.4,"acq_date":"2021-09-18","acq_time":611,"satellite":"N","instrument":"VIIRS","confidence":"l","version":2,"bright_ti5":296.3,"frp":7.92,"daynight":"D","type":0},"geometry":{"type":"Point","coordinates":[105.70937,-4.4858]}},
{"type":"Feature","properties":{"latitude":-4.48947,"longitude":105.70989,"bright_ti4":331.53,"scan":0.47,"track":0.4,"acq_date":"2021-09-18","acq_time":611,"satellite":"N","instrument":"VIIRS","confidence":"l","version":2,"bright_ti5":296.68,"frp":3.72,"daynight":"D","type":0},"geometry":{"type":"Point","coordinates":[105.70989,-4.48947]}},
{"type":"Feature","properties":{"latitude":-4.83462,"longitude":105.19811,"bright_ti4":337.47,"scan":0.51,"track":0.41,"acq_date":"2021-09-18","acq_time":611,"satellite":"N","instrument":"VIIRS","confidence":"n","version":2,"bright_ti5":300.69,"frp":6.07,"daynight":"D","type":0},"geometry":{"type":"Point","coordinates":[105.19811,-4.83462]}},
{"type":"Feature","properties":{"latitude":-4.83395,"longitude":105.20274,"bright_ti4":330.34,"scan":0.51,"track":0.41,"acq_date":"2021-09-18","acq_time":611,"satellite":"N","instrument":"VIIRS","confidence":"n","version":2,"bright_ti5":299.93,"frp":5.87,"daynight":"D","type":0},"geometry":{"type":"Point","coordinates":[105.20274,-4.83395]}},
{"type":"Feature","properties":{"latitude":-5.19841,"longitude":105.24037,"bright_ti4":334.17,"scan":0.51,"track":0.41,"acq_date":"2021-09-18","acq_time":611,"satellite":"N","instrument":"VIIRS","confidence":"n","version":2,"bright_ti5":299.51,"frp":3.19,"daynight":"D","type":0},"geometry":{"type":"Point","coordinates":[105.24037,-5.19841]}},
{"type":"Feature","properties":{"latitude":-4.69887,"longitude":105.36932,"bright_ti4":302.12,"scan":0.34,"track":0.56,"acq_date":"2021-09-18","acq_time":1855,"satellite":"N","instrument":"VIIRS","confidence":"n","version":2,"bright_ti5":290.01,"frp":0.28,"daynight":"N","type":0},"geometry":{"type":"Point","coordinates":[105.36932,-4.69887]}},
{"type":"Feature","properties":{"latitude":-5.22098,"longitude":105.17307,"bright_ti4":304.74,"scan":0.34,"track":0.56,"acq_date":"2021-09-18","acq_time":1855,"satellite":"N","instrument":"VIIRS","confidence":"n","version":2,"bright_ti5":290.06,"frp":0.4,"daynight":"N","type":0},"geometry":{"type":"Point","coordinates":[105.17307,-5.22098]}},
{"type":"Feature","properties":{"latitude":-5.22014,"longitude":105.17327,"bright_ti4":303.93,"scan":0.34,"track":0.56,"acq_date":"2021-09-18","acq_time":1855,"satellite":"N","instrument":"VIIRS","confidence":"n","version":2,"bright_ti5":290.02,"frp":0.28,"daynight":"N","type":0},"geometry":{"type":"Point","coordinates":[105.17327,-5.22014]}},
{"type":"Feature","properties":{"latitude":-4.48503,"longitude":105.7132,"bright_ti4":305.87,"scan":0.39,"track":0.36,"acq_date":"2021-09-20","acq_time":1817,"satellite":"N","instrument":"VIIRS","confidence":"n","version":2,"bright_ti5":293.44,"frp":0.55,"daynight":"N","type":0},"geometry":{"type":"Point","coordinates":[105.7132,-4.48503]}},
{"type":"Feature","properties":{"latitude":-5.22227,"longitude":105.17397,"bright_ti4":313.9,"scan":0.39,"track":0.36,"acq_date":"2021-09-20","acq_time":1817,"satellite":"N","instrument":"VIIRS","confidence":"n","version":2,"bright_ti5":289.82,"frp":1.23,"daynight":"N","type":0},"geometry":{"type":"Point","coordinates":[105.17397,-5.22227]}},
{"type":"Feature","properties":{"latitude":-5.24704,"longitude":105.19386,"bright_ti4":331.63,"scan":0.53,"track":0.5,"acq_date":"2021-09-21","acq_time":655,"satellite":"N","instrument":"VIIRS","confidence":"n","version":2,"bright_ti5":295.71,"frp":3.86,"daynight":"D","type":0},"geometry":{"type":"Point","coordinates":[105.19386,-5.24704]}},
{"type":"Feature","properties":{"latitude":-5.09583,"longitude":105.17865,"bright_ti4":339.43,"scan":0.53,"track":0.5,"acq_date":"2021-09-21","acq_time":655,"satellite":"N","instrument":"VIIRS","confidence":"n","version":2,"bright_ti5":293.76,"frp":6.16,"daynight":"D","type":0},"geometry":{"type":"Point","coordinates":[105.17865,-5.09583]}},
{"type":"Feature","properties":{"latitude":-4.85036,"longitude":105.18689,"bright_ti4":340.85,"scan":0.53,"track":0.5,"acq_date":"2021-09-21","acq_time":655,"satellite":"N","instrument":"VIIRS","confidence":"n","version":2,"bright_ti5":294.79,"frp":12.81,"daynight":"D","type":0},"geometry":{"type":"Point","coordinates":[105.18689,-4.85036]}},
{"type":"Feature","properties":{"latitude":-4.68284,"longitude":105.20158,"bright_ti4":347.36,"scan":0.54,"track":0.51,"acq_date":"2021-09-21","acq_time":655,"satellite":"N","instrument":"VIIRS","confidence":"n","version":2,"bright_ti5":296.98,"frp":8.64,"daynight":"D","type":0},"geometry":{"type":"Point","coordinates":[105.20158,-4.68284]}},
{"type":"Feature","properties":{"latitude":-4.68034,"longitude":105.20307,"bright_ti4":336.42,"scan":0.54,"track":0.51,"acq_date":"2021-09-21","acq_time":655,"satellite":"N","instrument":"VIIRS","confidence":"n","version":2,"bright_ti5":295.24,"frp":7.9,"daynight":"D","type":0},"geometry":{"type":"Point","coordinates":[105.20307,-4.68034]}},
{"type":"Feature","properties":{"latitude":-4.68112,"longitude":105.19817,"bright_ti4":342.52,"scan":0.54,"track":0.51,"acq_date":"2021-09-21","acq_time":655,"satellite":"N","instrument":"VIIRS","confidence":"n","version":2,"bright_ti5":296.36,"frp":7.9,"daynight":"D","type":0},"geometry":{"type":"Point","coordinates":[105.19817,-4.68112]}},
{"type":"Feature","properties":{"latitude":-4.49217,"longitude":105.34365,"bright_ti4":347.64,"scan":0.55,"track":0.51,"acq_date":"2021-09-21","acq_time":655,"satellite":"N","instrument":"VIIRS","confidence":"n","version":2,"bright_ti5":296.9,"frp":13.61,"daynight":"D","type":0},"geometry":{"type":"Point","coordinates":[105.34365,-4.49217]}},
{"type":"Feature","properties":{"latitude":-4.62424,"longitude":105.20554,"bright_ti4":312.99,"scan":0.44,"track":0.46,"acq_date":"2021-09-21","acq_time":1758,"satellite":"N","instrument":"VIIRS","confidence":"n","version":2,"bright_ti5":289.66,"frp":1.27,"daynight":"N","type":0},"geometry":{"type":"Point","coordinates":[105.20554,-4.62424]}},
{"type":"Feature","properties":{"latitude":-5.21166,"longitude":104.826,"bright_ti4":331.27,"scan":0.41,"track":0.37,"acq_date":"2021-09-22","acq_time":636,"satellite":"N","instrument":"VIIRS","confidence":"n","version":2,"bright_ti5":291.5,"frp":2.75,"daynight":"D","type":0},"geometry":{"type":"Point","coordinates":[104.826,-5.21166]}},
{"type":"Feature","properties":{"latitude":-5.22339,"longitude":105.17317,"bright_ti4":307.88,"scan":0.35,"track":0.57,"acq_date":"2021-09-27","acq_time":1746,"satellite":"N","instrument":"VIIRS","confidence":"n","version":2,"bright_ti5":285.17,"frp":0.38,"daynight":"N","type":0},"geometry":{"type":"Point","coordinates":[105.17317,-5.22339]}},
{"type":"Feature","properties":{"latitude":-4.96614,"longitude":105.74088,"bright_ti4":305.22,"scan":0.51,"track":0.49,"acq_date":"2021-10-02","acq_time":1752,"satellite":"N","instrument":"VIIRS","confidence":"n","version":2,"bright_ti5":290.2,"frp":1.24,"daynight":"N","type":0},"geometry":{"type":"Point","coordinates":[105.74088,-4.96614]}},
{"type":"Feature","properties":{"latitude":-4.96237,"longitude":105.74629,"bright_ti4":302.36,"scan":0.51,"track":0.49,"acq_date":"2021-10-02","acq_time":1752,"satellite":"N","instrument":"VIIRS","confidence":"n","version":2,"bright_ti5":290.83,"frp":0.83,"daynight":"N","type":0},"geometry":{"type":"Point","coordinates":[105.74629,-4.96237]}},
{"type":"Feature","properties":{"latitude":-4.96159,"longitude":105.74167,"bright_ti4":314.48,"scan":0.51,"track":0.49,"acq_date":"2021-10-02","acq_time":1752,"satellite":"N","instrument":"VIIRS","confidence":"n","version":2,"bright_ti5":291.09,"frp":1.24,"daynight":"N","type":0},"geometry":{"type":"Point","coordinates":[105.74167,-4.96159]}},
{"type":"Feature","properties":{"latitude":-4.97017,"longitude":105.7376,"bright_ti4":343.15,"scan":0.4,"track":0.37,"acq_date":"2021-10-03","acq_time":630,"satellite":"N","instrument":"VIIRS","confidence":"n","version":2,"bright_ti5":280.64,"frp":4.47,"daynight":"D","type":0},"geometry":{"type":"Point","coordinates":[105.7376,-4.97017]}},
{"type":"Feature","properties":{"latitude":-4.8613,"longitude":105.17848,"bright_ti4":338.44,"scan":0.51,"track":0.41,"acq_date":"2021-10-04","acq_time":611,"satellite":"N","instrument":"VIIRS","confidence":"n","version":2,"bright_ti5":292.69,"frp":15.5,"daynight":"D","type":0},"geometry":{"type":"Point","coordinates":[105.17848,-4.8613]}},
{"type":"Feature","properties":{"latitude":-4.49351,"longitude":105.74425,"bright_ti4":335.73,"scan":0.47,"track":0.4,"acq_date":"2021-10-04","acq_time":611,"satellite":"N","instrument":"VIIRS","confidence":"n","version":2,"bright_ti5":296.15,"frp":4.99,"daynight":"D","type":0},"geometry":{"type":"Point","coordinates":[105.74425,-4.49351]}},
{"type":"Feature","properties":{"latitude":-5.22421,"longitude":105.17382,"bright_ti4":312.26,"scan":0.39,"track":0.36,"acq_date":"2021-10-06","acq_time":1817,"satellite":"N","instrument":"VIIRS","confidence":"n","version":2,"bright_ti5":291.55,"frp":0.99,"daynight":"N","type":0},"geometry":{"type":"Point","coordinates":[105.17382,-5.22421]}},
{"type":"Feature","properties":{"latitude":-5.13465,"longitude":105.1848,"bright_ti4":303.63,"scan":0.39,"track":0.36,"acq_date":"2021-10-06","acq_time":1817,"satellite":"N","instrument":"VIIRS","confidence":"n","version":2,"bright_ti5":290.83,"frp":0.39,"daynight":"N","type":0},"geometry":{"type":"Point","coordinates":[105.1848,-5.13465]}},
{"type":"Feature","properties":{"latitude":-4.84828,"longitude":105.20831,"bright_ti4":348.67,"scan":0.54,"track":0.5,"acq_date":"2021-10-07","acq_time":655,"satellite":"N","instrument":"VIIRS","confidence":"n","version":2,"bright_ti5":298.66,"frp":64.56,"daynight":"D","type":0},"geometry":{"type":"Point","coordinates":[105.20831,-4.84828]}},
{"type":"Feature","properties":{"latitude":-4.84747,"longitude":105.21317,"bright_ti4":333.57,"scan":0.54,"track":0.51,"acq_date":"2021-10-07","acq_time":655,"satellite":"N","instrument":"VIIRS","confidence":"n","version":2,"bright_ti5":294.53,"frp":21.68,"daynight":"D","type":0},"geometry":{"type":"Point","coordinates":[105.21317,-4.84747]}},
{"type":"Feature","properties":{"latitude":-5.19223,"longitude":105.24274,"bright_ti4":330.8,"scan":0.43,"track":0.38,"acq_date":"2021-10-08","acq_time":636,"satellite":"N","instrument":"VIIRS","confidence":"n","version":2,"bright_ti5":299.2,"frp":3.18,"daynight":"D","type":0},"geometry":{"type":"Point","coordinates":[105.24274,-5.19223]}},
{"type":"Feature","properties":{"latitude":-4.48791,"longitude":105.5084,"bright_ti4":335.34,"scan":0.44,"track":0.39,"acq_date":"2021-10-08","acq_time":637,"satellite":"N","instrument":"VIIRS","confidence":"n","version":2,"bright_ti5":297.88,"frp":3.55,"daynight":"D","type":0},"geometry":{"type":"Point","coordinates":[105.5084,-4.48791]}},
{"type":"Feature","properties":{"latitude":-4.48105,"longitude":105.55242,"bright_ti4":344.02,"scan":0.45,"track":0.39,"acq_date":"2021-10-08","acq_time":637,"satellite":"N","instrument":"VIIRS","confidence":"n","version":2,"bright_ti5":298.22,"frp":4.32,"daynight":"D","type":0},"geometry":{"type":"Point","coordinates":[105.55242,-4.48105]}},
{"type":"Feature","properties":{"latitude":-4.60445,"longitude":105.27154,"bright_ti4":340.8,"scan":0.42,"track":0.38,"acq_date":"2021-10-09","acq_time":618,"satellite":"N","instrument":"VIIRS","confidence":"l","version":2,"bright_ti5":301.95,"frp":7.43,"daynight":"D","type":0},"geometry":{"type":"Point","coordinates":[105.27154,-4.60445]}},
{"type":"Feature","properties":{"latitude":-4.64369,"longitude":105.70423,"bright_ti4":367.0,"scan":0.41,"track":0.37,"acq_date":"2021-10-09","acq_time":618,"satellite":"N","instrument":"VIIRS","confidence":"h","version":2,"bright_ti5":302.03,"frp":13.49,"daynight":"D","type":0},"geometry":{"type":"Point","coordinates":[105.70423,-4.64369]}},
{"type":"Feature","properties":{"latitude":-4.60226,"longitude":105.2711,"bright_ti4":333.23,"scan":0.42,"track":0.38,"acq_date":"2021-10-09","acq_time":618,"satellite":"N","instrument":"VIIRS","confidence":"l","version":2,"bright_ti5":299.8,"frp":6.47,"daynight":"D","type":0},"geometry":{"type":"Point","coordinates":[105.2711,-4.60226]}},
{"type":"Feature","properties":{"latitude":-4.60575,"longitude":105.27162,"bright_ti4":348.23,"scan":0.42,"track":0.38,"acq_date":"2021-10-09","acq_time":618,"satellite":"N","instrument":"VIIRS","confidence":"l","version":2,"bright_ti5":302.17,"frp":6.47,"daynight":"D","type":0},"geometry":{"type":"Point","coordinates":[105.27162,-4.60575]}},
{"type":"Feature","properties":{"latitude":-4.60519,"longitude":105.27544,"bright_ti4":335.99,"scan":0.42,"track":0.38,"acq_date":"2021-10-09","acq_time":618,"satellite":"N","instrument":"VIIRS","confidence":"l","version":2,"bright_ti5":301.54,"frp":7.04,"daynight":"D","type":0},"geometry":{"type":"Point","coordinates":[105.27544,-4.60519]}},
{"type":"Feature","properties":{"latitude":-4.60867,"longitude":105.27596,"bright_ti4":334.62,"scan":0.42,"track":0.38,"acq_date":"2021-10-09","acq_time":618,"satellite":"N","instrument":"VIIRS","confidence":"l","version":2,"bright_ti5":299.21,"frp":2.67,"daynight":"D","type":0},"geometry":{"type":"Point","coordinates":[105.27596,-4.60867]}},
{"type":"Feature","properties":{"latitude":-4.64612,"longitude":105.70489,"bright_ti4":331.68,"scan":0.41,"track":0.37,"acq_date":"2021-10-09","acq_time":618,"satellite":"N","instrument":"VIIRS","confidence":"n","version":2,"bright_ti5":300.74,"frp":2.09,"daynight":"D","type":0},"geometry":{"type":"Point","coordinates":[105.70489,-4.64612]}},
{"type":"Feature","properties":{"latitude":-4.97488,"longitude":105.66676,"bright_ti4":346.6,"scan":0.5,"track":0.49,"acq_date":"2021-10-10","acq_time":559,"satellite":"N","instrument":"VIIRS","confidence":"n","version":2,"bright_ti5":271.36,"frp":11.06,"daynight":"D","type":0},"geometry":{"type":"Point","coordinates":[105.66676,-4.97488]}},
{"type":"Feature","properties":{"latitude":-4.77838,"longitude":105.72849,"bright_ti4":318.82,"scan":0.44,"track":0.46,"acq_date":"2021-10-10","acq_time":1842,"satellite":"N","instrument":"VIIRS","confidence":"n","version":2,"bright_ti5":259.92,"frp":2.15,"daynight":"N","type":0},"geometry":{"type":"Point","coordinates":[105.72849,-4.77838]}},
{"type":"Feature","properties":{"latitude":-4.7741,"longitude":105.72911,"bright_ti4":295.68,"scan":0.44,"track":0.46,"acq_date":"2021-10-10","acq_time":1842,"satellite":"N","instrument":"VIIRS","confidence":"n","version":2,"bright_ti5":259.07,"frp":1.09,"daynight":"N","type":0},"geometry":{"type":"Point","coordinates":[105.72911,-4.7741]}},
{"type":"Feature","properties":{"latitude":-4.79328,"longitude":105.72661,"bright_ti4":337.28,"scan":0.52,"track":0.67,"acq_date":"2021-10-11","acq_time":540,"satellite":"N","instrument":"VIIRS","confidence":"n","version":2,"bright_ti5":282.62,"frp":9.04,"daynight":"D","type":0},"geometry":{"type":"Point","coordinates":[105.72661,-4.79328]}},
{"type":"Feature","properties":{"latitude":-4.79207,"longitude":105.72569,"bright_ti4":328.38,"scan":0.77,"track":0.77,"acq_date":"2021-10-11","acq_time":720,"satellite":"N","instrument":"VIIRS","confidence":"n","version":2,"bright_ti5":285.58,"frp":8.6,"daynight":"D","type":0},"geometry":{"type":"Point","coordinates":[105.72569,-4.79207]}},
{"type":"Feature","properties":{"latitude":-4.51639,"longitude":105.78686,"bright_ti4":332.37,"scan":0.79,"track":0.78,"acq_date":"2021-10-11","acq_time":720,"satellite":"N","instrument":"VIIRS","confidence":"n","version":2,"bright_ti5":282.28,"frp":3.75,"daynight":"D","type":0},"geometry":{"type":"Point","coordinates":[105.78686,-4.51639]}},
{"type":"Feature","properties":{"latitude":-5.22246,"longitude":105.17212,"bright_ti4":309.51,"scan":0.42,"track":0.38,"acq_date":"2021-10-16","acq_time":1830,"satellite":"N","instrument":"VIIRS","confidence":"n","version":2,"bright_ti5":289.39,"frp":0.7,"daynight":"N","type":0},"geometry":{"type":"Point","coordinates":[105.17212,-5.22246]}},
{"type":"Feature","properties":{"latitude":-5.22126,"longitude":105.17401,"bright_ti4":304.78,"scan":0.5,"track":0.41,"acq_date":"2021-10-21","acq_time":1836,"satellite":"N","instrument":"VIIRS","confidence":"n","version":2,"bright_ti5":288.33,"frp":0.63,"daynight":"N","type":0},"geometry":{"type":"Point","coordinates":[105.17401,-5.22126]}},
{"type":"Feature","properties":{"latitude":-5.22209,"longitude":105.1732,"bright_ti4":298.48,"scan":0.43,"track":0.46,"acq_date":"2021-10-23","acq_time":1759,"satellite":"N","instrument":"VIIRS","confidence":"n","version":2,"bright_ti5":277.33,"frp":0.48,"daynight":"N","type":0},"geometry":{"type":"Point","coordinates":[105.1732,-5.22209]}},
{"type":"Feature","properties":{"latitude":-4.49847,"longitude":105.01934,"bright_ti4":333.09,"scan":0.43,"track":0.38,"acq_date":"2021-10-25","acq_time":618,"satellite":"N","instrument":"VIIRS","confidence":"l","version":2,"bright_ti5":295.02,"frp":48.33,"daynight":"D","type":0},"geometry":{"type":"Point","coordinates":[105.01934,-4.49847]}},
{"type":"Feature","properties":{"latitude":-4.49984,"longitude":105.3853,"bright_ti4":341.27,"scan":0.53,"track":0.42,"acq_date":"2021-10-29","acq_time":643,"satellite":"N","instrument":"VIIRS","confidence":"n","version":2,"bright_ti5":288.18,"frp":6.5,"daynight":"D","type":0},"geometry":{"type":"Point","coordinates":[105.3853,-4.49984]}},
{"type":"Feature","properties":{"latitude":-4.5037,"longitude":105.38589,"bright_ti4":333.02,"scan":0.53,"track":0.42,"acq_date":"2021-10-29","acq_time":643,"satellite":"N","instrument":"VIIRS","confidence":"n","version":2,"bright_ti5":289.85,"frp":5.51,"daynight":"D","type":0},"geometry":{"type":"Point","coordinates":[105.38589,-4.5037]}},
{"type":"Feature","properties":{"latitude":-4.55884,"longitude":105.27684,"bright_ti4":337.57,"scan":0.33,"track":0.56,"acq_date":"2021-11-06","acq_time":553,"satellite":"N","instrument":"VIIRS","confidence":"n","version":2,"bright_ti5":277.79,"frp":2.86,"daynight":"D","type":0},"geometry":{"type":"Point","coordinates":[105.27684,-4.55884]}},
{"type":"Feature","properties":{"latitude":-4.85923,"longitude":105.69286,"bright_ti4":347.62,"scan":0.38,"track":0.36,"acq_date":"2021-12-01","acq_time":624,"satellite":"N","instrument":"VIIRS","confidence":"n","version":2,"bright_ti5":301.67,"frp":6.2,"daynight":"D","type":0},"geometry":{"type":"Point","coordinates":[105.69286,-4.85923]}},
{"type":"Feature","properties":{"latitude":-4.8559,"longitude":105.69236,"bright_ti4":339.09,"scan":0.38,"track":0.36,"acq_date":"2021-12-01","acq_time":624,"satellite":"N","instrument":"VIIRS","confidence":"n","version":2,"bright_ti5":303.8,"frp":6.1,"daynight":"D","type":0},"geometry":{"type":"Point","coordinates":[105.69236,-4.8559]}},
{"type":"Feature","properties":{"latitude":-4.85258,"longitude":105.69186,"bright_ti4":337.61,"scan":0.38,"track":0.36,"acq_date":"2021-12-01","acq_time":624,"satellite":"N","instrument":"VIIRS","confidence":"n","version":2,"bright_ti5":303.46,"frp":6.1,"daynight":"D","type":0},"geometry":{"type":"Point","coordinates":[105.69186,-4.85258]}},
{"type":"Feature","properties":{"latitude":-4.84925,"longitude":105.69137,"bright_ti4":337.2,"scan":0.38,"track":0.36,"acq_date":"2021-12-01","acq_time":624,"satellite":"N","instrument":"VIIRS","confidence":"n","version":2,"bright_ti5":302.3,"frp":3.34,"daynight":"D","type":0},"geometry":{"type":"Point","coordinates":[105.69137,-4.84925]}},
{"type":"Feature","properties":{"latitude":-4.83718,"longitude":105.70374,"bright_ti4":335.53,"scan":0.38,"track":0.36,"acq_date":"2021-12-01","acq_time":624,"satellite":"N","instrument":"VIIRS","confidence":"n","version":2,"bright_ti5":300.53,"frp":5.51,"daynight":"D","type":0},"geometry":{"type":"Point","coordinates":[105.70374,-4.83718]}},
{"type":"Feature","properties":{"latitude":-4.84331,"longitude":105.7082,"bright_ti4":344.38,"scan":0.38,"track":0.36,"acq_date":"2021-12-01","acq_time":624,"satellite":"N","instrument":"VIIRS","confidence":"n","version":2,"bright_ti5":299.09,"frp":8.04,"daynight":"D","type":0},"geometry":{"type":"Point","coordinates":[105.7082,-4.84331]}},
{"type":"Feature","properties":{"latitude":-4.84592,"longitude":105.69086,"bright_ti4":340.08,"scan":0.38,"track":0.36,"acq_date":"2021-12-01","acq_time":624,"satellite":"N","instrument":"VIIRS","confidence":"n","version":2,"bright_ti5":301.2,"frp":3.34,"daynight":"D","type":0},"geometry":{"type":"Point","coordinates":[105.69086,-4.84592]}},
{"type":"Feature","properties":{"latitude":-4.84207,"longitude":105.69383,"bright_ti4":367.0,"scan":0.38,"track":0.36,"acq_date":"2021-12-01","acq_time":624,"satellite":"N","instrument":"VIIRS","confidence":"h","version":2,"bright_ti5":302.75,"frp":11.19,"daynight":"D","type":0},"geometry":{"type":"Point","coordinates":[105.69383,-4.84207]}},
{"type":"Feature","properties":{"latitude":-4.84259,"longitude":105.69037,"bright_ti4":347.52,"scan":0.38,"track":0.36,"acq_date":"2021-12-01","acq_time":624,"satellite":"N","instrument":"VIIRS","confidence":"n","version":2,"bright_ti5":299.55,"frp":5.28,"daynight":"D","type":0},"geometry":{"type":"Point","coordinates":[105.69037,-4.84259]}},
{"type":"Feature","properties":{"latitude":-4.83665,"longitude":105.70721,"bright_ti4":346.4,"scan":0.38,"track":0.36,"acq_date":"2021-12-01","acq_time":624,"satellite":"N","instrument":"VIIRS","confidence":"n","version":2,"bright_ti5":302.59,"frp":27.92,"daynight":"D","type":0},"geometry":{"type":"Point","coordinates":[105.70721,-4.83665]}},
{"type":"Feature","properties":{"latitude":-4.85029,"longitude":105.66418,"bright_ti4":310.14,"scan":0.44,"track":0.38,"acq_date":"2021-12-03","acq_time":1830,"satellite":"N","instrument":"VIIRS","confidence":"n","version":2,"bright_ti5":283.79,"frp":1.27,"daynight":"N","type":0},"geometry":{"type":"Point","coordinates":[105.66418,-4.85029]}},
{"type":"Feature","properties":{"latitude":-5.4102,"longitude":105.30421,"bright_ti4":338.86,"scan":0.43,"track":0.46,"acq_date":"2021-01-16","acq_time":604,"satellite":"N","instrument":"VIIRS","confidence":"n","version":2,"bright_ti5":293.64,"frp":5.99,"daynight":"D","type":0},"geometry":{"type":"Point","coordinates":[105.30421,-5.4102]}},
{"type":"Feature","properties":{"latitude":-6.10104,"longitude":105.42441,"bright_ti4":329.4,"scan":0.42,"track":0.38,"acq_date":"2021-01-25","acq_time":635,"satellite":"N","instrument":"VIIRS","confidence":"n","version":2,"bright_ti5":295.93,"frp":11.25,"daynight":"D","type":1},"geometry":{"type":"Point","coordinates":[105.42441,-6.10104]}},
{"type":"Feature","properties":{"latitude":-6.09529,"longitude":105.42651,"bright_ti4":330.9,"scan":0.43,"track":0.46,"acq_date":"2021-03-05","acq_time":603,"satellite":"N","instrument":"VIIRS","confidence":"l","version":2,"bright_ti5":301.99,"frp":6.18,"daynight":"D","type":3},"geometry":{"type":"Point","coordinates":[105.42651,-6.09529]}},
{"type":"Feature","properties":{"latitude":-6.10009,"longitude":105.42337,"bright_ti4":329.66,"scan":0.43,"track":0.46,"acq_date":"2021-03-05","acq_time":603,"satellite":"N","instrument":"VIIRS","confidence":"l","version":2,"bright_ti5":302.02,"frp":6.18,"daynight":"D","type":1},"geometry":{"type":"Point","coordinates":[105.42337,-6.10009]}},
{"type":"Feature","properties":{"latitude":-6.09584,"longitude":105.42269,"bright_ti4":330.14,"scan":0.43,"track":0.46,"acq_date":"2021-03-05","acq_time":603,"satellite":"N","instrument":"VIIRS","confidence":"l","version":2,"bright_ti5":302.07,"frp":6.18,"daynight":"D","type":1},"geometry":{"type":"Point","coordinates":[105.42269,-6.09584]}},
{"type":"Feature","properties":{"latitude":-6.10177,"longitude":105.42219,"bright_ti4":333.95,"scan":0.39,"track":0.36,"acq_date":"2021-03-09","acq_time":628,"satellite":"N","instrument":"VIIRS","confidence":"l","version":2,"bright_ti5":307.76,"frp":12.95,"daynight":"D","type":1},"geometry":{"type":"Point","coordinates":[105.42219,-6.10177]}},
{"type":"Feature","properties":{"latitude":-5.55194,"longitude":105.47118,"bright_ti4":334.57,"scan":0.43,"track":0.46,"acq_date":"2021-03-21","acq_time":603,"satellite":"N","instrument":"VIIRS","confidence":"n","version":2,"bright_ti5":294.61,"frp":3.64,"daynight":"D","type":0},"geometry":{"type":"Point","coordinates":[105.47118,-5.55194]}},
{"type":"Feature","properties":{"latitude":-5.54772,"longitude":105.47057,"bright_ti4":330.13,"scan":0.43,"track":0.46,"acq_date":"2021-03-21","acq_time":603,"satellite":"N","instrument":"VIIRS","confidence":"n","version":2,"bright_ti5":293.62,"frp":4.26,"daynight":"D","type":0},"geometry":{"type":"Point","coordinates":[105.47057,-5.54772]}},
{"type":"Feature","properties":{"latitude":-6.09843,"longitude":105.42476,"bright_ti4":325.24,"scan":0.51,"track":0.5,"acq_date":"2021-03-29","acq_time":653,"satellite":"N","instrument":"VIIRS","confidence":"l","version":2,"bright_ti5":296.74,"frp":15.95,"daynight":"D","type":1},"geometry":{"type":"Point","coordinates":[105.42476,-6.09843]}},
{"type":"Feature","properties":{"latitude":-5.82465,"longitude":105.683,"bright_ti4":334.59,"scan":0.39,"track":0.36,"acq_date":"2021-04-26","acq_time":628,"satellite":"N","instrument":"VIIRS","confidence":"n","version":2,"bright_ti5":299.04,"frp":2.87,"daynight":"D","type":0},"geometry":{"type":"Point","coordinates":[105.683,-5.82465]}},
{"type":"Feature","properties":{"latitude":-5.55755,"longitude":105.66533,"bright_ti4":329.64,"scan":0.35,"track":0.57,"acq_date":"2021-05-21","acq_time":700,"satellite":"N","instrument":"VIIRS","confidence":"n","version":2,"bright_ti5":291.56,"frp":1.78,"daynight":"D","type":0},"geometry":{"type":"Point","coordinates":[105.66533,-5.55755]}},
{"type":"Feature","properties":{"latitude":-5.87519,"longitude":105.74057,"bright_ti4":346.04,"scan":0.39,"track":0.36,"acq_date":"2021-05-23","acq_time":622,"satellite":"N","instrument":"VIIRS","confidence":"n","version":2,"bright_ti5":296.26,"frp":6.9,"daynight":"D","type":0},"geometry":{"type":"Point","coordinates":[105.74057,-5.87519]}},
{"type":"Feature","properties":{"latitude":-5.27224,"longitude":105.60204,"bright_ti4":333.22,"scan":0.39,"track":0.36,"acq_date":"2021-05-28","acq_time":629,"satellite":"N","instrument":"VIIRS","confidence":"n","version":2,"bright_ti5":298.72,"frp":1.74,"daynight":"D","type":0},"geometry":{"type":"Point","coordinates":[105.60204,-5.27224]}},
{"type":"Feature","properties":{"latitude":-5.87609,"longitude":105.74215,"bright_ti4":328.49,"scan":0.49,"track":0.41,"acq_date":"2021-07-16","acq_time":610,"satellite":"N","instrument":"VIIRS","confidence":"n","version":2,"bright_ti5":297.07,"frp":2.32,"daynight":"D","type":3},"geometry":{"type":"Point","coordinates":[105.74215,-5.87609]}},
{"type":"Feature","properties":{"latitude":-5.79744,"longitude":105.16782,"bright_ti4":328.7,"scan":0.51,"track":0.49,"acq_date":"2021-07-19","acq_time":654,"satellite":"N","instrument":"VIIRS","confidence":"n","version":2,"bright_ti5":287.26,"frp":2.4,"daynight":"D","type":0},"geometry":{"type":"Point","coordinates":[105.16782,-5.79744]}},
{"type":"Feature","properties":{"latitude":-6.10091,"longitude":105.42193,"bright_ti4":306.77,"scan":0.44,"track":0.46,"acq_date":"2021-07-22","acq_time":1842,"satellite":"N","instrument":"VIIRS","confidence":"n","version":2,"bright_ti5":291.29,"frp":2.32,"daynight":"N","type":1},"geometry":{"type":"Point","coordinates":[105.42193,-6.10091]}},
{"type":"Feature","properties":{"latitude":-6.10516,"longitude":105.42129,"bright_ti4":306.1,"scan":0.44,"track":0.46,"acq_date":"2021-07-22","acq_time":1842,"satellite":"N","instrument":"VIIRS","confidence":"n","version":2,"bright_ti5":290.82,"frp":2.32,"daynight":"N","type":1},"geometry":{"type":"Point","coordinates":[105.42129,-6.10516]}},
{"type":"Feature","properties":{"latitude":-6.10263,"longitude":105.42277,"bright_ti4":315.81,"scan":0.39,"track":0.36,"acq_date":"2021-07-23","acq_time":1823,"satellite":"N","instrument":"VIIRS","confidence":"n","version":2,"bright_ti5":294.39,"frp":2.21,"daynight":"N","type":1},"geometry":{"type":"Point","coordinates":[105.42277,-6.10263]}},
{"type":"Feature","properties":{"latitude":-6.10378,"longitude":105.42266,"bright_ti4":310.75,"scan":0.49,"track":0.41,"acq_date":"2021-07-24","acq_time":1804,"satellite":"N","instrument":"VIIRS","confidence":"n","version":2,"bright_ti5":294.73,"frp":2.72,"daynight":"N","type":1},"geometry":{"type":"Point","coordinates":[105.42266,-6.10378]}},
{"type":"Feature","properties":{"latitude":-5.48712,"longitude":105.50054,"bright_ti4":347.6,"scan":0.52,"track":0.41,"acq_date":"2021-07-25","acq_time":642,"satellite":"N","instrument":"VIIRS","confidence":"n","version":2,"bright_ti5":302.71,"frp":6.4,"daynight":"D","type":0},"geometry":{"type":"Point","coordinates":[105.50054,-5.48712]}},
{"type":"Feature","properties":{"latitude":-6.10403,"longitude":105.42502,"bright_ti4":307.36,"scan":0.42,"track":0.38,"acq_date":"2021-07-29","acq_time":1811,"satellite":"N","instrument":"VIIRS","confidence":"n","version":2,"bright_ti5":294.8,"frp":1.96,"daynight":"N","type":1},"geometry":{"type":"Point","coordinates":[105.42502,-6.10403]}},
{"type":"Feature","properties":{"latitude":-6.10342,"longitude":105.42124,"bright_ti4":316.86,"scan":0.42,"track":0.38,"acq_date":"2021-07-29","acq_time":1811,"satellite":"N","instrument":"VIIRS","confidence":"n","version":2,"bright_ti5":296.36,"frp":3.09,"daynight":"N","type":1},"geometry":{"type":"Point","coordinates":[105.42124,-6.10342]}},
{"type":"Feature","properties":{"latitude":-6.10287,"longitude":105.42474,"bright_ti4":332.98,"scan":0.41,"track":0.45,"acq_date":"2021-07-30","acq_time":648,"satellite":"N","instrument":"VIIRS","confidence":"l","version":2,"bright_ti5":304.6,"frp":8.74,"daynight":"D","type":1},"geometry":{"type":"Point","coordinates":[105.42474,-6.10287]}},
{"type":"Feature","properties":{"latitude":-6.10298,"longitude":105.42104,"bright_ti4":311.29,"scan":0.51,"track":0.5,"acq_date":"2021-07-30","acq_time":1752,"satellite":"N","instrument":"VIIRS","confidence":"n","version":2,"bright_ti5":293.98,"frp":3.42,"daynight":"N","type":1},"geometry":{"type":"Point","coordinates":[105.42104,-6.10298]}},
{"type":"Feature","properties":{"latitude":-6.10311,"longitude":105.42361,"bright_ti4":332.89,"scan":0.52,"track":0.41,"acq_date":"2021-08-01","acq_time":610,"satellite":"N","instrument":"VIIRS","confidence":"n","version":2,"bright_ti5":299.08,"frp":7.51,"daynight":"D","type":1},"geometry":{"type":"Point","coordinates":[105.42361,-6.10311]}},
{"type":"Feature","properties":{"latitude":-5.40193,"longitude":105.66666,"bright_ti4":333.63,"scan":0.49,"track":0.4,"acq_date":"2021-08-01","acq_time":611,"satellite":"N","instrument":"VIIRS","confidence":"n","version":2,"bright_ti5":297.45,"frp":4.12,"daynight":"D","type":0},"geometry":{"type":"Point","coordinates":[105.66666,-5.40193]}},
{"type":"Feature","properties":{"latitude":-5.86617,"longitude":105.74707,"bright_ti4":305.13,"scan":0.54,"track":0.42,"acq_date":"2021-08-02","acq_time":1836,"satellite":"N","instrument":"VIIRS","confidence":"n","version":2,"bright_ti5":291.52,"frp":1.39,"daynight":"N","type":0},"geometry":{"type":"Point","coordinates":[105.74707,-5.86617]}},
{"type":"Feature","properties":{"latitude":-5.86225,"longitude":105.74757,"bright_ti4":309.55,"scan":0.54,"track":0.42,"acq_date":"2021-08-02","acq_time":1836,"satellite":"N","instrument":"VIIRS","confidence":"n","version":2,"bright_ti5":291.76,"frp":1.51,"daynight":"N","type":0},"geometry":{"type":"Point","coordinates":[105.74757,-5.86225]}},
{"type":"Feature","properties":{"latitude":-6.10136,"longitude":105.42419,"bright_ti4":335.81,"scan":0.43,"track":0.38,"acq_date":"2021-08-06","acq_time":617,"satellite":"N","instrument":"VIIRS","confidence":"n","version":2,"bright_ti5":302.75,"frp":13.58,"daynight":"D","type":1},"geometry":{"type":"Point","coordinates":[105.42419,-6.10136]}},
{"type":"Feature","properties":{"latitude":-5.54724,"longitude":105.53846,"bright_ti4":330.6,"scan":0.35,"track":0.57,"acq_date":"2021-08-09","acq_time":701,"satellite":"N","instrument":"VIIRS","confidence":"n","version":2,"bright_ti5":292.3,"frp":1.13,"daynight":"D","type":0},"geometry":{"type":"Point","coordinates":[105.53846,-5.54724]}},
{"type":"Feature","properties":{"latitude":-5.49273,"longitude":105.49939,"bright_ti4":343.05,"scan":0.39,"track":0.36,"acq_date":"2021-08-16","acq_time":630,"satellite":"N","instrument":"VIIRS","confidence":"n","version":2,"bright_ti5":302.3,"frp":4.16,"daynight":"D","type":0},"geometry":{"type":"Point","coordinates":[105.49939,-5.49273]}},
{"type":"Feature","properties":{"latitude":-6.10328,"longitude":105.42149,"bright_ti4":317.59,"scan":0.49,"track":0.4,"acq_date":"2021-08-25","acq_time":1805,"satellite":"N","instrument":"VIIRS","confidence":"n","version":2,"bright_ti5":295.84,"frp":4.03,"daynight":"N","type":1},"geometry":{"type":"Point","coordinates":[105.42149,-6.10328]}},
{"type":"Feature","properties":{"latitude":-5.86873,"longitude":105.73879,"bright_ti4":341.69,"scan":0.53,"track":0.42,"acq_date":"2021-08-26","acq_time":642,"satellite":"N","instrument":"VIIRS","confidence":"n","version":2,"bright_ti5":301.27,"frp":8.52,"daynight":"D","type":0},"geometry":{"type":"Point","coordinates":[105.73879,-5.86873]}},
{"type":"Feature","properties":{"latitude":-5.56938,"longitude":105.69014,"bright_ti4":333.58,"scan":0.53,"track":0.42,"acq_date":"2021-08-26","acq_time":642,"satellite":"N","instrument":"VIIRS","confidence":"n","version":2,"bright_ti5":301.16,"frp":6.9,"daynight":"D","type":0},"geometry":{"type":"Point","coordinates":[105.69014,-5.56938]}},
{"type":"Feature","properties":{"latitude":-5.5727,"longitude":105.68742,"bright_ti4":333.17,"scan":0.53,"track":0.42,"acq_date":"2021-08-26","acq_time":642,"satellite":"N","instrument":"VIIRS","confidence":"n","version":2,"bright_ti5":301.02,"frp":4.46,"daynight":"D","type":0},"geometry":{"type":"Point","coordinates":[105.68742,-5.5727]}},
{"type":"Feature","properties":{"latitude":-5.62413,"longitude":105.16386,"bright_ti4":346.28,"scan":0.49,"track":0.41,"acq_date":"2021-08-26","acq_time":642,"satellite":"N","instrument":"VIIRS","confidence":"n","version":2,"bright_ti5":298.1,"frp":8.35,"daynight":"D","type":0},"geometry":{"type":"Point","coordinates":[105.16386,-5.62413]}},
{"type":"Feature","properties":{"latitude":-5.62037,"longitude":105.16341,"bright_ti4":339.44,"scan":0.49,"track":0.41,"acq_date":"2021-08-26","acq_time":642,"satellite":"N","instrument":"VIIRS","confidence":"n","version":2,"bright_ti5":297.95,"frp":6.96,"daynight":"D","type":0},"geometry":{"type":"Point","coordinates":[105.16341,-5.62037]}},
{"type":"Feature","properties":{"latitude":-6.10325,"longitude":105.4229,"bright_ti4":342.73,"scan":0.39,"track":0.36,"acq_date":"2021-08-27","acq_time":623,"satellite":"N","instrument":"VIIRS","confidence":"n","version":2,"bright_ti5":311.65,"frp":11.66,"daynight":"D","type":1},"geometry":{"type":"Point","coordinates":[105.4229,-6.10325]}},
{"type":"Feature","properties":{"latitude":-6.1045,"longitude":105.4213,"bright_ti4":308.85,"scan":0.44,"track":0.38,"acq_date":"2021-08-29","acq_time":1830,"satellite":"N","instrument":"VIIRS","confidence":"n","version":2,"bright_ti5":291.89,"frp":1.63,"daynight":"N","type":1},"geometry":{"type":"Point","coordinates":[105.4213,-6.1045]}},
{"type":"Feature","properties":{"latitude":-6.10096,"longitude":105.42185,"bright_ti4":308.88,"scan":0.44,"track":0.38,"acq_date":"2021-08-29","acq_time":1830,"satellite":"N","instrument":"VIIRS","confidence":"n","version":2,"bright_ti5":291.96,"frp":1.63,"daynight":"N","type":1},"geometry":{"type":"Point","coordinates":[105.42185,-6.10096]}},
{"type":"Feature","properties":{"latitude":-5.27031,"longitude":105.59276,"bright_ti4":330.02,"scan":0.33,"track":0.55,"acq_date":"2021-09-03","acq_time":552,"satellite":"N","instrument":"VIIRS","confidence":"n","version":2,"bright_ti5":291.8,"frp":3.61,"daynight":"D","type":0},"geometry":{"type":"Point","coordinates":[105.59276,-5.27031]}},
{"type":"Feature","properties":{"latitude":-6.10133,"longitude":105.4228,"bright_ti4":314.24,"scan":0.53,"track":0.42,"acq_date":"2021-09-03","acq_time":1836,"satellite":"N","instrument":"VIIRS","confidence":"n","version":2,"bright_ti5":288.09,"frp":3.72,"daynight":"N","type":1},"geometry":{"type":"Point","coordinates":[105.4228,-6.10133]}},
{"type":"Feature","properties":{"latitude":-6.10117,"longitude":105.42194,"bright_ti4":315.79,"scan":0.39,"track":0.36,"acq_date":"2021-09-09","acq_time":1824,"satellite":"N","instrument":"VIIRS","confidence":"n","version":2,"bright_ti5":298.23,"frp":2.82,"daynight":"N","type":1},"geometry":{"type":"Point","coordinates":[105.42194,-6.10117]}},
{"type":"Feature","properties":{"latitude":-6.10453,"longitude":105.42141,"bright_ti4":316.04,"scan":0.39,"track":0.36,"acq_date":"2021-09-09","acq_time":1824,"satellite":"N","instrument":"VIIRS","confidence":"n","version":2,"bright_ti5":296.98,"frp":3.36,"daynight":"N","type":1},"geometry":{"type":"Point","coordinates":[105.42141,-6.10453]}},
{"type":"Feature","properties":{"latitude":-5.87162,"longitude":105.74373,"bright_ti4":330.58,"scan":0.36,"track":0.57,"acq_date":"2021-09-10","acq_time":701,"satellite":"N","instrument":"VIIRS","confidence":"n","version":2,"bright_ti5":297.55,"frp":4.62,"daynight":"D","type":0},"geometry":{"type":"Point","coordinates":[105.74373,-5.87162]}},
{"type":"Feature","properties":{"latitude":-5.87217,"longitude":105.74049,"bright_ti4":339.08,"scan":0.36,"track":0.57,"acq_date":"2021-09-10","acq_time":701,"satellite":"N","instrument":"VIIRS","confidence":"n","version":2,"bright_ti5":298.67,"frp":4.06,"daynight":"D","type":0},"geometry":{"type":"Point","coordinates":[105.74049,-5.87217]}},
{"type":"Feature","properties":{"latitude":-5.49457,"longitude":105.50003,"bright_ti4":331.88,"scan":0.39,"track":0.36,"acq_date":"2021-09-17","acq_time":630,"satellite":"N","instrument":"VIIRS","confidence":"n","version":2,"bright_ti5":300.89,"frp":1.93,"daynight":"D","type":0},"geometry":{"type":"Point","coordinates":[105.50003,-5.49457]}},
{"type":"Feature","properties":{"latitude":-5.4076,"longitude":105.47236,"bright_ti4":341.83,"scan":0.39,"track":0.36,"acq_date":"2021-09-17","acq_time":630,"satellite":"N","instrument":"VIIRS","confidence":"n","version":2,"bright_ti5":300.44,"frp":4.77,"daynight":"D","type":0},"geometry":{"type":"Point","coordinates":[105.47236,-5.4076]}},
{"type":"Feature","properties":{"latitude":-5.35615,"longitude":105.60558,"bright_ti4":330.22,"scan":0.39,"track":0.36,"acq_date":"2021-09-17","acq_time":630,"satellite":"N","instrument":"VIIRS","confidence":"l","version":2,"bright_ti5":301.32,"frp":4.46,"daynight":"D","type":0},"geometry":{"type":"Point","coordinates":[105.60558,-5.35615]}},
{"type":"Feature","properties":{"latitude":-6.10327,"longitude":105.42429,"bright_ti4":327.44,"scan":0.39,"track":0.36,"acq_date":"2021-09-25","acq_time":1824,"satellite":"N","instrument":"VIIRS","confidence":"n","version":2,"bright_ti5":290.28,"frp":4.02,"daynight":"N","type":1},"geometry":{"type":"Point","coordinates":[105.42429,-6.10327]}},
{"type":"Feature","properties":{"latitude":-6.10396,"longitude":105.42222,"bright_ti4":330.22,"scan":0.5,"track":0.41,"acq_date":"2021-09-27","acq_time":642,"satellite":"N","instrument":"VIIRS","confidence":"n","version":2,"bright_ti5":291.04,"frp":12.24,"daynight":"D","type":1},"geometry":{"type":"Point","coordinates":[105.42222,-6.10396]}},
{"type":"Feature","properties":{"latitude":-6.1037,"longitude":105.42435,"bright_ti4":330.25,"scan":0.5,"track":0.41,"acq_date":"2021-09-27","acq_time":642,"satellite":"N","instrument":"VIIRS","confidence":"n","version":2,"bright_ti5":292.08,"frp":12.22,"daynight":"D","type":1},"geometry":{"type":"Point","coordinates":[105.42435,-6.1037]}},
{"type":"Feature","properties":{"latitude":-6.10235,"longitude":105.42398,"bright_ti4":331.31,"scan":0.43,"track":0.46,"acq_date":"2021-09-29","acq_time":605,"satellite":"N","instrument":"VIIRS","confidence":"n","version":2,"bright_ti5":296.93,"frp":7.41,"daynight":"D","type":1},"geometry":{"type":"Point","coordinates":[105.42398,-6.10235]}},
{"type":"Feature","properties":{"latitude":-5.41327,"longitude":105.7009,"bright_ti4":331.03,"scan":0.4,"track":0.44,"acq_date":"2021-09-29","acq_time":605,"satellite":"N","instrument":"VIIRS","confidence":"n","version":2,"bright_ti5":287.69,"frp":2.91,"daynight":"D","type":0},"geometry":{"type":"Point","coordinates":[105.7009,-5.41327]}},
{"type":"Feature","properties":{"latitude":-6.10059,"longitude":105.42415,"bright_ti4":336.39,"scan":0.42,"track":0.45,"acq_date":"2021-10-02","acq_time":649,"satellite":"N","instrument":"VIIRS","confidence":"n","version":2,"bright_ti5":297.72,"frp":10.83,"daynight":"D","type":1},"geometry":{"type":"Point","coordinates":[105.42415,-6.10059]}},
{"type":"Feature","properties":{"latitude":-5.78611,"longitude":105.2165,"bright_ti4":330.04,"scan":0.39,"track":0.36,"acq_date":"2021-10-03","acq_time":630,"satellite":"N","instrument":"VIIRS","confidence":"n","version":2,"bright_ti5":289.18,"frp":5.83,"daynight":"D","type":0},"geometry":{"type":"Point","coordinates":[105.2165,-5.78611]}},
{"type":"Feature","properties":{"latitude":-6.103,"longitude":105.42387,"bright_ti4":342.47,"scan":0.39,"track":0.36,"acq_date":"2021-10-03","acq_time":630,"satellite":"N","instrument":"VIIRS","confidence":"n","version":2,"bright_ti5":299.59,"frp":9.98,"daynight":"D","type":1},"geometry":{"type":"Point","coordinates":[105.42387,-6.103]}},
{"type":"Feature","properties":{"latitude":-6.10405,"longitude":105.42387,"bright_ti4":307.03,"scan":0.53,"track":0.42,"acq_date":"2021-10-05","acq_time":1836,"satellite":"N","instrument":"VIIRS","confidence":"n","version":2,"bright_ti5":275.95,"frp":2.44,"daynight":"N","type":1},"geometry":{"type":"Point","coordinates":[105.42387,-6.10405]}},
{"type":"Feature","properties":{"latitude":-6.10451,"longitude":105.42097,"bright_ti4":312.44,"scan":0.4,"track":0.45,"acq_date":"2021-10-07","acq_time":1759,"satellite":"N","instrument":"VIIRS","confidence":"n","version":2,"bright_ti5":294.95,"frp":1.6,"daynight":"N","type":1},"geometry":{"type":"Point","coordinates":[105.42097,-6.10451]}},
{"type":"Feature","properties":{"latitude":-6.10511,"longitude":105.42461,"bright_ti4":313.77,"scan":0.4,"track":0.45,"acq_date":"2021-10-07","acq_time":1759,"satellite":"N","instrument":"VIIRS","confidence":"n","version":2,"bright_ti5":294.27,"frp":1.6,"daynight":"N","type":1},"geometry":{"type":"Point","coordinates":[105.42461,-6.10511]}},
{"type":"Feature","properties":{"latitude":-6.10099,"longitude":105.42526,"bright_ti4":308.92,"scan":0.4,"track":0.45,"acq_date":"2021-10-07","acq_time":1759,"satellite":"N","instrument":"VIIRS","confidence":"n","version":2,"bright_ti5":293.89,"frp":1.6,"daynight":"N","type":1},"geometry":{"type":"Point","coordinates":[105.42526,-6.10099]}},
{"type":"Feature","properties":{"latitude":-6.1004,"longitude":105.42163,"bright_ti4":312.08,"scan":0.4,"track":0.45,"acq_date":"2021-10-07","acq_time":1759,"satellite":"N","instrument":"VIIRS","confidence":"n","version":2,"bright_ti5":294.93,"frp":1.6,"daynight":"N","type":1},"geometry":{"type":"Point","coordinates":[105.42163,-6.1004]}},
{"type":"Feature","properties":{"latitude":-5.45947,"longitude":105.70493,"bright_ti4":334.68,"scan":0.44,"track":0.39,"acq_date":"2021-10-08","acq_time":636,"satellite":"N","instrument":"VIIRS","confidence":"n","version":2,"bright_ti5":300.5,"frp":2.71,"daynight":"D","type":0},"geometry":{"type":"Point","coordinates":[105.70493,-5.45947]}},
{"type":"Feature","properties":{"latitude":-5.43001,"longitude":105.684,"bright_ti4":336.29,"scan":0.44,"track":0.39,"acq_date":"2021-10-08","acq_time":636,"satellite":"N","instrument":"VIIRS","confidence":"n","version":2,"bright_ti5":303.06,"frp":2.86,"daynight":"D","type":0},"geometry":{"type":"Point","coordinates":[105.684,-5.43001]}},
{"type":"Feature","properties":{"latitude":-5.40684,"longitude":105.69256,"bright_ti4":330.65,"scan":0.44,"track":0.39,"acq_date":"2021-10-08","acq_time":636,"satellite":"N","instrument":"VIIRS","confidence":"l","version":2,"bright_ti5":301.71,"frp":1.15,"daynight":"D","type":0},"geometry":{"type":"Point","coordinates":[105.69256,-5.40684]}},
{"type":"Feature","properties":{"latitude":-5.66294,"longitude":105.55418,"bright_ti4":336.5,"scan":0.43,"track":0.38,"acq_date":"2021-10-08","acq_time":636,"satellite":"N","instrument":"VIIRS","confidence":"n","version":2,"bright_ti5":299.93,"frp":3.19,"daynight":"D","type":0},"geometry":{"type":"Point","coordinates":[105.55418,-5.66294]}},
{"type":"Feature","properties":{"latitude":-6.10174,"longitude":105.42528,"bright_ti4":307.51,"scan":0.44,"track":0.46,"acq_date":"2021-10-10","acq_time":1842,"satellite":"N","instrument":"VIIRS","confidence":"n","version":2,"bright_ti5":281.25,"frp":1.27,"daynight":"N","type":1},"geometry":{"type":"Point","coordinates":[105.42528,-6.10174]}},
{"type":"Feature","properties":{"latitude":-6.10114,"longitude":105.42117,"bright_ti4":302.99,"scan":0.44,"track":0.46,"acq_date":"2021-10-10","acq_time":1842,"satellite":"N","instrument":"VIIRS","confidence":"n","version":2,"bright_ti5":278.77,"frp":1.27,"daynight":"N","type":1},"geometry":{"type":"Point","coordinates":[105.42117,-6.10114]}},
{"type":"Feature","properties":{"latitude":-6.1047,"longitude":105.42343,"bright_ti4":333.79,"scan":0.34,"track":0.56,"acq_date":"2021-10-12","acq_time":701,"satellite":"N","instrument":"VIIRS","confidence":"n","version":2,"bright_ti5":295.97,"frp":10.18,"daynight":"D","type":1},"geometry":{"type":"Point","coordinates":[105.42343,-6.1047]}},
{"type":"Feature","properties":{"latitude":-6.10407,"longitude":105.42204,"bright_ti4":333.08,"scan":0.34,"track":0.56,"acq_date":"2021-10-12","acq_time":701,"satellite":"N","instrument":"VIIRS","confidence":"n","version":2,"bright_ti5":295.73,"frp":10.28,"daynight":"D","type":1},"geometry":{"type":"Point","coordinates":[105.42204,-6.10407]}},
{"type":"Feature","properties":{"latitude":-6.10126,"longitude":105.42152,"bright_ti4":313.94,"scan":0.49,"track":0.4,"acq_date":"2021-10-12","acq_time":1805,"satellite":"N","instrument":"VIIRS","confidence":"n","version":2,"bright_ti5":291.6,"frp":2.42,"daynight":"N","type":1},"geometry":{"type":"Point","coordinates":[105.42152,-6.10126]}},
{"type":"Feature","properties":{"latitude":-6.10198,"longitude":105.42587,"bright_ti4":307.5,"scan":0.49,"track":0.4,"acq_date":"2021-10-12","acq_time":1805,"satellite":"N","instrument":"VIIRS","confidence":"n","version":2,"bright_ti5":290.6,"frp":2.42,"daynight":"N","type":1},"geometry":{"type":"Point","coordinates":[105.42587,-6.10198]}},
{"type":"Feature","properties":{"latitude":-6.10499,"longitude":105.42088,"bright_ti4":309.78,"scan":0.49,"track":0.4,"acq_date":"2021-10-12","acq_time":1805,"satellite":"N","instrument":"VIIRS","confidence":"n","version":2,"bright_ti5":290.73,"frp":2.42,"daynight":"N","type":1},"geometry":{"type":"Point","coordinates":[105.42088,-6.10499]}},
{"type":"Feature","properties":{"latitude":-6.10416,"longitude":105.42354,"bright_ti4":333.56,"scan":0.39,"track":0.36,"acq_date":"2021-10-14","acq_time":624,"satellite":"N","instrument":"VIIRS","confidence":"n","version":2,"bright_ti5":289.35,"frp":5.34,"daynight":"D","type":1},"geometry":{"type":"Point","coordinates":[105.42354,-6.10416]}},
{"type":"Feature","properties":{"latitude":-6.10269,"longitude":105.42224,"bright_ti4":326.96,"scan":0.44,"track":0.38,"acq_date":"2021-10-16","acq_time":1830,"satellite":"N","instrument":"VIIRS","confidence":"n","version":2,"bright_ti5":292.17,"frp":4.19,"daynight":"N","type":1},"geometry":{"type":"Point","coordinates":[105.42224,-6.10269]}},
{"type":"Feature","properties":{"latitude":-6.1034,"longitude":105.42086,"bright_ti4":319.48,"scan":0.44,"track":0.38,"acq_date":"2021-10-16","acq_time":1830,"satellite":"N","instrument":"VIIRS","confidence":"n","version":2,"bright_ti5":290.85,"frp":1.95,"daynight":"N","type":1},"geometry":{"type":"Point","coordinates":[105.42086,-6.1034]}},
{"type":"Feature","properties":{"latitude":-6.10402,"longitude":105.42484,"bright_ti4":308.37,"scan":0.44,"track":0.38,"acq_date":"2021-10-16","acq_time":1830,"satellite":"N","instrument":"VIIRS","confidence":"n","version":2,"bright_ti5":289.31,"frp":1.95,"daynight":"N","type":1},"geometry":{"type":"Point","coordinates":[105.42484,-6.10402]}},
{"type":"Feature","properties":{"latitude":-6.10077,"longitude":105.4226,"bright_ti4":308.73,"scan":0.53,"track":0.42,"acq_date":"2021-10-21","acq_time":1836,"satellite":"N","instrument":"VIIRS","confidence":"n","version":2,"bright_ti5":282.12,"frp":2.01,"daynight":"N","type":1},"geometry":{"type":"Point","coordinates":[105.4226,-6.10077]}},
{"type":"Feature","properties":{"latitude":-6.10462,"longitude":105.42193,"bright_ti4":309.21,"scan":0.53,"track":0.42,"acq_date":"2021-10-21","acq_time":1836,"satellite":"N","instrument":"VIIRS","confidence":"n","version":2,"bright_ti5":280.58,"frp":2.01,"daynight":"N","type":1},"geometry":{"type":"Point","coordinates":[105.42193,-6.10462]}},
{"type":"Feature","properties":{"latitude":-6.10147,"longitude":105.42279,"bright_ti4":330.52,"scan":0.43,"track":0.38,"acq_date":"2021-10-25","acq_time":618,"satellite":"N","instrument":"VIIRS","confidence":"l","version":2,"bright_ti5":288.64,"frp":6.15,"daynight":"D","type":1},"geometry":{"type":"Point","coordinates":[105.42279,-6.10147]}},
{"type":"Feature","properties":{"latitude":-6.1027,"longitude":105.42281,"bright_ti4":307.17,"scan":0.44,"track":0.46,"acq_date":"2021-10-26","acq_time":1843,"satellite":"N","instrument":"VIIRS","confidence":"n","version":2,"bright_ti5":271.8,"frp":1.5,"daynight":"N","type":1},"geometry":{"type":"Point","coordinates":[105.42281,-6.1027]}},
{"type":"Feature","properties":{"latitude":-6.10407,"longitude":105.42441,"bright_ti4":333.02,"scan":0.39,"track":0.36,"acq_date":"2021-10-30","acq_time":624,"satellite":"N","instrument":"VIIRS","confidence":"n","version":2,"bright_ti5":300.82,"frp":5.85,"daynight":"D","type":1},"geometry":{"type":"Point","coordinates":[105.42441,-6.10407]}},
{"type":"Feature","properties":{"latitude":-6.10073,"longitude":105.42389,"bright_ti4":334.52,"scan":0.39,"track":0.36,"acq_date":"2021-10-30","acq_time":624,"satellite":"N","instrument":"VIIRS","confidence":"n","version":2,"bright_ti5":301.48,"frp":5.85,"daynight":"D","type":1},"geometry":{"type":"Point","coordinates":[105.42389,-6.10073]}},
{"type":"Feature","properties":{"latitude":-5.43221,"longitude":105.58824,"bright_ti4":337.19,"scan":0.44,"track":0.38,"acq_date":"2021-11-25","acq_time":637,"satellite":"N","instrument":"VIIRS","confidence":"n","version":2,"bright_ti5":294.11,"frp":6.21,"daynight":"D","type":0},"geometry":{"type":"Point","coordinates":[105.58824,-5.43221]}},
{"type":"Feature","properties":{"latitude":-5.33167,"longitude":104.79592,"bright_ti4":330.89,"scan":0.38,"track":0.36,"acq_date":"2021-04-26","acq_time":628,"satellite":"N","instrument":"VIIRS","confidence":"n","version":2,"bright_ti5":299.76,"frp":2.46,"daynight":"D","type":0},"geometry":{"type":"Point","coordinates":[104.79592,-5.33167]}},
{"type":"Feature","properties":{"latitude":-5.32378,"longitude":104.86604,"bright_ti4":329.61,"scan":0.54,"track":0.42,"acq_date":"2021-07-16","acq_time":610,"satellite":"N","instrument":"VIIRS","confidence":"n","version":2,"bright_ti5":297.46,"frp":5.23,"daynight":"D","type":0},"geometry":{"type":"Point","coordinates":[104.86604,-5.32378]}},
{"type":"Feature","properties":{"latitude":-5.28113,"longitude":104.86761,"bright_ti4":328.14,"scan":0.48,"track":0.64,"acq_date":"2021-07-28","acq_time":546,"satellite":"N","instrument":"VIIRS","confidence":"n","version":2,"bright_ti5":293.93,"frp":2.2,"daynight":"D","type":0},"geometry":{"type":"Point","coordinates":[104.86761,-5.28113]}},
{"type":"Feature","properties":{"latitude":-5.26764,"longitude":104.94821,"bright_ti4":347.78,"scan":0.32,"track":0.55,"acq_date":"2021-08-25","acq_time":701,"satellite":"N","instrument":"VIIRS","confidence":"n","version":2,"bright_ti5":295.25,"frp":5.29,"daynight":"D","type":0},"geometry":{"type":"Point","coordinates":[104.94821,-5.26764]}},
{"type":"Feature","properties":{"latitude":-5.54831,"longitude":105.01431,"bright_ti4":331.22,"scan":0.32,"track":0.55,"acq_date":"2021-08-25","acq_time":701,"satellite":"N","instrument":"VIIRS","confidence":"n","version":2,"bright_ti5":292.55,"frp":2.28,"daynight":"D","type":0},"geometry":{"type":"Point","coordinates":[105.01431,-5.54831]}},
{"type":"Feature","properties":{"latitude":-5.387,"longitude":105.00658,"bright_ti4":338.72,"scan":0.49,"track":0.4,"acq_date":"2021-08-26","acq_time":642,"satellite":"N","instrument":"VIIRS","confidence":"n","version":2,"bright_ti5":302.21,"frp":10.3,"daynight":"D","type":0},"geometry":{"type":"Point","coordinates":[105.00658,-5.387]}},
{"type":"Feature","properties":{"latitude":-5.38327,"longitude":105.0061,"bright_ti4":338.42,"scan":0.49,"track":0.4,"acq_date":"2021-08-26","acq_time":642,"satellite":"N","instrument":"VIIRS","confidence":"n","version":2,"bright_ti5":301.61,"frp":7.54,"daynight":"D","type":0},"geometry":{"type":"Point","coordinates":[105.0061,-5.38327]}},
{"type":"Feature","properties":{"latitude":-5.5454,"longitude":104.96511,"bright_ti4":335.43,"scan":0.4,"track":0.37,"acq_date":"2021-08-27","acq_time":623,"satellite":"N","instrument":"VIIRS","confidence":"n","version":2,"bright_ti5":296.68,"frp":4.73,"daynight":"D","type":0},"geometry":{"type":"Point","coordinates":[104.96511,-5.5454]}},
{"type":"Feature","properties":{"latitude":-5.55864,"longitude":104.99532,"bright_ti4":335.27,"scan":0.49,"track":0.4,"acq_date":"2021-09-11","acq_time":642,"satellite":"N","instrument":"VIIRS","confidence":"n","version":2,"bright_ti5":294.79,"frp":3.83,"daynight":"D","type":0},"geometry":{"type":"Point","coordinates":[104.99532,-5.55864]}},
{"type":"Feature","properties":{"latitude":-5.30956,"longitude":104.83708,"bright_ti4":341.6,"scan":0.54,"track":0.42,"acq_date":"2021-09-18","acq_time":611,"satellite":"N","instrument":"VIIRS","confidence":"n","version":2,"bright_ti5":297.57,"frp":5.78,"daynight":"D","type":0},"geometry":{"type":"Point","coordinates":[104.83708,-5.30956]}},
{"type":"Feature","properties":{"latitude":-5.3053,"longitude":104.86929,"bright_ti4":332.2,"scan":0.38,"track":0.36,"acq_date":"2021-10-03","acq_time":630,"satellite":"N","instrument":"VIIRS","confidence":"n","version":2,"bright_ti5":295.58,"frp":2.63,"daynight":"D","type":0},"geometry":{"type":"Point","coordinates":[104.86929,-5.3053]}},
{"type":"Feature","properties":{"latitude":-5.39272,"longitude":104.89781,"bright_ti4":351.7,"scan":0.32,"track":0.55,"acq_date":"2021-10-12","acq_time":701,"satellite":"N","instrument":"VIIRS","confidence":"n","version":2,"bright_ti5":293.28,"frp":4.64,"daynight":"D","type":0},"geometry":{"type":"Point","coordinates":[104.89781,-5.39272]}},
{"type":"Feature","properties":{"latitude":-5.29963,"longitude":104.84488,"bright_ti4":334.99,"scan":0.48,"track":0.4,"acq_date":"2021-10-29","acq_time":643,"satellite":"N","instrument":"VIIRS","confidence":"n","version":2,"bright_ti5":296.15,"frp":7.55,"daynight":"D","type":0},"geometry":{"type":"Point","coordinates":[104.84488,-5.29963]}},
{"type":"Feature","properties":{"latitude":-4.25224,"longitude":105.10237,"bright_ti4":340.21,"scan":0.42,"track":0.45,"acq_date":"2021-02-20","acq_time":648,"satellite":"N","instrument":"VIIRS","confidence":"n","version":2,"bright_ti5":293.18,"frp":2.35,"daynight":"D","type":0},"geometry":{"type":"Point","coordinates":[105.10237,-4.25224]}},
{"type":"Feature","properties":{"latitude":-4.46091,"longitude":105.23769,"bright_ti4":335.26,"scan":0.39,"track":0.36,"acq_date":"2021-04-21","acq_time":622,"satellite":"N","instrument":"VIIRS","confidence":"n","version":2,"bright_ti5":296.74,"frp":2.86,"daynight":"D","type":0},"geometry":{"type":"Point","coordinates":[105.23769,-4.46091]}},
{"type":"Feature","properties":{"latitude":-4.42659,"longitude":105.14736,"bright_ti4":335.04,"scan":0.39,"track":0.36,"acq_date":"2021-04-26","acq_time":629,"satellite":"N","instrument":"VIIRS","confidence":"n","version":2,"bright_ti5":292.95,"frp":4.01,"daynight":"D","type":0},"geometry":{"type":"Point","coordinates":[105.14736,-4.42659]}},
{"type":"Feature","properties":{"latitude":-4.3955,"longitude":105.0021,"bright_ti4":328.22,"scan":0.46,"track":0.64,"acq_date":"2021-05-25","acq_time":545,"satellite":"N","instrument":"VIIRS","confidence":"n","version":2,"bright_ti5":286.16,"frp":4.73,"daynight":"D","type":0},"geometry":{"type":"Point","coordinates":[105.0021,-4.3955]}},
{"type":"Feature","properties":{"latitude":-4.27607,"longitude":104.95403,"bright_ti4":337.49,"scan":0.52,"track":0.5,"acq_date":"2021-07-03","acq_time":655,"satellite":"N","instrument":"VIIRS","confidence":"n","version":2,"bright_ti5":295.22,"frp":4.54,"daynight":"D","type":0},"geometry":{"type":"Point","coordinates":[104.95403,-4.27607]}},
{"type":"Feature","properties":{"latitude":-4.40251,"longitude":105.06451,"bright_ti4":335.8,"scan":0.39,"track":0.36,"acq_date":"2021-07-26","acq_time":623,"satellite":"N","instrument":"VIIRS","confidence":"n","version":2,"bright_ti5":303.1,"frp":3.78,"daynight":"D","type":0},"geometry":{"type":"Point","coordinates":[105.06451,-4.40251]}},
{"type":"Feature","properties":{"latitude":-4.40198,"longitude":105.06803,"bright_ti4":337.38,"scan":0.39,"track":0.36,"acq_date":"2021-07-26","acq_time":623,"satellite":"N","instrument":"VIIRS","confidence":"n","version":2,"bright_ti5":301.23,"frp":3.78,"daynight":"D","type":0},"geometry":{"type":"Point","coordinates":[105.06803,-4.40198]}},
{"type":"Feature","properties":{"latitude":-4.40533,"longitude":105.06853,"bright_ti4":337.28,"scan":0.39,"track":0.36,"acq_date":"2021-07-26","acq_time":623,"satellite":"N","instrument":"VIIRS","confidence":"n","version":2,"bright_ti5":302.27,"frp":3.78,"daynight":"D","type":0},"geometry":{"type":"Point","coordinates":[105.06853,-4.40533]}},
{"type":"Feature","properties":{"latitude":-4.20723,"longitude":104.94826,"bright_ti4":337.69,"scan":0.39,"track":0.36,"acq_date":"2021-07-26","acq_time":624,"satellite":"N","instrument":"VIIRS","confidence":"n","version":2,"bright_ti5":306.1,"frp":12.61,"daynight":"D","type":0},"geometry":{"type":"Point","coordinates":[104.94826,-4.20723]}},
{"type":"Feature","properties":{"latitude":-4.21058,"longitude":104.94875,"bright_ti4":335.01,"scan":0.39,"track":0.36,"acq_date":"2021-07-26","acq_time":624,"satellite":"N","instrument":"VIIRS","confidence":"n","version":2,"bright_ti5":304.2,"frp":3.06,"daynight":"D","type":0},"geometry":{"type":"Point","coordinates":[104.94875,-4.21058]}},
{"type":"Feature","properties":{"latitude":-4.23976,"longitude":104.93456,"bright_ti4":339.34,"scan":0.46,"track":0.63,"acq_date":"2021-07-28","acq_time":546,"satellite":"N","instrument":"VIIRS","confidence":"n","version":2,"bright_ti5":292.81,"frp":3.55,"daynight":"D","type":0},"geometry":{"type":"Point","coordinates":[104.93456,-4.23976]}},
{"type":"Feature","properties":{"latitude":-4.24125,"longitude":104.9353,"bright_ti4":339.91,"scan":0.46,"track":0.63,"acq_date":"2021-07-28","acq_time":546,"satellite":"N","instrument":"VIIRS","confidence":"n","version":2,"bright_ti5":293.5,"frp":4.43,"daynight":"D","type":0},"geometry":{"type":"Point","coordinates":[104.9353,-4.24125]}},
{"type":"Feature","properties":{"latitude":-4.4346,"longitude":105.14185,"bright_ti4":333.62,"scan":0.39,"track":0.36,"acq_date":"2021-07-31","acq_time":630,"satellite":"N","instrument":"VIIRS","confidence":"n","version":2,"bright_ti5":299.68,"frp":3.94,"daynight":"D","type":0},"geometry":{"type":"Point","coordinates":[105.14185,-4.4346]}},
{"type":"Feature","properties":{"latitude":-4.43514,"longitude":105.13835,"bright_ti4":332.06,"scan":0.39,"track":0.36,"acq_date":"2021-07-31","acq_time":630,"satellite":"N","instrument":"VIIRS","confidence":"n","version":2,"bright_ti5":299.72,"frp":3.43,"daynight":"D","type":0},"geometry":{"type":"Point","coordinates":[105.13835,-4.43514]}},
{"type":"Feature","properties":{"latitude":-4.43284,"longitude":105.1413,"bright_ti4":330.52,"scan":0.39,"track":0.36,"acq_date":"2021-07-31","acq_time":630,"satellite":"N","instrument":"VIIRS","confidence":"n","version":2,"bright_ti5":300.41,"frp":2.79,"daynight":"D","type":0},"geometry":{"type":"Point","coordinates":[105.1413,-4.43284]}},
{"type":"Feature","properties":{"latitude":-4.3904,"longitude":104.95446,"bright_ti4":333.95,"scan":0.52,"track":0.42,"acq_date":"2021-08-01","acq_time":611,"satellite":"N","instrument":"VIIRS","confidence":"n","version":2,"bright_ti5":295.37,"frp":5.1,"daynight":"D","type":0},"geometry":{"type":"Point","coordinates":[104.95446,-4.3904]}},
{"type":"Feature","properties":{"latitude":-4.3911,"longitude":104.94975,"bright_ti4":330.8,"scan":0.52,"track":0.42,"acq_date":"2021-08-01","acq_time":611,"satellite":"N","instrument":"VIIRS","confidence":"n","version":2,"bright_ti5":296.33,"frp":2.8,"daynight":"D","type":0},"geometry":{"type":"Point","coordinates":[104.94975,-4.3911]}},
{"type":"Feature","properties":{"latitude":-4.44517,"longitude":105.0808,"bright_ti4":329.56,"scan":0.35,"track":0.57,"acq_date":"2021-08-02","acq_time":552,"satellite":"N","instrument":"VIIRS","confidence":"n","version":2,"bright_ti5":291.51,"frp":4.09,"daynight":"D","type":0},"geometry":{"type":"Point","coordinates":[105.0808,-4.44517]}},
{"type":"Feature","properties":{"latitude":-4.42219,"longitude":105.03377,"bright_ti4":326.92,"scan":0.7,"track":0.75,"acq_date":"2021-08-08","acq_time":720,"satellite":"N","instrument":"VIIRS","confidence":"n","version":2,"bright_ti5":286.22,"frp":5.97,"daynight":"D","type":0},"geometry":{"type":"Point","coordinates":[105.03377,-4.42219]}},
{"type":"Feature","properties":{"latitude":-4.42337,"longitude":105.02724,"bright_ti4":334.8,"scan":0.7,"track":0.75,"acq_date":"2021-08-08","acq_time":720,"satellite":"N","instrument":"VIIRS","confidence":"n","version":2,"bright_ti5":287.14,"frp":5.97,"daynight":"D","type":0},"geometry":{"type":"Point","coordinates":[105.02724,-4.42337]}},
{"type":"Feature","properties":{"latitude":-4.18951,"longitude":104.95264,"bright_ti4":331.75,"scan":0.38,"track":0.36,"acq_date":"2021-08-08","acq_time":1823,"satellite":"N","instrument":"VIIRS","confidence":"n","version":2,"bright_ti5":292.65,"frp":2.55,"daynight":"N","type":0},"geometry":{"type":"Point","coordinates":[104.95264,-4.18951]}},
{"type":"Feature","properties":{"latitude":-4.24644,"longitude":105.14139,"bright_ti4":331.67,"scan":0.34,"track":0.56,"acq_date":"2021-08-18","acq_time":552,"satellite":"N","instrument":"VIIRS","confidence":"n","version":2,"bright_ti5":288.95,"frp":2.24,"daynight":"D","type":0},"geometry":{"type":"Point","coordinates":[105.14139,-4.24644]}},
{"type":"Feature","properties":{"latitude":-4.39591,"longitude":105.06004,"bright_ti4":301.3,"scan":0.38,"track":0.36,"acq_date":"2021-08-24","acq_time":1823,"satellite":"N","instrument":"VIIRS","confidence":"n","version":2,"bright_ti5":270.52,"frp":0.35,"daynight":"N","type":0},"geometry":{"type":"Point","coordinates":[105.06004,-4.39591]}},
{"type":"Feature","properties":{"latitude":-4.36246,"longitude":104.95537,"bright_ti4":295.32,"scan":0.38,"track":0.36,"acq_date":"2021-08-24","acq_time":1823,"satellite":"N","instrument":"VIIRS","confidence":"n","version":2,"bright_ti5":273.92,"frp":0.27,"daynight":"N","type":0},"geometry":{"type":"Point","coordinates":[104.95537,-4.36246]}},
{"type":"Feature","properties":{"latitude":-4.45254,"longitude":105.02216,"bright_ti4":330.3,"scan":0.34,"track":0.56,"acq_date":"2021-08-25","acq_time":701,"satellite":"N","instrument":"VIIRS","confidence":"n","version":2,"bright_ti5":292.11,"frp":1.84,"daynight":"D","type":0},"geometry":{"type":"Point","coordinates":[105.02216,-4.45254]}},
{"type":"Feature","properties":{"latitude":-4.1753,"longitude":105.00838,"bright_ti4":338.51,"scan":0.51,"track":0.41,"acq_date":"2021-08-26","acq_time":643,"satellite":"N","instrument":"VIIRS","confidence":"n","version":2,"bright_ti5":299.81,"frp":6.33,"daynight":"D","type":0},"geometry":{"type":"Point","coordinates":[105.00838,-4.1753]}},
{"type":"Feature","properties":{"latitude":-4.17418,"longitude":105.0109,"bright_ti4":336.26,"scan":0.51,"track":0.41,"acq_date":"2021-08-26","acq_time":643,"satellite":"N","instrument":"VIIRS","confidence":"n","version":2,"bright_ti5":299.64,"frp":3.96,"daynight":"D","type":0},"geometry":{"type":"Point","coordinates":[105.0109,-4.17418]}},
{"type":"Feature","properties":{"latitude":-4.17796,"longitude":105.0115,"bright_ti4":338.93,"scan":0.51,"track":0.41,"acq_date":"2021-08-26","acq_time":643,"satellite":"N","instrument":"VIIRS","confidence":"n","version":2,"bright_ti5":303.37,"frp":3.96,"daynight":"D","type":0},"geometry":{"type":"Point","coordinates":[105.0115,-4.17796]}},
{"type":"Feature","properties":{"latitude":-4.21301,"longitude":104.9353,"bright_ti4":307.72,"scan":0.47,"track":0.4,"acq_date":"2021-09-03","acq_time":1836,"satellite":"N","instrument":"VIIRS","confidence":"n","version":2,"bright_ti5":290.08,"frp":0.76,"daynight":"N","type":0},"geometry":{"type":"Point","coordinates":[104.9353,-4.21301]}},
{"type":"Feature","properties":{"latitude":-4.20922,"longitude":104.97417,"bright_ti4":330.58,"scan":0.55,"track":0.51,"acq_date":"2021-09-08","acq_time":559,"satellite":"N","instrument":"VIIRS","confidence":"n","version":2,"bright_ti5":290.61,"frp":3.57,"daynight":"D","type":0},"geometry":{"type":"Point","coordinates":[104.97417,-4.20922]}},
{"type":"Feature","properties":{"latitude":-4.19042,"longitude":105.14673,"bright_ti4":332.44,"scan":0.39,"track":0.36,"acq_date":"2021-09-17","acq_time":630,"satellite":"N","instrument":"VIIRS","confidence":"n","version":2,"bright_ti5":297.96,"frp":2.77,"daynight":"D","type":0},"geometry":{"type":"Point","coordinates":[105.14673,-4.19042]}},
{"type":"Feature","properties":{"latitude":-4.18471,"longitude":105.02755,"bright_ti4":336.33,"scan":0.39,"track":0.36,"acq_date":"2021-09-17","acq_time":630,"satellite":"N","instrument":"VIIRS","confidence":"n","version":2,"bright_ti5":296.9,"frp":2.79,"daynight":"D","type":0},"geometry":{"type":"Point","coordinates":[105.02755,-4.18471]}},
{"type":"Feature","properties":{"latitude":-4.23909,"longitude":104.94688,"bright_ti4":306.78,"scan":0.62,"track":0.71,"acq_date":"2021-09-17","acq_time":1733,"satellite":"N","instrument":"VIIRS","confidence":"n","version":2,"bright_ti5":286.47,"frp":1.34,"daynight":"N","type":0},"geometry":{"type":"Point","coordinates":[104.94688,-4.23909]}},
{"type":"Feature","properties":{"latitude":-4.37896,"longitude":105.00116,"bright_ti4":342.26,"scan":0.39,"track":0.36,"acq_date":"2021-10-03","acq_time":630,"satellite":"N","instrument":"VIIRS","confidence":"n","version":2,"bright_ti5":290.93,"frp":2.7,"daynight":"D","type":0},"geometry":{"type":"Point","coordinates":[105.00116,-4.37896]}},
{"type":"Feature","properties":{"latitude":-4.41248,"longitude":105.02768,"bright_ti4":331.34,"scan":0.39,"track":0.36,"acq_date":"2021-10-03","acq_time":630,"satellite":"N","instrument":"VIIRS","confidence":"n","version":2,"bright_ti5":297.83,"frp":2.63,"daynight":"D","type":0},"geometry":{"type":"Point","coordinates":[105.02768,-4.41248]}},
{"type":"Feature","properties":{"latitude":-4.42374,"longitude":105.13318,"bright_ti4":338.16,"scan":0.39,"track":0.36,"acq_date":"2021-10-03","acq_time":630,"satellite":"N","instrument":"VIIRS","confidence":"n","version":2,"bright_ti5":296.67,"frp":2.68,"daynight":"D","type":0},"geometry":{"type":"Point","coordinates":[105.13318,-4.42374]}},
{"type":"Feature","properties":{"latitude":-4.20991,"longitude":104.97056,"bright_ti4":333.87,"scan":0.53,"track":0.5,"acq_date":"2021-10-07","acq_time":655,"satellite":"N","instrument":"VIIRS","confidence":"n","version":2,"bright_ti5":284.78,"frp":2.2,"daynight":"D","type":0},"geometry":{"type":"Point","coordinates":[104.97056,-4.20991]}},
{"type":"Feature","properties":{"latitude":-4.40203,"longitude":105.02244,"bright_ti4":335.61,"scan":0.43,"track":0.38,"acq_date":"2021-10-08","acq_time":637,"satellite":"N","instrument":"VIIRS","confidence":"n","version":2,"bright_ti5":301.81,"frp":2.31,"daynight":"D","type":0},"geometry":{"type":"Point","coordinates":[105.02244,-4.40203]}},
{"type":"Feature","properties":{"latitude":-4.40103,"longitude":105.09704,"bright_ti4":349.07,"scan":0.43,"track":0.38,"acq_date":"2021-10-08","acq_time":637,"satellite":"N","instrument":"VIIRS","confidence":"n","version":2,"bright_ti5":302.89,"frp":13.02,"daynight":"D","type":0},"geometry":{"type":"Point","coordinates":[105.09704,-4.40103]}},
{"type":"Feature","properties":{"latitude":-4.39982,"longitude":105.10474,"bright_ti4":332.91,"scan":0.43,"track":0.38,"acq_date":"2021-10-08","acq_time":637,"satellite":"N","instrument":"VIIRS","confidence":"n","version":2,"bright_ti5":294.78,"frp":7.03,"daynight":"D","type":0},"geometry":{"type":"Point","coordinates":[105.10474,-4.39982]}},
{"type":"Feature","properties":{"latitude":-4.40755,"longitude":105.07832,"bright_ti4":336.41,"scan":0.43,"track":0.38,"acq_date":"2021-10-08","acq_time":637,"satellite":"N","instrument":"VIIRS","confidence":"n","version":2,"bright_ti5":302.18,"frp":4.03,"daynight":"D","type":0},"geometry":{"type":"Point","coordinates":[105.07832,-4.40755]}},
{"type":"Feature","properties":{"latitude":-4.40453,"longitude":105.09757,"bright_ti4":355.31,"scan":0.43,"track":0.38,"acq_date":"2021-10-08","acq_time":637,"satellite":"N","instrument":"VIIRS","confidence":"n","version":2,"bright_ti5":303.35,"frp":13.02,"daynight":"D","type":0},"geometry":{"type":"Point","coordinates":[105.09757,-4.40453]}},
{"type":"Feature","properties":{"latitude":-4.40837,"longitude":105.14165,"bright_ti4":341.18,"scan":0.43,"track":0.38,"acq_date":"2021-10-08","acq_time":637,"satellite":"N","instrument":"VIIRS","confidence":"n","version":2,"bright_ti5":299.82,"frp":4.96,"daynight":"D","type":0},"geometry":{"type":"Point","coordinates":[105.14165,-4.40837]}},
{"type":"Feature","properties":{"latitude":-4.4556,"longitude":105.16082,"bright_ti4":332.57,"scan":0.43,"track":0.38,"acq_date":"2021-10-08","acq_time":637,"satellite":"N","instrument":"VIIRS","confidence":"n","version":2,"bright_ti5":300.18,"frp":2.04,"daynight":"D","type":0},"geometry":{"type":"Point","coordinates":[105.16082,-4.4556]}},
{"type":"Feature","properties":{"latitude":-4.39475,"longitude":104.96753,"bright_ti4":305.53,"scan":0.41,"track":0.6,"acq_date":"2021-10-09","acq_time":1901,"satellite":"N","instrument":"VIIRS","confidence":"n","version":2,"bright_ti5":290.57,"frp":0.7,"daynight":"N","type":0},"geometry":{"type":"Point","coordinates":[104.96753,-4.39475]}},
{"type":"Feature","properties":{"latitude":-4.40975,"longitude":104.93222,"bright_ti4":340.22,"scan":0.33,"track":0.56,"acq_date":"2021-10-12","acq_time":702,"satellite":"N","instrument":"VIIRS","confidence":"n","version":2,"bright_ti5":288.75,"frp":3.0,"daynight":"D","type":0},"geometry":{"type":"Point","coordinates":[104.93222,-4.40975]}},
{"type":"Feature","properties":{"latitude":-4.20166,"longitude":104.95216,"bright_ti4":304.98,"scan":0.47,"track":0.4,"acq_date":"2021-10-21","acq_time":1836,"satellite":"N","instrument":"VIIRS","confidence":"n","version":2,"bright_ti5":291.78,"frp":0.86,"daynight":"N","type":0},"geometry":{"type":"Point","coordinates":[104.95216,-4.20166]}},
{"type":"Feature","properties":{"latitude":-4.20533,"longitude":104.95159,"bright_ti4":305.03,"scan":0.47,"track":0.4,"acq_date":"2021-10-21","acq_time":1836,"satellite":"N","instrument":"VIIRS","confidence":"n","version":2,"bright_ti5":291.71,"frp":0.87,"daynight":"N","type":0},"geometry":{"type":"Point","coordinates":[104.95159,-4.20533]}},
{"type":"Feature","properties":{"latitude":-4.38929,"longitude":104.95469,"bright_ti4":336.68,"scan":0.42,"track":0.38,"acq_date":"2021-10-24","acq_time":637,"satellite":"N","instrument":"VIIRS","confidence":"n","version":2,"bright_ti5":293.15,"frp":4.69,"daynight":"D","type":0},"geometry":{"type":"Point","coordinates":[104.95469,-4.38929]}},
{"type":"Feature","properties":{"latitude":-4.39079,"longitude":105.06011,"bright_ti4":333.15,"scan":0.39,"track":0.36,"acq_date":"2021-11-20","acq_time":631,"satellite":"N","instrument":"VIIRS","confidence":"n","version":2,"bright_ti5":295.69,"frp":3.43,"daynight":"D","type":0},"geometry":{"type":"Point","coordinates":[105.06011,-4.39079]}},
{"type":"Feature","properties":{"latitude":-4.41117,"longitude":105.10635,"bright_ti4":338.93,"scan":0.39,"track":0.36,"acq_date":"2021-11-20","acq_time":631,"satellite":"N","instrument":"VIIRS","confidence":"n","version":2,"bright_ti5":293.54,"frp":14.94,"daynight":"D","type":0},"geometry":{"type":"Point","coordinates":[105.10635,-4.41117]}},
{"type":"Feature","properties":{"latitude":-4.41452,"longitude":105.10685,"bright_ti4":344.3,"scan":0.39,"track":0.36,"acq_date":"2021-11-20","acq_time":631,"satellite":"N","instrument":"VIIRS","confidence":"n","version":2,"bright_ti5":295.6,"frp":14.94,"daynight":"D","type":0},"geometry":{"type":"Point","coordinates":[105.10685,-4.41452]}},
{"type":"Feature","properties":{"latitude":-4.40463,"longitude":104.99382,"bright_ti4":334.29,"scan":0.43,"track":0.38,"acq_date":"2021-11-25","acq_time":637,"satellite":"N","instrument":"VIIRS","confidence":"n","version":2,"bright_ti5":297.41,"frp":4.04,"daynight":"D","type":0},"geometry":{"type":"Point","coordinates":[104.99382,-4.40463]}},
{"type":"Feature","properties":{"latitude":-4.20984,"longitude":104.92927,"bright_ti4":332.64,"scan":0.51,"track":0.41,"acq_date":"2021-11-30","acq_time":644,"satellite":"N","instrument":"VIIRS","confidence":"n","version":2,"bright_ti5":293.4,"frp":2.73,"daynight":"D","type":0},"geometry":{"type":"Point","coordinates":[104.92927,-4.20984]}},
{"type":"Feature","properties":{"latitude":-4.41409,"longitude":105.05707,"bright_ti4":334.14,"scan":0.39,"track":0.36,"acq_date":"2021-12-01","acq_time":625,"satellite":"N","instrument":"VIIRS","confidence":"n","version":2,"bright_ti5":297.66,"frp":2.51,"daynight":"D","type":0},"geometry":{"type":"Point","coordinates":[105.05707,-4.41409]}},
{"type":"Feature","properties":{"latitude":-4.40373,"longitude":105.08057,"bright_ti4":330.33,"scan":0.39,"track":0.36,"acq_date":"2021-12-01","acq_time":625,"satellite":"N","instrument":"VIIRS","confidence":"n","version":2,"bright_ti5":298.99,"frp":2.04,"daynight":"D","type":0},"geometry":{"type":"Point","coordinates":[105.08057,-4.40373]}},
{"type":"Feature","properties":{"latitude":-4.39599,"longitude":105.08658,"bright_ti4":344.24,"scan":0.39,"track":0.36,"acq_date":"2021-12-01","acq_time":625,"satellite":"N","instrument":"VIIRS","confidence":"n","version":2,"bright_ti5":301.11,"frp":14.39,"daynight":"D","type":0},"geometry":{"type":"Point","coordinates":[105.08658,-4.39599]}},
{"type":"Feature","properties":{"latitude":-4.39188,"longitude":105.00224,"bright_ti4":342.57,"scan":0.42,"track":0.46,"acq_date":"2021-12-02","acq_time":606,"satellite":"N","instrument":"VIIRS","confidence":"n","version":2,"bright_ti5":283.25,"frp":5.54,"daynight":"D","type":0},"geometry":{"type":"Point","coordinates":[105.00224,-4.39188]}},
{"type":"Feature","properties":{"latitude":-4.97262,"longitude":103.79948,"bright_ti4":335.15,"scan":0.44,"track":0.62,"acq_date":"2021-01-23","acq_time":713,"satellite":"N","instrument":"VIIRS","confidence":"n","version":2,"bright_ti5":289.9,"frp":4.71,"daynight":"D","type":0},"geometry":{"type":"Point","coordinates":[103.79948,-4.97262]}},
{"type":"Feature","properties":{"latitude":-4.93596,"longitude":103.64662,"bright_ti4":333.46,"scan":0.39,"track":0.36,"acq_date":"2021-03-14","acq_time":635,"satellite":"N","instrument":"VIIRS","confidence":"n","version":2,"bright_ti5":293.4,"frp":8.3,"daynight":"D","type":0},"geometry":{"type":"Point","coordinates":[103.64662,-4.93596]}},
{"type":"Feature","properties":{"latitude":-5.25735,"longitude":104.28271,"bright_ti4":335.28,"scan":0.4,"track":0.37,"acq_date":"2021-03-14","acq_time":635,"satellite":"N","instrument":"VIIRS","confidence":"n","version":2,"bright_ti5":270.52,"frp":6.47,"daynight":"D","type":0},"geometry":{"type":"Point","coordinates":[104.28271,-5.25735]}},
{"type":"Feature","properties":{"latitude":-5.29754,"longitude":104.06427,"bright_ti4":341.6,"scan":0.55,"track":0.51,"acq_date":"2021-05-21","acq_time":700,"satellite":"N","instrument":"VIIRS","confidence":"n","version":2,"bright_ti5":290.63,"frp":11.34,"daynight":"D","type":0},"geometry":{"type":"Point","coordinates":[104.06427,-5.29754]}},
{"type":"Feature","properties":{"latitude":-5.62969,"longitude":104.59049,"bright_ti4":329.0,"scan":0.4,"track":0.6,"acq_date":"2021-05-30","acq_time":551,"satellite":"N","instrument":"VIIRS","confidence":"n","version":2,"bright_ti5":288.91,"frp":2.82,"daynight":"D","type":0},"geometry":{"type":"Point","coordinates":[104.59049,-5.62969]}},
{"type":"Feature","properties":{"latitude":-5.30861,"longitude":104.47688,"bright_ti4":330.4,"scan":0.49,"track":0.65,"acq_date":"2021-07-02","acq_time":713,"satellite":"N","instrument":"VIIRS","confidence":"n","version":2,"bright_ti5":289.24,"frp":4.11,"daynight":"D","type":0},"geometry":{"type":"Point","coordinates":[104.47688,-5.30861]}},
{"type":"Feature","properties":{"latitude":-5.4087,"longitude":104.12414,"bright_ti4":367.0,"scan":0.33,"track":0.55,"acq_date":"2021-07-06","acq_time":558,"satellite":"N","instrument":"VIIRS","confidence":"h","version":2,"bright_ti5":296.76,"frp":4.98,"daynight":"D","type":0},"geometry":{"type":"Point","coordinates":[104.12414,-5.4087]}},
{"type":"Feature","properties":{"latitude":-5.40667,"longitude":104.12488,"bright_ti4":349.59,"scan":0.33,"track":0.55,"acq_date":"2021-07-06","acq_time":558,"satellite":"N","instrument":"VIIRS","confidence":"n","version":2,"bright_ti5":296.12,"frp":4.96,"daynight":"D","type":0},"geometry":{"type":"Point","coordinates":[104.12488,-5.40667]}},
{"type":"Feature","properties":{"latitude":-5.30182,"longitude":104.0667,"bright_ti4":345.72,"scan":0.44,"track":0.46,"acq_date":"2021-07-19","acq_time":655,"satellite":"N","instrument":"VIIRS","confidence":"n","version":2,"bright_ti5":295.42,"frp":7.16,"daynight":"D","type":0},"geometry":{"type":"Point","coordinates":[104.0667,-5.30182]}},
{"type":"Feature","properties":{"latitude":-4.98242,"longitude":104.22026,"bright_ti4":332.9,"scan":0.5,"track":0.49,"acq_date":"2021-07-27","acq_time":604,"satellite":"N","instrument":"VIIRS","confidence":"n","version":2,"bright_ti5":299.53,"frp":12.32,"daynight":"D","type":0},"geometry":{"type":"Point","coordinates":[104.22026,-4.98242]}},
{"type":"Feature","properties":{"latitude":-4.98174,"longitude":104.22503,"bright_ti4":339.71,"scan":0.5,"track":0.49,"acq_date":"2021-07-27","acq_time":604,"satellite":"N","instrument":"VIIRS","confidence":"n","version":2,"bright_ti5":298.21,"frp":13.76,"daynight":"D","type":0},"geometry":{"type":"Point","coordinates":[104.22503,-4.98174]}},
{"type":"Feature","properties":{"latitude":-5.60008,"longitude":104.35268,"bright_ti4":334.64,"scan":0.54,"track":0.42,"acq_date":"2021-07-30","acq_time":648,"satellite":"N","instrument":"VIIRS","confidence":"n","version":2,"bright_ti5":295.14,"frp":5.72,"daynight":"D","type":0},"geometry":{"type":"Point","coordinates":[104.35268,-5.60008]}},
{"type":"Feature","properties":{"latitude":-5.6116,"longitude":104.54651,"bright_ti4":348.22,"scan":0.48,"track":0.48,"acq_date":"2021-08-12","acq_time":604,"satellite":"N","instrument":"VIIRS","confidence":"n","version":2,"bright_ti5":296.25,"frp":11.11,"daynight":"D","type":0},"geometry":{"type":"Point","coordinates":[104.54651,-5.6116]}},
{"type":"Feature","properties":{"latitude":-5.74091,"longitude":104.44359,"bright_ti4":334.4,"scan":0.38,"track":0.36,"acq_date":"2021-08-16","acq_time":630,"satellite":"N","instrument":"VIIRS","confidence":"n","version":2,"bright_ti5":298.85,"frp":2.47,"daynight":"D","type":0},"geometry":{"type":"Point","coordinates":[104.44359,-5.74091]}},
{"type":"Feature","properties":{"latitude":-5.24641,"longitude":104.26509,"bright_ti4":340.28,"scan":0.39,"track":0.44,"acq_date":"2021-08-17","acq_time":611,"satellite":"N","instrument":"VIIRS","confidence":"n","version":2,"bright_ti5":295.81,"frp":5.64,"daynight":"D","type":1},"geometry":{"type":"Point","coordinates":[104.26509,-5.24641]}},
{"type":"Feature","properties":{"latitude":-5.51472,"longitude":104.2442,"bright_ti4":329.3,"scan":0.39,"track":0.44,"acq_date":"2021-08-17","acq_time":611,"satellite":"N","instrument":"VIIRS","confidence":"n","version":2,"bright_ti5":294.82,"frp":1.43,"daynight":"D","type":0},"geometry":{"type":"Point","coordinates":[104.2442,-5.51472]}},
{"type":"Feature","properties":{"latitude":-5.72885,"longitude":104.42926,"bright_ti4":340.26,"scan":0.63,"track":0.54,"acq_date":"2021-08-23","acq_time":558,"satellite":"N","instrument":"VIIRS","confidence":"n","version":2,"bright_ti5":292.41,"frp":5.98,"daynight":"D","type":0},"geometry":{"type":"Point","coordinates":[104.42926,-5.72885]}},
{"type":"Feature","properties":{"latitude":-5.03519,"longitude":104.11908,"bright_ti4":330.33,"scan":0.45,"track":0.39,"acq_date":"2021-08-26","acq_time":642,"satellite":"N","instrument":"VIIRS","confidence":"n","version":2,"bright_ti5":298.68,"frp":5.35,"daynight":"D","type":0},"geometry":{"type":"Point","coordinates":[104.11908,-5.03519]}},
{"type":"Feature","properties":{"latitude":-5.26301,"longitude":104.28644,"bright_ti4":333.51,"scan":0.41,"track":0.37,"acq_date":"2021-08-27","acq_time":624,"satellite":"N","instrument":"VIIRS","confidence":"n","version":2,"bright_ti5":299.22,"frp":4.24,"daynight":"D","type":0},"geometry":{"type":"Point","coordinates":[104.28644,-5.26301]}},
{"type":"Feature","properties":{"latitude":-5.21026,"longitude":103.98819,"bright_ti4":331.57,"scan":0.42,"track":0.38,"acq_date":"2021-08-27","acq_time":624,"satellite":"N","instrument":"VIIRS","confidence":"n","version":2,"bright_ti5":297.36,"frp":3.38,"daynight":"D","type":0},"geometry":{"type":"Point","coordinates":[103.98819,-5.21026]}},
{"type":"Feature","properties":{"latitude":-5.51766,"longitude":104.25058,"bright_ti4":331.77,"scan":0.58,"track":0.52,"acq_date":"2021-09-10","acq_time":701,"satellite":"N","instrument":"VIIRS","confidence":"n","version":2,"bright_ti5":295.75,"frp":2.28,"daynight":"D","type":0},"geometry":{"type":"Point","coordinates":[104.25058,-5.51766]}},
{"type":"Feature","properties":{"latitude":-5.59268,"longitude":104.35562,"bright_ti4":330.05,"scan":0.55,"track":0.42,"acq_date":"2021-09-16","acq_time":649,"satellite":"N","instrument":"VIIRS","confidence":"n","version":2,"bright_ti5":292.03,"frp":5.25,"daynight":"D","type":0},"geometry":{"type":"Point","coordinates":[104.35562,-5.59268]}},
{"type":"Feature","properties":{"latitude":-5.59349,"longitude":104.35069,"bright_ti4":332.27,"scan":0.55,"track":0.42,"acq_date":"2021-09-16","acq_time":649,"satellite":"N","instrument":"VIIRS","confidence":"n","version":2,"bright_ti5":294.3,"frp":5.61,"daynight":"D","type":0},"geometry":{"type":"Point","coordinates":[104.35069,-5.59349]}},
{"type":"Feature","properties":{"latitude":-5.59325,"longitude":104.35365,"bright_ti4":346.26,"scan":0.55,"track":0.43,"acq_date":"2021-09-16","acq_time":649,"satellite":"N","instrument":"VIIRS","confidence":"n","version":2,"bright_ti5":293.93,"frp":11.46,"daynight":"D","type":0},"geometry":{"type":"Point","coordinates":[104.35365,-5.59325]}},
{"type":"Feature","properties":{"latitude":-5.57758,"longitude":104.35104,"bright_ti4":344.04,"scan":0.55,"track":0.43,"acq_date":"2021-09-16","acq_time":649,"satellite":"N","instrument":"VIIRS","confidence":"n","version":2,"bright_ti5":293.9,"frp":18.43,"daynight":"D","type":0},"geometry":{"type":"Point","coordinates":[104.35104,-5.57758]}},
{"type":"Feature","properties":{"latitude":-5.22095,"longitude":103.98602,"bright_ti4":334.39,"scan":0.53,"track":0.42,"acq_date":"2021-09-16","acq_time":649,"satellite":"N","instrument":"VIIRS","confidence":"n","version":2,"bright_ti5":293.69,"frp":10.39,"daynight":"D","type":0},"geometry":{"type":"Point","coordinates":[103.98602,-5.22095]}},
{"type":"Feature","properties":{"latitude":-5.22289,"longitude":103.98895,"bright_ti4":342.99,"scan":0.53,"track":0.42,"acq_date":"2021-09-16","acq_time":649,"satellite":"N","instrument":"VIIRS","confidence":"n","version":2,"bright_ti5":293.12,"frp":6.47,"daynight":"D","type":0},"geometry":{"type":"Point","coordinates":[103.98895,-5.22289]}},
{"type":"Feature","properties":{"latitude":-5.42039,"longitude":104.24192,"bright_ti4":336.58,"scan":0.4,"track":0.37,"acq_date":"2021-09-22","acq_time":636,"satellite":"N","instrument":"VIIRS","confidence":"n","version":2,"bright_ti5":297.07,"frp":7.57,"daynight":"D","type":0},"geometry":{"type":"Point","coordinates":[104.24192,-5.42039]}},
{"type":"Feature","properties":{"latitude":-5.57654,"longitude":104.36301,"bright_ti4":332.26,"scan":0.4,"track":0.37,"acq_date":"2021-09-22","acq_time":636,"satellite":"N","instrument":"VIIRS","confidence":"n","version":2,"bright_ti5":294.65,"frp":5.65,"daynight":"D","type":0},"geometry":{"type":"Point","coordinates":[104.36301,-5.57654]}},
{"type":"Feature","properties":{"latitude":-5.21399,"longitude":103.98756,"bright_ti4":327.17,"scan":0.33,"track":0.55,"acq_date":"2021-10-10","acq_time":559,"satellite":"N","instrument":"VIIRS","confidence":"n","version":2,"bright_ti5":291.89,"frp":2.4,"daynight":"D","type":0},"geometry":{"type":"Point","coordinates":[103.98756,-5.21399]}},
{"type":"Feature","properties":{"latitude":-4.85096,"longitude":104.40327,"bright_ti4":335.76,"scan":0.4,"track":0.37,"acq_date":"2021-10-24","acq_time":637,"satellite":"N","instrument":"VIIRS","confidence":"n","version":2,"bright_ti5":295.43,"frp":3.44,"daynight":"D","type":0},"geometry":{"type":"Point","coordinates":[104.40327,-4.85096]}},
{"type":"Feature","properties":{"latitude":-5.36718,"longitude":104.44855,"bright_ti4":332.79,"scan":0.4,"track":0.37,"acq_date":"2021-11-25","acq_time":637,"satellite":"N","instrument":"VIIRS","confidence":"n","version":2,"bright_ti5":292.3,"frp":2.46,"daynight":"D","type":0},"geometry":{"type":"Point","coordinates":[104.44855,-5.36718]}},
{"type":"Feature","properties":{"latitude":-5.29621,"longitude":104.07365,"bright_ti4":335.64,"scan":0.53,"track":0.67,"acq_date":"2021-12-03","acq_time":547,"satellite":"N","instrument":"VIIRS","confidence":"n","version":2,"bright_ti5":280.83,"frp":4.68,"daynight":"D","type":0},"geometry":{"type":"Point","coordinates":[104.07365,-5.29621]}},
{"type":"Feature","properties":{"latitude":-3.78552,"longitude":105.34898,"bright_ti4":332.63,"scan":0.39,"track":0.36,"acq_date":"2021-02-21","acq_time":629,"satellite":"N","instrument":"VIIRS","confidence":"n","version":2,"bright_ti5":297.39,"frp":2.79,"daynight":"D","type":0},"geometry":{"type":"Point","coordinates":[105.34898,-3.78552]}},
{"type":"Feature","properties":{"latitude":-3.92274,"longitude":105.38479,"bright_ti4":333.04,"scan":0.39,"track":0.36,"acq_date":"2021-02-21","acq_time":629,"satellite":"N","instrument":"VIIRS","confidence":"n","version":2,"bright_ti5":294.65,"frp":2.8,"daynight":"D","type":0},"geometry":{"type":"Point","coordinates":[105.38479,-3.92274]}},
{"type":"Feature","properties":{"latitude":-3.8194,"longitude":105.33487,"bright_ti4":342.76,"scan":0.34,"track":0.56,"acq_date":"2021-04-28","acq_time":551,"satellite":"N","instrument":"VIIRS","confidence":"n","version":2,"bright_ti5":284.76,"frp":3.15,"daynight":"D","type":0},"geometry":{"type":"Point","coordinates":[105.33487,-3.8194]}},
{"type":"Feature","properties":{"latitude":-4.07814,"longitude":105.60388,"bright_ti4":338.38,"scan":0.4,"track":0.44,"acq_date":"2021-05-08","acq_time":604,"satellite":"N","instrument":"VIIRS","confidence":"n","version":2,"bright_ti5":286.11,"frp":6.66,"daynight":"D","type":0},"geometry":{"type":"Point","coordinates":[105.60388,-4.07814]}},
{"type":"Feature","properties":{"latitude":-4.10175,"longitude":105.43881,"bright_ti4":333.11,"scan":0.41,"track":0.45,"acq_date":"2021-05-24","acq_time":604,"satellite":"N","instrument":"VIIRS","confidence":"n","version":2,"bright_ti5":294.21,"frp":3.68,"daynight":"D","type":0},"geometry":{"type":"Point","coordinates":[105.43881,-4.10175]}},
{"type":"Feature","properties":{"latitude":-3.94067,"longitude":105.42267,"bright_ti4":339.2,"scan":0.39,"track":0.36,"acq_date":"2021-06-08","acq_time":623,"satellite":"N","instrument":"VIIRS","confidence":"n","version":2,"bright_ti5":293.59,"frp":4.05,"daynight":"D","type":0},"geometry":{"type":"Point","coordinates":[105.42267,-3.94067]}},
{"type":"Feature","properties":{"latitude":-3.80756,"longitude":105.4016,"bright_ti4":332.5,"scan":0.42,"track":0.37,"acq_date":"2021-07-05","acq_time":617,"satellite":"N","instrument":"VIIRS","confidence":"n","version":2,"bright_ti5":297.1,"frp":5.15,"daynight":"D","type":0},"geometry":{"type":"Point","coordinates":[105.4016,-3.80756]}},
{"type":"Feature","properties":{"latitude":-4.22606,"longitude":105.28646,"bright_ti4":303.92,"scan":0.53,"track":0.42,"acq_date":"2021-07-08","acq_time":1804,"satellite":"N","instrument":"VIIRS","confidence":"n","version":2,"bright_ti5":289.88,"frp":0.99,"daynight":"N","type":0},"geometry":{"type":"Point","coordinates":[105.28646,-4.22606]}},
{"type":"Feature","properties":{"latitude":-3.84432,"longitude":105.36396,"bright_ti4":340.12,"scan":0.49,"track":0.4,"acq_date":"2021-07-16","acq_time":611,"satellite":"N","instrument":"VIIRS","confidence":"n","version":2,"bright_ti5":297.71,"frp":9.83,"daynight":"D","type":0},"geometry":{"type":"Point","coordinates":[105.36396,-3.84432]}},
{"type":"Feature","properties":{"latitude":-3.86601,"longitude":105.4128,"bright_ti4":330.81,"scan":0.57,"track":0.52,"acq_date":"2021-07-19","acq_time":655,"satellite":"N","instrument":"VIIRS","confidence":"n","version":2,"bright_ti5":268.97,"frp":4.41,"daynight":"D","type":0},"geometry":{"type":"Point","coordinates":[105.4128,-3.86601]}},
{"type":"Feature","properties":{"latitude":-4.21355,"longitude":105.30052,"bright_ti4":332.78,"scan":0.55,"track":0.68,"acq_date":"2021-07-23","acq_time":539,"satellite":"N","instrument":"VIIRS","confidence":"n","version":2,"bright_ti5":288.27,"frp":5.17,"daynight":"D","type":0},"geometry":{"type":"Point","coordinates":[105.30052,-4.21355]}},
{"type":"Feature","properties":{"latitude":-4.0827,"longitude":105.42982,"bright_ti4":332.76,"scan":0.53,"track":0.42,"acq_date":"2021-07-25","acq_time":642,"satellite":"N","instrument":"VIIRS","confidence":"n","version":2,"bright_ti5":300.87,"frp":3.72,"daynight":"D","type":0},"geometry":{"type":"Point","coordinates":[105.42982,-4.0827]}},
{"type":"Feature","properties":{"latitude":-4.08678,"longitude":105.30343,"bright_ti4":333.24,"scan":0.52,"track":0.42,"acq_date":"2021-07-25","acq_time":642,"satellite":"N","instrument":"VIIRS","confidence":"n","version":2,"bright_ti5":298.59,"frp":4.71,"daynight":"D","type":0},"geometry":{"type":"Point","coordinates":[105.30343,-4.08678]}},
{"type":"Feature","properties":{"latitude":-4.12723,"longitude":105.50477,"bright_ti4":305.27,"scan":0.35,"track":0.57,"acq_date":"2021-07-25","acq_time":1745,"satellite":"N","instrument":"VIIRS","confidence":"n","version":2,"bright_ti5":292.43,"frp":0.47,"daynight":"N","type":0},"geometry":{"type":"Point","coordinates":[105.50477,-4.12723]}},
{"type":"Feature","properties":{"latitude":-3.80087,"longitude":105.39972,"bright_ti4":341.76,"scan":0.39,"track":0.36,"acq_date":"2021-07-26","acq_time":624,"satellite":"N","instrument":"VIIRS","confidence":"n","version":2,"bright_ti5":302.99,"frp":3.83,"daynight":"D","type":0},"geometry":{"type":"Point","coordinates":[105.39972,-3.80087]}},
{"type":"Feature","properties":{"latitude":-3.80034,"longitude":105.40318,"bright_ti4":332.69,"scan":0.39,"track":0.36,"acq_date":"2021-07-26","acq_time":624,"satellite":"N","instrument":"VIIRS","confidence":"n","version":2,"bright_ti5":301.99,"frp":3.83,"daynight":"D","type":0},"geometry":{"type":"Point","coordinates":[105.40318,-3.80034]}},
{"type":"Feature","properties":{"latitude":-3.85695,"longitude":105.41167,"bright_ti4":343.55,"scan":0.39,"track":0.36,"acq_date":"2021-07-26","acq_time":624,"satellite":"N","instrument":"VIIRS","confidence":"n","version":2,"bright_ti5":304.34,"frp":3.75,"daynight":"D","type":0},"geometry":{"type":"Point","coordinates":[105.41167,-3.85695]}},
{"type":"Feature","properties":{"latitude":-3.86309,"longitude":105.41615,"bright_ti4":344.84,"scan":0.39,"track":0.36,"acq_date":"2021-07-26","acq_time":624,"satellite":"N","instrument":"VIIRS","confidence":"n","version":2,"bright_ti5":303.61,"frp":4.14,"daynight":"D","type":0},"geometry":{"type":"Point","coordinates":[105.41615,-3.86309]}},
{"type":"Feature","properties":{"latitude":-4.08579,"longitude":105.21623,"bright_ti4":337.6,"scan":0.39,"track":0.36,"acq_date":"2021-07-26","acq_time":624,"satellite":"N","instrument":"VIIRS","confidence":"n","version":2,"bright_ti5":306.2,"frp":4.67,"daynight":"D","type":0},"geometry":{"type":"Point","coordinates":[105.21623,-4.08579]}},
{"type":"Feature","properties":{"latitude":-4.08913,"longitude":105.21673,"bright_ti4":342.8,"scan":0.39,"track":0.36,"acq_date":"2021-07-26","acq_time":624,"satellite":"N","instrument":"VIIRS","confidence":"n","version":2,"bright_ti5":307.48,"frp":5.92,"daynight":"D","type":0},"geometry":{"type":"Point","coordinates":[105.21673,-4.08913]}},
{"type":"Feature","properties":{"latitude":-4.08915,"longitude":105.39198,"bright_ti4":341.37,"scan":0.39,"track":0.36,"acq_date":"2021-07-26","acq_time":624,"satellite":"N","instrument":"VIIRS","confidence":"n","version":2,"bright_ti5":303.1,"frp":2.77,"daynight":"D","type":0},"geometry":{"type":"Point","coordinates":[105.39198,-4.08915]}},
{"type":"Feature","properties":{"latitude":-4.12006,"longitude":105.50317,"bright_ti4":341.25,"scan":0.39,"track":0.36,"acq_date":"2021-07-26","acq_time":624,"satellite":"N","instrument":"VIIRS","confidence":"n","version":2,"bright_ti5":304.46,"frp":6.44,"daynight":"D","type":0},"geometry":{"type":"Point","coordinates":[105.50317,-4.12006]}},
{"type":"Feature","properties":{"latitude":-4.03733,"longitude":105.23466,"bright_ti4":331.18,"scan":0.45,"track":0.63,"acq_date":"2021-07-29","acq_time":707,"satellite":"N","instrument":"VIIRS","confidence":"n","version":2,"bright_ti5":290.59,"frp":2.47,"daynight":"D","type":0},"geometry":{"type":"Point","coordinates":[105.23466,-4.03733]}},
{"type":"Feature","properties":{"latitude":-3.85269,"longitude":105.3391,"bright_ti4":336.46,"scan":0.44,"track":0.46,"acq_date":"2021-07-30","acq_time":649,"satellite":"N","instrument":"VIIRS","confidence":"n","version":2,"bright_ti5":298.53,"frp":4.08,"daynight":"D","type":0},"geometry":{"type":"Point","coordinates":[105.3391,-3.85269]}},
{"type":"Feature","properties":{"latitude":-3.8405,"longitude":105.41566,"bright_ti4":338.82,"scan":0.45,"track":0.47,"acq_date":"2021-07-30","acq_time":649,"satellite":"N","instrument":"VIIRS","confidence":"n","version":2,"bright_ti5":299.0,"frp":7.84,"daynight":"D","type":0},"geometry":{"type":"Point","coordinates":[105.41566,-3.8405]}},
{"type":"Feature","properties":{"latitude":-4.0966,"longitude":105.38173,"bright_ti4":333.24,"scan":0.44,"track":0.46,"acq_date":"2021-07-30","acq_time":649,"satellite":"N","instrument":"VIIRS","confidence":"n","version":2,"bright_ti5":296.82,"frp":1.72,"daynight":"D","type":0},"geometry":{"type":"Point","coordinates":[105.38173,-4.0966]}},
{"type":"Feature","properties":{"latitude":-4.09459,"longitude":105.42253,"bright_ti4":336.47,"scan":0.44,"track":0.46,"acq_date":"2021-07-30","acq_time":649,"satellite":"N","instrument":"VIIRS","confidence":"n","version":2,"bright_ti5":298.57,"frp":6.23,"daynight":"D","type":0},"geometry":{"type":"Point","coordinates":[105.42253,-4.09459]}},
{"type":"Feature","properties":{"latitude":-3.84627,"longitude":105.32523,"bright_ti4":333.37,"scan":0.49,"track":0.4,"acq_date":"2021-08-01","acq_time":611,"satellite":"N","instrument":"VIIRS","confidence":"n","version":2,"bright_ti5":295.36,"frp":6.88,"daynight":"D","type":0},"geometry":{"type":"Point","coordinates":[105.32523,-3.84627]}},
{"type":"Feature","properties":{"latitude":-4.19613,"longitude":105.46609,"bright_ti4":333.74,"scan":0.42,"track":0.37,"acq_date":"2021-08-06","acq_time":617,"satellite":"N","instrument":"VIIRS","confidence":"n","version":2,"bright_ti5":295.08,"frp":3.03,"daynight":"D","type":0},"geometry":{"type":"Point","coordinates":[105.46609,-4.19613]}},
{"type":"Feature","properties":{"latitude":-4.09922,"longitude":105.39259,"bright_ti4":332.05,"scan":0.36,"track":0.58,"acq_date":"2021-08-09","acq_time":701,"satellite":"N","instrument":"VIIRS","confidence":"n","version":2,"bright_ti5":294.12,"frp":3.23,"daynight":"D","type":0},"geometry":{"type":"Point","coordinates":[105.39259,-4.09922]}},
{"type":"Feature","properties":{"latitude":-3.84574,"longitude":105.36324,"bright_ti4":342.27,"scan":0.36,"track":0.58,"acq_date":"2021-08-09","acq_time":701,"satellite":"N","instrument":"VIIRS","confidence":"n","version":2,"bright_ti5":294.08,"frp":8.11,"daynight":"D","type":0},"geometry":{"type":"Point","coordinates":[105.36324,-3.84574]}},
{"type":"Feature","properties":{"latitude":-4.09756,"longitude":105.38785,"bright_ti4":332.05,"scan":0.36,"track":0.57,"acq_date":"2021-08-09","acq_time":701,"satellite":"N","instrument":"VIIRS","confidence":"n","version":2,"bright_ti5":293.89,"frp":3.48,"daynight":"D","type":0},"geometry":{"type":"Point","coordinates":[105.38785,-4.09756]}},
{"type":"Feature","properties":{"latitude":-4.21642,"longitude":105.29378,"bright_ti4":304.6,"scan":0.53,"track":0.42,"acq_date":"2021-08-09","acq_time":1804,"satellite":"N","instrument":"VIIRS","confidence":"n","version":2,"bright_ti5":291.02,"frp":0.63,"daynight":"N","type":0},"geometry":{"type":"Point","coordinates":[105.29378,-4.21642]}},
{"type":"Feature","properties":{"latitude":-3.83489,"longitude":105.40877,"bright_ti4":339.45,"scan":0.5,"track":0.49,"acq_date":"2021-08-23","acq_time":559,"satellite":"N","instrument":"VIIRS","confidence":"n","version":2,"bright_ti5":293.83,"frp":5.33,"daynight":"D","type":0},"geometry":{"type":"Point","coordinates":[105.40877,-3.83489]}},
{"type":"Feature","properties":{"latitude":-3.83517,"longitude":105.40746,"bright_ti4":338.33,"scan":0.51,"track":0.49,"acq_date":"2021-08-23","acq_time":559,"satellite":"N","instrument":"VIIRS","confidence":"n","version":2,"bright_ti5":293.88,"frp":5.99,"daynight":"D","type":0},"geometry":{"type":"Point","coordinates":[105.40746,-3.83517]}},
{"type":"Feature","properties":{"latitude":-3.82165,"longitude":105.3623,"bright_ti4":333.48,"scan":0.36,"track":0.58,"acq_date":"2021-08-25","acq_time":702,"satellite":"N","instrument":"VIIRS","confidence":"n","version":2,"bright_ti5":288.79,"frp":4.47,"daynight":"D","type":0},"geometry":{"type":"Point","coordinates":[105.3623,-3.82165]}},
{"type":"Feature","properties":{"latitude":-3.94372,"longitude":105.14905,"bright_ti4":337.59,"scan":0.52,"track":0.41,"acq_date":"2021-08-26","acq_time":643,"satellite":"N","instrument":"VIIRS","confidence":"n","version":2,"bright_ti5":299.23,"frp":4.6,"daynight":"D","type":0},"geometry":{"type":"Point","coordinates":[105.14905,-3.94372]}},
{"type":"Feature","properties":{"latitude":-3.94228,"longitude":105.1452,"bright_ti4":333.88,"scan":0.52,"track":0.41,"acq_date":"2021-08-26","acq_time":643,"satellite":"N","instrument":"VIIRS","confidence":"n","version":2,"bright_ti5":299.3,"frp":3.38,"daynight":"D","type":0},"geometry":{"type":"Point","coordinates":[105.1452,-3.94228]}},
{"type":"Feature","properties":{"latitude":-3.82576,"longitude":105.41023,"bright_ti4":338.27,"scan":0.54,"track":0.42,"acq_date":"2021-08-26","acq_time":643,"satellite":"N","instrument":"VIIRS","confidence":"n","version":2,"bright_ti5":294.72,"frp":4.73,"daynight":"D","type":0},"geometry":{"type":"Point","coordinates":[105.41023,-3.82576]}},
{"type":"Feature","properties":{"latitude":-3.81951,"longitude":105.37453,"bright_ti4":340.69,"scan":0.54,"track":0.42,"acq_date":"2021-08-26","acq_time":643,"satellite":"N","instrument":"VIIRS","confidence":"n","version":2,"bright_ti5":299.73,"frp":7.61,"daynight":"D","type":0},"geometry":{"type":"Point","coordinates":[105.37453,-3.81951]}},
{"type":"Feature","properties":{"latitude":-3.82028,"longitude":105.3697,"bright_ti4":330.39,"scan":0.54,"track":0.42,"acq_date":"2021-08-26","acq_time":643,"satellite":"N","instrument":"VIIRS","confidence":"n","version":2,"bright_ti5":294.89,"frp":4.13,"daynight":"D","type":0},"geometry":{"type":"Point","coordinates":[105.3697,-3.82028]}},
{"type":"Feature","properties":{"latitude":-3.99641,"longitude":105.41531,"bright_ti4":334.97,"scan":0.54,"track":0.42,"acq_date":"2021-08-26","acq_time":643,"satellite":"N","instrument":"VIIRS","confidence":"n","version":2,"bright_ti5":299.38,"frp":2.96,"daynight":"D","type":0},"geometry":{"type":"Point","coordinates":[105.41531,-3.99641]}},
{"type":"Feature","properties":{"latitude":-3.99665,"longitude":105.4184,"bright_ti4":333.64,"scan":0.54,"track":0.42,"acq_date":"2021-08-26","acq_time":643,"satellite":"N","instrument":"VIIRS","confidence":"n","version":2,"bright_ti5":298.29,"frp":3.62,"daynight":"D","type":0},"geometry":{"type":"Point","coordinates":[105.4184,-3.99665]}},
{"type":"Feature","properties":{"latitude":-4.09258,"longitude":105.40108,"bright_ti4":334.31,"scan":0.39,"track":0.36,"acq_date":"2021-08-27","acq_time":624,"satellite":"N","instrument":"VIIRS","confidence":"n","version":2,"bright_ti5":296.2,"frp":5.0,"daynight":"D","type":0},"geometry":{"type":"Point","coordinates":[105.40108,-4.09258]}},
{"type":"Feature","properties":{"latitude":-4.08925,"longitude":105.40058,"bright_ti4":347.88,"scan":0.39,"track":0.36,"acq_date":"2021-08-27","acq_time":624,"satellite":"N","instrument":"VIIRS","confidence":"n","version":2,"bright_ti5":298.06,"frp":5.0,"daynight":"D","type":0},"geometry":{"type":"Point","coordinates":[105.40058,-4.08925]}},
{"type":"Feature","properties":{"latitude":-4.08488,"longitude":105.40703,"bright_ti4":367.0,"scan":0.39,"track":0.36,"acq_date":"2021-08-27","acq_time":624,"satellite":"N","instrument":"VIIRS","confidence":"h","version":2,"bright_ti5":301.57,"frp":12.8,"daynight":"D","type":0},"geometry":{"type":"Point","coordinates":[105.40703,-4.08488]}},
{"type":"Feature","properties":{"latitude":-4.08155,"longitude":105.40652,"bright_ti4":354.98,"scan":0.39,"track":0.36,"acq_date":"2021-08-27","acq_time":624,"satellite":"N","instrument":"VIIRS","confidence":"n","version":2,"bright_ti5":300.56,"frp":12.8,"daynight":"D","type":0},"geometry":{"type":"Point","coordinates":[105.40652,-4.08155]}},
{"type":"Feature","properties":{"latitude":-3.86817,"longitude":105.31967,"bright_ti4":347.66,"scan":0.39,"track":0.36,"acq_date":"2021-08-27","acq_time":624,"satellite":"N","instrument":"VIIRS","confidence":"n","version":2,"bright_ti5":298.08,"frp":4.88,"daynight":"D","type":0},"geometry":{"type":"Point","coordinates":[105.31967,-3.86817]}},
{"type":"Feature","properties":{"latitude":-4.02143,"longitude":105.41025,"bright_ti4":330.52,"scan":0.39,"track":0.37,"acq_date":"2021-09-17","acq_time":630,"satellite":"N","instrument":"VIIRS","confidence":"n","version":2,"bright_ti5":297.36,"frp":2.03,"daynight":"D","type":0},"geometry":{"type":"Point","coordinates":[105.41025,-4.02143]}},
{"type":"Feature","properties":{"latitude":-3.83473,"longitude":105.45305,"bright_ti4":333.55,"scan":0.48,"track":0.4,"acq_date":"2021-09-18","acq_time":611,"satellite":"N","instrument":"VIIRS","confidence":"n","version":2,"bright_ti5":294.29,"frp":7.09,"daynight":"D","type":0},"geometry":{"type":"Point","coordinates":[105.45305,-3.83473]}},
{"type":"Feature","properties":{"latitude":-4.19257,"longitude":105.57351,"bright_ti4":307.88,"scan":0.39,"track":0.36,"acq_date":"2021-09-20","acq_time":1817,"satellite":"N","instrument":"VIIRS","confidence":"n","version":2,"bright_ti5":292.61,"frp":0.61,"daynight":"N","type":0},"geometry":{"type":"Point","coordinates":[105.57351,-4.19257]}},
{"type":"Feature","properties":{"latitude":-4.18895,"longitude":105.30022,"bright_ti4":306.35,"scan":0.39,"track":0.36,"acq_date":"2021-09-20","acq_time":1817,"satellite":"N","instrument":"VIIRS","confidence":"n","version":2,"bright_ti5":291.06,"frp":0.38,"daynight":"N","type":0},"geometry":{"type":"Point","coordinates":[105.30022,-4.18895]}},
{"type":"Feature","properties":{"latitude":-4.09763,"longitude":105.06519,"bright_ti4":331.93,"scan":0.54,"track":0.51,"acq_date":"2021-09-21","acq_time":655,"satellite":"N","instrument":"VIIRS","confidence":"n","version":2,"bright_ti5":296.3,"frp":6.0,"daynight":"D","type":0},"geometry":{"type":"Point","coordinates":[105.06519,-4.09763]}},
{"type":"Feature","properties":{"latitude":-3.80367,"longitude":105.42207,"bright_ti4":339.71,"scan":0.58,"track":0.52,"acq_date":"2021-09-21","acq_time":655,"satellite":"N","instrument":"VIIRS","confidence":"n","version":2,"bright_ti5":294.95,"frp":12.56,"daynight":"D","type":0},"geometry":{"type":"Point","coordinates":[105.42207,-3.80367]}},
{"type":"Feature","properties":{"latitude":-3.80453,"longitude":105.41684,"bright_ti4":343.04,"scan":0.58,"track":0.52,"acq_date":"2021-09-21","acq_time":655,"satellite":"N","instrument":"VIIRS","confidence":"n","version":2,"bright_ti5":295.28,"frp":12.56,"daynight":"D","type":0},"geometry":{"type":"Point","coordinates":[105.41684,-3.80453]}},
{"type":"Feature","properties":{"latitude":-3.93023,"longitude":105.20246,"bright_ti4":341.65,"scan":0.52,"track":0.5,"acq_date":"2021-09-24","acq_time":559,"satellite":"N","instrument":"VIIRS","confidence":"n","version":2,"bright_ti5":292.22,"frp":13.13,"daynight":"D","type":0},"geometry":{"type":"Point","coordinates":[105.20246,-3.93023]}},
{"type":"Feature","properties":{"latitude":-3.92953,"longitude":105.20721,"bright_ti4":333.68,"scan":0.52,"track":0.5,"acq_date":"2021-09-24","acq_time":559,"satellite":"N","instrument":"VIIRS","confidence":"n","version":2,"bright_ti5":292.17,"frp":12.43,"daynight":"D","type":0},"geometry":{"type":"Point","coordinates":[105.20721,-3.92953]}},
{"type":"Feature","properties":{"latitude":-4.07138,"longitude":105.2693,"bright_ti4":334.57,"scan":0.44,"track":0.46,"acq_date":"2021-10-02","acq_time":649,"satellite":"N","instrument":"VIIRS","confidence":"n","version":2,"bright_ti5":293.98,"frp":2.14,"daynight":"D","type":0},"geometry":{"type":"Point","coordinates":[105.2693,-4.07138]}},
{"type":"Feature","properties":{"latitude":-4.05679,"longitude":105.51083,"bright_ti4":334.76,"scan":0.4,"track":0.37,"acq_date":"2021-10-03","acq_time":630,"satellite":"N","instrument":"VIIRS","confidence":"n","version":2,"bright_ti5":297.26,"frp":3.89,"daynight":"D","type":0},"geometry":{"type":"Point","coordinates":[105.51083,-4.05679]}},
{"type":"Feature","properties":{"latitude":-3.80438,"longitude":105.3688,"bright_ti4":333.4,"scan":0.49,"track":0.4,"acq_date":"2021-10-04","acq_time":612,"satellite":"N","instrument":"VIIRS","confidence":"n","version":2,"bright_ti5":294.5,"frp":9.19,"daynight":"D","type":0},"geometry":{"type":"Point","coordinates":[105.3688,-3.80438]}},
{"type":"Feature","properties":{"latitude":-4.21073,"longitude":105.39612,"bright_ti4":329.27,"scan":0.33,"track":0.55,"acq_date":"2021-10-05","acq_time":553,"satellite":"N","instrument":"VIIRS","confidence":"n","version":2,"bright_ti5":289.28,"frp":1.66,"daynight":"D","type":0},"geometry":{"type":"Point","coordinates":[105.39612,-4.21073]}},
{"type":"Feature","properties":{"latitude":-4.03105,"longitude":105.54691,"bright_ti4":330.83,"scan":0.45,"track":0.39,"acq_date":"2021-10-08","acq_time":637,"satellite":"N","instrument":"VIIRS","confidence":"n","version":2,"bright_ti5":297.69,"frp":2.36,"daynight":"D","type":0},"geometry":{"type":"Point","coordinates":[105.54691,-4.03105]}},
{"type":"Feature","properties":{"latitude":-4.20137,"longitude":105.57264,"bright_ti4":332.69,"scan":0.45,"track":0.39,"acq_date":"2021-10-08","acq_time":637,"satellite":"N","instrument":"VIIRS","confidence":"n","version":2,"bright_ti5":301.35,"frp":2.18,"daynight":"D","type":0},"geometry":{"type":"Point","coordinates":[105.57264,-4.20137]}},
{"type":"Feature","properties":{"latitude":-4.17679,"longitude":105.63085,"bright_ti4":336.66,"scan":0.49,"track":0.49,"acq_date":"2021-10-10","acq_time":559,"satellite":"N","instrument":"VIIRS","confidence":"n","version":2,"bright_ti5":293.07,"frp":4.6,"daynight":"D","type":0},"geometry":{"type":"Point","coordinates":[105.63085,-4.17679]}},
{"type":"Feature","properties":{"latitude":-4.18065,"longitude":105.63595,"bright_ti4":335.58,"scan":0.49,"track":0.49,"acq_date":"2021-10-10","acq_time":559,"satellite":"N","instrument":"VIIRS","confidence":"n","version":2,"bright_ti5":294.21,"frp":9.83,"daynight":"D","type":0},"geometry":{"type":"Point","coordinates":[105.63595,-4.18065]}},
{"type":"Feature","properties":{"latitude":-4.18,"longitude":105.64041,"bright_ti4":342.08,"scan":0.49,"track":0.49,"acq_date":"2021-10-10","acq_time":559,"satellite":"N","instrument":"VIIRS","confidence":"n","version":2,"bright_ti5":297.95,"frp":9.83,"daynight":"D","type":0},"geometry":{"type":"Point","coordinates":[105.64041,-4.18]}},
{"type":"Feature","properties":{"latitude":-3.85488,"longitude":105.35267,"bright_ti4":338.59,"scan":0.39,"track":0.36,"acq_date":"2021-10-14","acq_time":624,"satellite":"N","instrument":"VIIRS","confidence":"n","version":2,"bright_ti5":290.56,"frp":10.54,"daynight":"D","type":0},"geometry":{"type":"Point","coordinates":[105.35267,-3.85488]}},
{"type":"Feature","properties":{"latitude":-4.08389,"longitude":105.60418,"bright_ti4":331.48,"scan":0.38,"track":0.36,"acq_date":"2021-10-30","acq_time":624,"satellite":"N","instrument":"VIIRS","confidence":"n","version":2,"bright_ti5":296.58,"frp":2.4,"daynight":"D","type":0},"geometry":{"type":"Point","coordinates":[105.60418,-4.08389]}},
{"type":"Feature","properties":{"latitude":-4.19744,"longitude":105.34537,"bright_ti4":330.56,"scan":0.39,"track":0.36,"acq_date":"2021-10-30","acq_time":624,"satellite":"N","instrument":"VIIRS","confidence":"n","version":2,"bright_ti5":294.83,"frp":1.91,"daynight":"D","type":0},"geometry":{"type":"Point","coordinates":[105.34537,-4.19744]}},
{"type":"Feature","properties":{"latitude":-4.20062,"longitude":105.27491,"bright_ti4":338.64,"scan":0.41,"track":0.45,"acq_date":"2021-10-31","acq_time":606,"satellite":"N","instrument":"VIIRS","confidence":"n","version":2,"bright_ti5":296.28,"frp":4.96,"daynight":"D","type":0},"geometry":{"type":"Point","coordinates":[105.27491,-4.20062]}},
{"type":"Feature","properties":{"latitude":-3.83212,"longitude":105.41087,"bright_ti4":348.28,"scan":0.32,"track":0.55,"acq_date":"2021-11-06","acq_time":553,"satellite":"N","instrument":"VIIRS","confidence":"n","version":2,"bright_ti5":281.67,"frp":4.07,"daynight":"D","type":0},"geometry":{"type":"Point","coordinates":[105.41087,-3.83212]}},
{"type":"Feature","properties":{"latitude":-4.14196,"longitude":105.30951,"bright_ti4":304.52,"scan":0.5,"track":0.41,"acq_date":"2021-11-22","acq_time":1836,"satellite":"N","instrument":"VIIRS","confidence":"n","version":2,"bright_ti5":288.29,"frp":0.71,"daynight":"N","type":0},"geometry":{"type":"Point","coordinates":[105.30951,-4.14196]}},
{"type":"Feature","properties":{"latitude":-4.14107,"longitude":105.32206,"bright_ti4":335.42,"scan":0.39,"track":0.36,"acq_date":"2021-12-01","acq_time":625,"satellite":"N","instrument":"VIIRS","confidence":"n","version":2,"bright_ti5":299.98,"frp":7.6,"daynight":"D","type":0},"geometry":{"type":"Point","coordinates":[105.32206,-4.14107]}},
{"type":"Feature","properties":{"latitude":-4.14368,"longitude":105.30469,"bright_ti4":337.12,"scan":0.39,"track":0.36,"acq_date":"2021-12-01","acq_time":625,"satellite":"N","instrument":"VIIRS","confidence":"n","version":2,"bright_ti5":300.48,"frp":3.64,"daynight":"D","type":0},"geometry":{"type":"Point","coordinates":[105.30469,-4.14368]}},
{"type":"Feature","properties":{"latitude":-3.78256,"longitude":105.35098,"bright_ti4":335.01,"scan":0.38,"track":0.36,"acq_date":"2021-12-01","acq_time":625,"satellite":"N","instrument":"VIIRS","confidence":"n","version":2,"bright_ti5":297.02,"frp":5.7,"daynight":"D","type":0},"geometry":{"type":"Point","coordinates":[105.35098,-3.78256]}},
{"type":"Feature","properties":{"latitude":-3.83547,"longitude":105.45548,"bright_ti4":332.93,"scan":0.45,"track":0.39,"acq_date":"2021-12-11","acq_time":637,"satellite":"N","instrument":"VIIRS","confidence":"n","version":2,"bright_ti5":292.82,"frp":14.74,"daynight":"D","type":0},"geometry":{"type":"Point","coordinates":[105.45548,-3.83547]}},
{"type":"Feature","properties":{"latitude":-4.47976,"longitude":105.69285,"bright_ti4":335.71,"scan":0.6,"track":0.7,"acq_date":"2021-01-23","acq_time":713,"satellite":"N","instrument":"VIIRS","confidence":"n","version":2,"bright_ti5":283.21,"frp":13.83,"daynight":"D","type":0},"geometry":{"type":"Point","coordinates":[105.69285,-4.47976]}},
{"type":"Feature","properties":{"latitude":-4.4788,"longitude":105.69828,"bright_ti4":356.65,"scan":0.6,"track":0.71,"acq_date":"2021-01-23","acq_time":713,"satellite":"N","instrument":"VIIRS","confidence":"l","version":2,"bright_ti5":283.0,"frp":23.51,"daynight":"D","type":0},"geometry":{"type":"Point","coordinates":[105.69828,-4.4788]}},
{"type":"Feature","properties":{"latitude":-4.4804,"longitude":105.69983,"bright_ti4":328.59,"scan":0.6,"track":0.71,"acq_date":"2021-01-23","acq_time":713,"satellite":"N","instrument":"VIIRS","confidence":"n","version":2,"bright_ti5":282.92,"frp":18.37,"daynight":"D","type":0},"geometry":{"type":"Point","coordinates":[105.69983,-4.4804]}},
{"type":"Feature","properties":{"latitude":-4.42079,"longitude":105.43481,"bright_ti4":355.79,"scan":0.52,"track":0.5,"acq_date":"2021-02-28","acq_time":558,"satellite":"N","instrument":"VIIRS","confidence":"n","version":2,"bright_ti5":291.22,"frp":14.3,"daynight":"D","type":0},"geometry":{"type":"Point","coordinates":[105.43481,-4.42079]}},
{"type":"Feature","properties":{"latitude":-4.42273,"longitude":105.422,"bright_ti4":335.13,"scan":0.52,"track":0.42,"acq_date":"2021-03-03","acq_time":641,"satellite":"N","instrument":"VIIRS","confidence":"n","version":2,"bright_ti5":278.86,"frp":5.46,"daynight":"D","type":0},"geometry":{"type":"Point","coordinates":[105.422,-4.42273]}},
{"type":"Feature","properties":{"latitude":-4.40271,"longitude":105.41029,"bright_ti4":334.1,"scan":0.45,"track":0.63,"acq_date":"2021-04-08","acq_time":706,"satellite":"N","instrument":"VIIRS","confidence":"n","version":2,"bright_ti5":290.21,"frp":3.99,"daynight":"D","type":0},"geometry":{"type":"Point","coordinates":[105.41029,-4.40271]}},
{"type":"Feature","properties":{"latitude":-4.46741,"longitude":105.78807,"bright_ti4":338.83,"scan":0.5,"track":0.49,"acq_date":"2021-04-17","acq_time":557,"satellite":"N","instrument":"VIIRS","confidence":"n","version":2,"bright_ti5":293.67,"frp":9.68,"daynight":"D","type":0},"geometry":{"type":"Point","coordinates":[105.78807,-4.46741]}},
{"type":"Feature","properties":{"latitude":-4.46676,"longitude":105.79261,"bright_ti4":339.54,"scan":0.5,"track":0.49,"acq_date":"2021-04-17","acq_time":557,"satellite":"N","instrument":"VIIRS","confidence":"n","version":2,"bright_ti5":293.04,"frp":9.68,"daynight":"D","type":0},"geometry":{"type":"Point","coordinates":[105.79261,-4.46676]}},
{"type":"Feature","properties":{"latitude":-4.42975,"longitude":105.70064,"bright_ti4":344.45,"scan":0.4,"track":0.44,"acq_date":"2021-04-22","acq_time":603,"satellite":"N","instrument":"VIIRS","confidence":"n","version":2,"bright_ti5":295.59,"frp":9.09,"daynight":"D","type":0},"geometry":{"type":"Point","coordinates":[105.70064,-4.42975]}},
{"type":"Feature","properties":{"latitude":-4.42923,"longitude":105.70427,"bright_ti4":349.39,"scan":0.4,"track":0.44,"acq_date":"2021-04-22","acq_time":603,"satellite":"N","instrument":"VIIRS","confidence":"n","version":2,"bright_ti5":296.03,"frp":13.18,"daynight":"D","type":0},"geometry":{"type":"Point","coordinates":[105.70427,-4.42923]}},
{"type":"Feature","properties":{"latitude":-4.359,"longitude":105.36598,"bright_ti4":342.21,"scan":0.39,"track":0.36,"acq_date":"2021-04-26","acq_time":629,"satellite":"N","instrument":"VIIRS","confidence":"n","version":2,"bright_ti5":293.58,"frp":20.14,"daynight":"D","type":0},"geometry":{"type":"Point","coordinates":[105.36598,-4.359]}},
{"type":"Feature","properties":{"latitude":-4.44871,"longitude":105.76637,"bright_ti4":331.97,"scan":0.45,"track":0.39,"acq_date":"2021-05-01","acq_time":635,"satellite":"N","instrument":"VIIRS","confidence":"n","version":2,"bright_ti5":294.98,"frp":2.73,"daynight":"D","type":0},"geometry":{"type":"Point","coordinates":[105.76637,-4.44871]}},
{"type":"Feature","properties":{"latitude":-4.44624,"longitude":105.76622,"bright_ti4":330.66,"scan":0.45,"track":0.39,"acq_date":"2021-05-01","acq_time":635,"satellite":"N","instrument":"VIIRS","confidence":"n","version":2,"bright_ti5":294.38,"frp":2.79,"daynight":"D","type":0},"geometry":{"type":"Point","coordinates":[105.76622,-4.44624]}},
{"type":"Feature","properties":{"latitude":-4.42482,"longitude":105.36976,"bright_ti4":346.06,"scan":0.44,"track":0.62,"acq_date":"2021-05-09","acq_time":545,"satellite":"N","instrument":"VIIRS","confidence":"n","version":2,"bright_ti5":290.25,"frp":5.8,"daynight":"D","type":0},"geometry":{"type":"Point","coordinates":[105.36976,-4.42482]}},
{"type":"Feature","properties":{"latitude":-4.40946,"longitude":105.3737,"bright_ti4":332.13,"scan":0.35,"track":0.57,"acq_date":"2021-05-21","acq_time":700,"satellite":"N","instrument":"VIIRS","confidence":"n","version":2,"bright_ti5":288.8,"frp":5.13,"daynight":"D","type":0},"geometry":{"type":"Point","coordinates":[105.3737,-4.40946]}},
{"type":"Feature","properties":{"latitude":-4.44909,"longitude":105.51968,"bright_ti4":336.17,"scan":0.36,"track":0.57,"acq_date":"2021-05-21","acq_time":700,"satellite":"N","instrument":"VIIRS","confidence":"n","version":2,"bright_ti5":289.14,"frp":1.89,"daynight":"D","type":0},"geometry":{"type":"Point","coordinates":[105.51968,-4.44909]}},
{"type":"Feature","properties":{"latitude":-4.39566,"longitude":105.66677,"bright_ti4":318.21,"scan":0.51,"track":0.41,"acq_date":"2021-05-21","acq_time":1803,"satellite":"N","instrument":"VIIRS","confidence":"n","version":2,"bright_ti5":287.83,"frp":1.78,"daynight":"N","type":0},"geometry":{"type":"Point","coordinates":[105.66677,-4.39566]}},
{"type":"Feature","properties":{"latitude":-4.46115,"longitude":105.77464,"bright_ti4":307.43,"scan":0.43,"track":0.38,"acq_date":"2021-05-26","acq_time":1809,"satellite":"N","instrument":"VIIRS","confidence":"n","version":2,"bright_ti5":289.43,"frp":1.26,"daynight":"N","type":0},"geometry":{"type":"Point","coordinates":[105.77464,-4.46115]}},
{"type":"Feature","properties":{"latitude":-4.41897,"longitude":105.37147,"bright_ti4":353.82,"scan":0.43,"track":0.46,"acq_date":"2021-05-27","acq_time":648,"satellite":"N","instrument":"VIIRS","confidence":"n","version":2,"bright_ti5":291.76,"frp":27.4,"daynight":"D","type":0},"geometry":{"type":"Point","coordinates":[105.37147,-4.41897]}},
{"type":"Feature","properties":{"latitude":-4.41959,"longitude":105.36761,"bright_ti4":342.6,"scan":0.43,"track":0.46,"acq_date":"2021-05-27","acq_time":648,"satellite":"N","instrument":"VIIRS","confidence":"n","version":2,"bright_ti5":290.36,"frp":18.75,"daynight":"D","type":0},"geometry":{"type":"Point","coordinates":[105.36761,-4.41959]}},
{"type":"Feature","properties":{"latitude":-4.41475,"longitude":105.37082,"bright_ti4":353.98,"scan":0.43,"track":0.46,"acq_date":"2021-05-27","acq_time":648,"satellite":"N","instrument":"VIIRS","confidence":"n","version":2,"bright_ti5":289.7,"frp":27.4,"daynight":"D","type":0},"geometry":{"type":"Point","coordinates":[105.37082,-4.41475]}},
{"type":"Feature","properties":{"latitude":-4.41538,"longitude":105.36694,"bright_ti4":347.81,"scan":0.43,"track":0.46,"acq_date":"2021-05-27","acq_time":648,"satellite":"N","instrument":"VIIRS","confidence":"n","version":2,"bright_ti5":288.66,"frp":18.75,"daynight":"D","type":0},"geometry":{"type":"Point","coordinates":[105.36694,-4.41538]}},
{"type":"Feature","properties":{"latitude":-4.4584,"longitude":105.74875,"bright_ti4":333.77,"scan":0.45,"track":0.39,"acq_date":"2021-06-02","acq_time":635,"satellite":"N","instrument":"VIIRS","confidence":"n","version":2,"bright_ti5":286.61,"frp":4.35,"daynight":"D","type":0},"geometry":{"type":"Point","coordinates":[105.74875,-4.4584]}},
{"type":"Feature","properties":{"latitude":-4.46198,"longitude":105.74929,"bright_ti4":332.94,"scan":0.45,"track":0.39,"acq_date":"2021-06-02","acq_time":635,"satellite":"N","instrument":"VIIRS","confidence":"n","version":2,"bright_ti5":286.98,"frp":4.35,"daynight":"D","type":0},"geometry":{"type":"Point","coordinates":[105.74929,-4.46198]}},
{"type":"Feature","properties":{"latitude":-4.40003,"longitude":105.38292,"bright_ti4":344.59,"scan":0.42,"track":0.38,"acq_date":"2021-06-03","acq_time":616,"satellite":"N","instrument":"VIIRS","confidence":"n","version":2,"bright_ti5":296.16,"frp":5.12,"daynight":"D","type":0},"geometry":{"type":"Point","coordinates":[105.38292,-4.40003]}},
{"type":"Feature","properties":{"latitude":-4.37403,"longitude":105.36011,"bright_ti4":333.08,"scan":0.42,"track":0.38,"acq_date":"2021-06-03","acq_time":616,"satellite":"N","instrument":"VIIRS","confidence":"n","version":2,"bright_ti5":292.5,"frp":2.75,"daynight":"D","type":0},"geometry":{"type":"Point","coordinates":[105.36011,-4.37403]}},
{"type":"Feature","properties":{"latitude":-4.43011,"longitude":105.74437,"bright_ti4":348.44,"scan":0.53,"track":0.67,"acq_date":"2021-06-05","acq_time":539,"satellite":"N","instrument":"VIIRS","confidence":"n","version":2,"bright_ti5":290.02,"frp":5.38,"daynight":"D","type":0},"geometry":{"type":"Point","coordinates":[105.74437,-4.43011]}},
{"type":"Feature","properties":{"latitude":-4.4778,"longitude":105.77228,"bright_ti4":339.03,"scan":0.77,"track":0.77,"acq_date":"2021-06-05","acq_time":719,"satellite":"N","instrument":"VIIRS","confidence":"n","version":2,"bright_ti5":291.96,"frp":13.77,"daynight":"D","type":0},"geometry":{"type":"Point","coordinates":[105.77228,-4.4778]}},
{"type":"Feature","properties":{"latitude":-4.47219,"longitude":105.77262,"bright_ti4":347.31,"scan":0.77,"track":0.77,"acq_date":"2021-06-05","acq_time":719,"satellite":"N","instrument":"VIIRS","confidence":"n","version":2,"bright_ti5":291.71,"frp":8.5,"daynight":"D","type":0},"geometry":{"type":"Point","coordinates":[105.77262,-4.47219]}},
{"type":"Feature","properties":{"latitude":-4.4794,"longitude":105.77381,"bright_ti4":331.0,"scan":0.77,"track":0.77,"acq_date":"2021-06-05","acq_time":719,"satellite":"N","instrument":"VIIRS","confidence":"n","version":2,"bright_ti5":291.87,"frp":5.03,"daynight":"D","type":0},"geometry":{"type":"Point","coordinates":[105.77381,-4.4794]}},
{"type":"Feature","properties":{"latitude":-4.35188,"longitude":105.26908,"bright_ti4":305.45,"scan":0.39,"track":0.36,"acq_date":"2021-06-05","acq_time":1822,"satellite":"N","instrument":"VIIRS","confidence":"n","version":2,"bright_ti5":293.07,"frp":1.29,"daynight":"N","type":0},"geometry":{"type":"Point","coordinates":[105.26908,-4.35188]}},
{"type":"Feature","properties":{"latitude":-4.36993,"longitude":105.37313,"bright_ti4":329.69,"scan":0.35,"track":0.57,"acq_date":"2021-06-06","acq_time":700,"satellite":"N","instrument":"VIIRS","confidence":"n","version":2,"bright_ti5":291.87,"frp":4.14,"daynight":"D","type":0},"geometry":{"type":"Point","coordinates":[105.37313,-4.36993]}},
{"type":"Feature","properties":{"latitude":-4.3694,"longitude":105.37632,"bright_ti4":367.0,"scan":0.35,"track":0.57,"acq_date":"2021-06-06","acq_time":700,"satellite":"N","instrument":"VIIRS","confidence":"h","version":2,"bright_ti5":292.44,"frp":11.23,"daynight":"D","type":0},"geometry":{"type":"Point","coordinates":[105.37632,-4.3694]}},
{"type":"Feature","properties":{"latitude":-4.40232,"longitude":105.38185,"bright_ti4":352.17,"scan":0.52,"track":0.41,"acq_date":"2021-06-07","acq_time":642,"satellite":"N","instrument":"VIIRS","confidence":"n","version":2,"bright_ti5":294.04,"frp":6.45,"daynight":"D","type":0},"geometry":{"type":"Point","coordinates":[105.38185,-4.40232]}},
{"type":"Feature","properties":{"latitude":-4.4667,"longitude":105.79,"bright_ti4":334.61,"scan":0.54,"track":0.42,"acq_date":"2021-06-07","acq_time":642,"satellite":"N","instrument":"VIIRS","confidence":"n","version":2,"bright_ti5":294.74,"frp":10.83,"daynight":"D","type":0},"geometry":{"type":"Point","coordinates":[105.79,-4.4667]}},
{"type":"Feature","properties":{"latitude":-4.44571,"longitude":105.37171,"bright_ti4":334.73,"scan":0.52,"track":0.41,"acq_date":"2021-06-07","acq_time":642,"satellite":"N","instrument":"VIIRS","confidence":"n","version":2,"bright_ti5":296.81,"frp":14.26,"daynight":"D","type":0},"geometry":{"type":"Point","coordinates":[105.37171,-4.44571]}},
{"type":"Feature","properties":{"latitude":-4.40529,"longitude":105.37989,"bright_ti4":331.33,"scan":0.52,"track":0.41,"acq_date":"2021-06-07","acq_time":642,"satellite":"N","instrument":"VIIRS","confidence":"n","version":2,"bright_ti5":291.99,"frp":1.93,"daynight":"D","type":0},"geometry":{"type":"Point","coordinates":[105.37989,-4.40529]}},
{"type":"Feature","properties":{"latitude":-4.40072,"longitude":105.38394,"bright_ti4":344.93,"scan":0.52,"track":0.41,"acq_date":"2021-06-07","acq_time":642,"satellite":"N","instrument":"VIIRS","confidence":"n","version":2,"bright_ti5":294.91,"frp":4.5,"daynight":"D","type":0},"geometry":{"type":"Point","coordinates":[105.38394,-4.40072]}},
{"type":"Feature","properties":{"latitude":-4.40147,"longitude":105.3793,"bright_ti4":336.69,"scan":0.52,"track":0.41,"acq_date":"2021-06-07","acq_time":642,"satellite":"N","instrument":"VIIRS","confidence":"n","version":2,"bright_ti5":293.47,"frp":4.5,"daynight":"D","type":0},"geometry":{"type":"Point","coordinates":[105.3793,-4.40147]}},
{"type":"Feature","properties":{"latitude":-4.39777,"longitude":105.38592,"bright_ti4":334.05,"scan":0.52,"track":0.41,"acq_date":"2021-06-07","acq_time":642,"satellite":"N","instrument":"VIIRS","confidence":"n","version":2,"bright_ti5":295.25,"frp":6.45,"daynight":"D","type":0},"geometry":{"type":"Point","coordinates":[105.38592,-4.39777]}},
{"type":"Feature","properties":{"latitude":-4.4047,"longitude":105.37054,"bright_ti4":329.54,"scan":0.42,"track":0.45,"acq_date":"2021-06-09","acq_time":604,"satellite":"N","instrument":"VIIRS","confidence":"n","version":2,"bright_ti5":290.77,"frp":2.27,"daynight":"D","type":0},"geometry":{"type":"Point","coordinates":[105.37054,-4.4047]}},
{"type":"Feature","properties":{"latitude":-4.35015,"longitude":105.27071,"bright_ti4":333.74,"scan":0.39,"track":0.36,"acq_date":"2021-06-13","acq_time":629,"satellite":"N","instrument":"VIIRS","confidence":"n","version":2,"bright_ti5":296.77,"frp":3.22,"daynight":"D","type":0},"geometry":{"type":"Point","coordinates":[105.27071,-4.35015]}},
{"type":"Feature","properties":{"latitude":-4.45506,"longitude":105.49258,"bright_ti4":329.71,"scan":0.33,"track":0.56,"acq_date":"2021-06-15","acq_time":551,"satellite":"N","instrument":"VIIRS","confidence":"n","version":2,"bright_ti5":287.61,"frp":4.87,"daynight":"D","type":0},"geometry":{"type":"Point","coordinates":[105.49258,-4.45506]}},
{"type":"Feature","properties":{"latitude":-4.45044,"longitude":105.73175,"bright_ti4":344.72,"scan":0.39,"track":0.44,"acq_date":"2021-06-25","acq_time":604,"satellite":"N","instrument":"VIIRS","confidence":"n","version":2,"bright_ti5":294.43,"frp":7.54,"daynight":"D","type":0},"geometry":{"type":"Point","coordinates":[105.73175,-4.45044]}},
{"type":"Feature","properties":{"latitude":-4.43975,"longitude":105.46177,"bright_ti4":327.76,"scan":0.46,"track":0.63,"acq_date":"2021-06-27","acq_time":707,"satellite":"N","instrument":"VIIRS","confidence":"n","version":2,"bright_ti5":283.44,"frp":2.82,"daynight":"D","type":0},"geometry":{"type":"Point","coordinates":[105.46177,-4.43975]}},
{"type":"Feature","properties":{"latitude":-4.42191,"longitude":105.66972,"bright_ti4":335.29,"scan":0.6,"track":0.71,"acq_date":"2021-07-02","acq_time":713,"satellite":"N","instrument":"VIIRS","confidence":"n","version":2,"bright_ti5":288.85,"frp":5.84,"daynight":"D","type":0},"geometry":{"type":"Point","coordinates":[105.66972,-4.42191]}},
{"type":"Feature","properties":{"latitude":-4.35045,"longitude":105.26769,"bright_ti4":306.47,"scan":0.4,"track":0.44,"acq_date":"2021-07-06","acq_time":1841,"satellite":"N","instrument":"VIIRS","confidence":"n","version":2,"bright_ti5":291.51,"frp":0.78,"daynight":"N","type":0},"geometry":{"type":"Point","coordinates":[105.26769,-4.35045]}},
{"type":"Feature","properties":{"latitude":-4.44006,"longitude":105.45753,"bright_ti4":329.56,"scan":0.69,"track":0.74,"acq_date":"2021-07-18","acq_time":533,"satellite":"N","instrument":"VIIRS","confidence":"n","version":2,"bright_ti5":284.12,"frp":9.0,"daynight":"D","type":0},"geometry":{"type":"Point","coordinates":[105.45753,-4.44006]}},
{"type":"Feature","properties":{"latitude":-4.44512,"longitude":105.46011,"bright_ti4":342.17,"scan":0.69,"track":0.74,"acq_date":"2021-07-18","acq_time":533,"satellite":"N","instrument":"VIIRS","confidence":"n","version":2,"bright_ti5":287.22,"frp":6.35,"daynight":"D","type":0},"geometry":{"type":"Point","coordinates":[105.46011,-4.44512]}},
{"type":"Feature","properties":{"latitude":-4.46991,"longitude":105.87032,"bright_ti4":304.71,"scan":0.39,"track":0.36,"acq_date":"2021-07-23","acq_time":1823,"satellite":"N","instrument":"VIIRS","confidence":"n","version":2,"bright_ti5":291.28,"frp":0.53,"daynight":"N","type":0},"geometry":{"type":"Point","coordinates":[105.87032,-4.46991]}},
{"type":"Feature","properties":{"latitude":-4.32831,"longitude":105.46874,"bright_ti4":334.91,"scan":0.53,"track":0.42,"acq_date":"2021-07-25","acq_time":642,"satellite":"N","instrument":"VIIRS","confidence":"n","version":2,"bright_ti5":298.9,"frp":4.27,"daynight":"D","type":0},"geometry":{"type":"Point","coordinates":[105.46874,-4.32831]}},
{"type":"Feature","properties":{"latitude":-4.32932,"longitude":105.46735,"bright_ti4":336.11,"scan":0.53,"track":0.42,"acq_date":"2021-07-25","acq_time":642,"satellite":"N","instrument":"VIIRS","confidence":"n","version":2,"bright_ti5":299.48,"frp":4.57,"daynight":"D","type":0},"geometry":{"type":"Point","coordinates":[105.46735,-4.32932]}},
{"type":"Feature","properties":{"latitude":-4.33551,"longitude":105.45358,"bright_ti4":335.03,"scan":0.53,"track":0.42,"acq_date":"2021-07-25","acq_time":642,"satellite":"N","instrument":"VIIRS","confidence":"n","version":2,"bright_ti5":298.73,"frp":4.8,"daynight":"D","type":0},"geometry":{"type":"Point","coordinates":[105.45358,-4.33551]}},
{"type":"Feature","properties":{"latitude":-4.34247,"longitude":105.48413,"bright_ti4":335.02,"scan":0.53,"track":0.42,"acq_date":"2021-07-25","acq_time":642,"satellite":"N","instrument":"VIIRS","confidence":"n","version":2,"bright_ti5":298.07,"frp":4.24,"daynight":"D","type":0},"geometry":{"type":"Point","coordinates":[105.48413,-4.34247]}},
{"type":"Feature","properties":{"latitude":-4.36486,"longitude":105.35946,"bright_ti4":343.02,"scan":0.39,"track":0.36,"acq_date":"2021-07-26","acq_time":623,"satellite":"N","instrument":"VIIRS","confidence":"n","version":2,"bright_ti5":303.43,"frp":4.76,"daynight":"D","type":0},"geometry":{"type":"Point","coordinates":[105.35946,-4.36486]}},
{"type":"Feature","properties":{"latitude":-4.37732,"longitude":105.38982,"bright_ti4":348.97,"scan":0.39,"track":0.36,"acq_date":"2021-07-26","acq_time":623,"satellite":"N","instrument":"VIIRS","confidence":"n","version":2,"bright_ti5":304.93,"frp":5.58,"daynight":"D","type":0},"geometry":{"type":"Point","coordinates":[105.38982,-4.37732]}},
{"type":"Feature","properties":{"latitude":-4.42683,"longitude":105.36955,"bright_ti4":349.72,"scan":0.39,"track":0.36,"acq_date":"2021-07-26","acq_time":623,"satellite":"N","instrument":"VIIRS","confidence":"n","version":2,"bright_ti5":308.85,"frp":30.65,"daynight":"D","type":0},"geometry":{"type":"Point","coordinates":[105.36955,-4.42683]}},
{"type":"Feature","properties":{"latitude":-4.44438,"longitude":105.34365,"bright_ti4":348.86,"scan":0.39,"track":0.36,"acq_date":"2021-07-26","acq_time":623,"satellite":"N","instrument":"VIIRS","confidence":"n","version":2,"bright_ti5":305.62,"frp":12.14,"daynight":"D","type":0},"geometry":{"type":"Point","coordinates":[105.34365,-4.44438]}},
{"type":"Feature","properties":{"latitude":-4.45876,"longitude":105.27082,"bright_ti4":333.99,"scan":0.39,"track":0.36,"acq_date":"2021-07-26","acq_time":623,"satellite":"N","instrument":"VIIRS","confidence":"n","version":2,"bright_ti5":302.72,"frp":2.33,"daynight":"D","type":0},"geometry":{"type":"Point","coordinates":[105.27082,-4.45876]}},
{"type":"Feature","properties":{"latitude":-4.4521,"longitude":105.33768,"bright_ti4":341.39,"scan":0.39,"track":0.36,"acq_date":"2021-07-26","acq_time":623,"satellite":"N","instrument":"VIIRS","confidence":"n","version":2,"bright_ti5":306.53,"frp":6.45,"daynight":"D","type":0},"geometry":{"type":"Point","coordinates":[105.33768,-4.4521]}},
{"type":"Feature","properties":{"latitude":-4.45635,"longitude":105.51279,"bright_ti4":341.24,"scan":0.39,"track":0.36,"acq_date":"2021-07-26","acq_time":623,"satellite":"N","instrument":"VIIRS","confidence":"n","version":2,"bright_ti5":305.53,"frp":12.92,"daynight":"D","type":0},"geometry":{"type":"Point","coordinates":[105.51279,-4.45635]}},
{"type":"Feature","properties":{"latitude":-4.43271,"longitude":105.66897,"bright_ti4":336.03,"scan":0.38,"track":0.36,"acq_date":"2021-07-26","acq_time":623,"satellite":"N","instrument":"VIIRS","confidence":"n","version":2,"bright_ti5":303.57,"frp":2.86,"daynight":"D","type":0},"geometry":{"type":"Point","coordinates":[105.66897,-4.43271]}},
{"type":"Feature","properties":{"latitude":-4.45968,"longitude":105.51329,"bright_ti4":333.92,"scan":0.39,"track":0.36,"acq_date":"2021-07-26","acq_time":623,"satellite":"N","instrument":"VIIRS","confidence":"n","version":2,"bright_ti5":303.07,"frp":12.92,"daynight":"D","type":0},"geometry":{"type":"Point","coordinates":[105.51329,-4.45968]}},
{"type":"Feature","properties":{"latitude":-4.41633,"longitude":105.37875,"bright_ti4":346.63,"scan":0.41,"track":0.45,"acq_date":"2021-07-27","acq_time":605,"satellite":"N","instrument":"VIIRS","confidence":"n","version":2,"bright_ti5":300.27,"frp":5.54,"daynight":"D","type":0},"geometry":{"type":"Point","coordinates":[105.37875,-4.41633]}},
{"type":"Feature","properties":{"latitude":-4.40992,"longitude":105.7317,"bright_ti4":341.38,"scan":0.39,"track":0.44,"acq_date":"2021-07-27","acq_time":605,"satellite":"N","instrument":"VIIRS","confidence":"n","version":2,"bright_ti5":300.15,"frp":10.61,"daynight":"D","type":0},"geometry":{"type":"Point","coordinates":[105.7317,-4.40992]}},
{"type":"Feature","properties":{"latitude":-4.40939,"longitude":105.73522,"bright_ti4":354.99,"scan":0.39,"track":0.44,"acq_date":"2021-07-27","acq_time":605,"satellite":"N","instrument":"VIIRS","confidence":"n","version":2,"bright_ti5":301.41,"frp":10.61,"daynight":"D","type":0},"geometry":{"type":"Point","coordinates":[105.73522,-4.40939]}},
{"type":"Feature","properties":{"latitude":-4.40978,"longitude":105.73248,"bright_ti4":346.98,"scan":0.39,"track":0.44,"acq_date":"2021-07-27","acq_time":605,"satellite":"N","instrument":"VIIRS","confidence":"n","version":2,"bright_ti5":300.65,"frp":12.23,"daynight":"D","type":0},"geometry":{"type":"Point","coordinates":[105.73248,-4.40978]}},
{"type":"Feature","properties":{"latitude":-4.40928,"longitude":105.73602,"bright_ti4":350.86,"scan":0.39,"track":0.44,"acq_date":"2021-07-27","acq_time":605,"satellite":"N","instrument":"VIIRS","confidence":"n","version":2,"bright_ti5":301.58,"frp":12.23,"daynight":"D","type":0},"geometry":{"type":"Point","coordinates":[105.73602,-4.40928]}},
{"type":"Feature","properties":{"latitude":-4.41332,"longitude":105.73662,"bright_ti4":345.41,"scan":0.39,"track":0.44,"acq_date":"2021-07-27","acq_time":605,"satellite":"N","instrument":"VIIRS","confidence":"n","version":2,"bright_ti5":302.88,"frp":5.62,"daynight":"D","type":0},"geometry":{"type":"Point","coordinates":[105.73662,-4.41332]}},
{"type":"Feature","properties":{"latitude":-4.43962,"longitude":105.72602,"bright_ti4":339.5,"scan":0.39,"track":0.44,"acq_date":"2021-07-27","acq_time":605,"satellite":"N","instrument":"VIIRS","confidence":"n","version":2,"bright_ti5":299.32,"frp":4.08,"daynight":"D","type":0},"geometry":{"type":"Point","coordinates":[105.72602,-4.43962]}},
{"type":"Feature","properties":{"latitude":-4.45449,"longitude":105.61512,"bright_ti4":336.23,"scan":0.47,"track":0.64,"acq_date":"2021-07-29","acq_time":707,"satellite":"N","instrument":"VIIRS","confidence":"n","version":2,"bright_ti5":292.47,"frp":4.22,"daynight":"D","type":0},"geometry":{"type":"Point","coordinates":[105.61512,-4.45449]}},
{"type":"Feature","properties":{"latitude":-4.45128,"longitude":105.61444,"bright_ti4":334.79,"scan":0.47,"track":0.64,"acq_date":"2021-07-29","acq_time":707,"satellite":"N","instrument":"VIIRS","confidence":"n","version":2,"bright_ti5":291.98,"frp":3.43,"daynight":"D","type":0},"geometry":{"type":"Point","coordinates":[105.61444,-4.45128]}},
{"type":"Feature","properties":{"latitude":-4.3082,"longitude":105.40707,"bright_ti4":336.63,"scan":0.44,"track":0.46,"acq_date":"2021-07-30","acq_time":649,"satellite":"N","instrument":"VIIRS","confidence":"n","version":2,"bright_ti5":293.39,"frp":3.52,"daynight":"D","type":0},"geometry":{"type":"Point","coordinates":[105.40707,-4.3082]}},
{"type":"Feature","properties":{"latitude":-4.31247,"longitude":105.40777,"bright_ti4":337.08,"scan":0.44,"track":0.46,"acq_date":"2021-07-30","acq_time":649,"satellite":"N","instrument":"VIIRS","confidence":"n","version":2,"bright_ti5":295.09,"frp":3.52,"daynight":"D","type":0},"geometry":{"type":"Point","coordinates":[105.40777,-4.31247]}},
{"type":"Feature","properties":{"latitude":-4.31076,"longitude":105.40685,"bright_ti4":344.96,"scan":0.44,"track":0.46,"acq_date":"2021-07-30","acq_time":649,"satellite":"N","instrument":"VIIRS","confidence":"n","version":2,"bright_ti5":295.14,"frp":8.27,"daynight":"D","type":0},"geometry":{"type":"Point","coordinates":[105.40685,-4.31076]}},
{"type":"Feature","properties":{"latitude":-4.32726,"longitude":105.46684,"bright_ti4":338.83,"scan":0.44,"track":0.46,"acq_date":"2021-07-30","acq_time":649,"satellite":"N","instrument":"VIIRS","confidence":"n","version":2,"bright_ti5":299.17,"frp":3.42,"daynight":"D","type":0},"geometry":{"type":"Point","coordinates":[105.46684,-4.32726]}},
{"type":"Feature","properties":{"latitude":-4.37465,"longitude":105.44552,"bright_ti4":342.62,"scan":0.44,"track":0.46,"acq_date":"2021-07-30","acq_time":649,"satellite":"N","instrument":"VIIRS","confidence":"n","version":2,"bright_ti5":300.72,"frp":4.05,"daynight":"D","type":0},"geometry":{"type":"Point","coordinates":[105.44552,-4.37465]}},
{"type":"Feature","properties":{"latitude":-4.37498,"longitude":105.4489,"bright_ti4":323.4,"scan":0.55,"track":0.51,"acq_date":"2021-07-30","acq_time":1751,"satellite":"N","instrument":"VIIRS","confidence":"n","version":2,"bright_ti5":291.33,"frp":2.67,"daynight":"N","type":0},"geometry":{"type":"Point","coordinates":[105.4489,-4.37498]}},
{"type":"Feature","properties":{"latitude":-4.44509,"longitude":105.4535,"bright_ti4":342.23,"scan":0.39,"track":0.36,"acq_date":"2021-07-31","acq_time":630,"satellite":"N","instrument":"VIIRS","confidence":"n","version":2,"bright_ti5":298.77,"frp":6.9,"daynight":"D","type":0},"geometry":{"type":"Point","coordinates":[105.4535,-4.44509]}},
{"type":"Feature","properties":{"latitude":-4.46091,"longitude":105.37261,"bright_ti4":335.93,"scan":0.39,"track":0.36,"acq_date":"2021-07-31","acq_time":630,"satellite":"N","instrument":"VIIRS","confidence":"n","version":2,"bright_ti5":298.61,"frp":3.2,"daynight":"D","type":0},"geometry":{"type":"Point","coordinates":[105.37261,-4.46091]}},
{"type":"Feature","properties":{"latitude":-4.31998,"longitude":105.42904,"bright_ti4":346.36,"scan":0.33,"track":0.55,"acq_date":"2021-08-02","acq_time":552,"satellite":"N","instrument":"VIIRS","confidence":"n","version":2,"bright_ti5":291.95,"frp":4.49,"daynight":"D","type":0},"geometry":{"type":"Point","coordinates":[105.42904,-4.31998]}},
{"type":"Feature","properties":{"latitude":-4.31954,"longitude":105.43204,"bright_ti4":328.37,"scan":0.33,"track":0.55,"acq_date":"2021-08-02","acq_time":552,"satellite":"N","instrument":"VIIRS","confidence":"n","version":2,"bright_ti5":291.29,"frp":4.49,"daynight":"D","type":0},"geometry":{"type":"Point","coordinates":[105.43204,-4.31954]}},
{"type":"Feature","properties":{"latitude":-4.34902,"longitude":105.27075,"bright_ti4":318.97,"scan":0.49,"track":0.4,"acq_date":"2021-08-02","acq_time":1835,"satellite":"N","instrument":"VIIRS","confidence":"n","version":2,"bright_ti5":291.5,"frp":1.89,"daynight":"N","type":0},"geometry":{"type":"Point","coordinates":[105.27075,-4.34902]}},
{"type":"Feature","properties":{"latitude":-4.35275,"longitude":105.2702,"bright_ti4":307.51,"scan":0.49,"track":0.4,"acq_date":"2021-08-02","acq_time":1835,"satellite":"N","instrument":"VIIRS","confidence":"n","version":2,"bright_ti5":290.95,"frp":1.11,"daynight":"N","type":0},"geometry":{"type":"Point","coordinates":[105.2702,-4.35275]}},
{"type":"Feature","properties":{"latitude":-4.41853,"longitude":105.69869,"bright_ti4":334.11,"scan":0.45,"track":0.39,"acq_date":"2021-08-05","acq_time":636,"satellite":"N","instrument":"VIIRS","confidence":"n","version":2,"bright_ti5":288.32,"frp":4.09,"daynight":"D","type":0},"geometry":{"type":"Point","coordinates":[105.69869,-4.41853]}},
{"type":"Feature","properties":{"latitude":-4.42038,"longitude":105.69776,"bright_ti4":329.79,"scan":0.45,"track":0.39,"acq_date":"2021-08-05","acq_time":636,"satellite":"N","instrument":"VIIRS","confidence":"n","version":2,"bright_ti5":291.31,"frp":3.9,"daynight":"D","type":0},"geometry":{"type":"Point","coordinates":[105.69776,-4.42038]}},
{"type":"Feature","properties":{"latitude":-4.43481,"longitude":105.53654,"bright_ti4":333.51,"scan":0.51,"track":0.49,"acq_date":"2021-08-07","acq_time":558,"satellite":"N","instrument":"VIIRS","confidence":"n","version":2,"bright_ti5":293.46,"frp":4.02,"daynight":"D","type":0},"geometry":{"type":"Point","coordinates":[105.53654,-4.43481]}},
{"type":"Feature","properties":{"latitude":-4.48071,"longitude":105.38642,"bright_ti4":342.46,"scan":0.55,"track":0.68,"acq_date":"2021-08-08","acq_time":540,"satellite":"N","instrument":"VIIRS","confidence":"n","version":2,"bright_ti5":288.04,"frp":6.7,"daynight":"D","type":0},"geometry":{"type":"Point","coordinates":[105.38642,-4.48071]}},
{"type":"Feature","properties":{"latitude":-4.3134,"longitude":105.38968,"bright_ti4":327.76,"scan":0.54,"track":0.68,"acq_date":"2021-08-08","acq_time":540,"satellite":"N","instrument":"VIIRS","confidence":"n","version":2,"bright_ti5":288.67,"frp":4.02,"daynight":"D","type":0},"geometry":{"type":"Point","coordinates":[105.38968,-4.3134]}},
{"type":"Feature","properties":{"latitude":-4.41434,"longitude":105.38011,"bright_ti4":330.55,"scan":0.41,"track":0.45,"acq_date":"2021-08-12","acq_time":605,"satellite":"N","instrument":"VIIRS","confidence":"n","version":2,"bright_ti5":293.59,"frp":1.62,"daynight":"D","type":0},"geometry":{"type":"Point","coordinates":[105.38011,-4.41434]}},
{"type":"Feature","properties":{"latitude":-4.34999,"longitude":105.26886,"bright_ti4":304.35,"scan":0.42,"track":0.38,"acq_date":"2021-08-13","acq_time":1829,"satellite":"N","instrument":"VIIRS","confidence":"n","version":2,"bright_ti5":289.43,"frp":0.52,"daynight":"N","type":0},"geometry":{"type":"Point","coordinates":[105.26886,-4.34999]}},
{"type":"Feature","properties":{"latitude":-4.46379,"longitude":105.59207,"bright_ti4":351.15,"scan":0.4,"track":0.37,"acq_date":"2021-08-16","acq_time":630,"satellite":"N","instrument":"VIIRS","confidence":"n","version":2,"bright_ti5":304.95,"frp":30.02,"daynight":"D","type":0},"geometry":{"type":"Point","coordinates":[105.59207,-4.46379]}},
{"type":"Feature","properties":{"latitude":-4.46434,"longitude":105.5885,"bright_ti4":336.33,"scan":0.4,"track":0.37,"acq_date":"2021-08-16","acq_time":630,"satellite":"N","instrument":"VIIRS","confidence":"n","version":2,"bright_ti5":295.96,"frp":5.53,"daynight":"D","type":0},"geometry":{"type":"Point","coordinates":[105.5885,-4.46434]}},
{"type":"Feature","properties":{"latitude":-4.46042,"longitude":105.59155,"bright_ti4":352.3,"scan":0.4,"track":0.37,"acq_date":"2021-08-16","acq_time":630,"satellite":"N","instrument":"VIIRS","confidence":"n","version":2,"bright_ti5":300.28,"frp":34.23,"daynight":"D","type":0},"geometry":{"type":"Point","coordinates":[105.59155,-4.46042]}},
{"type":"Feature","properties":{"latitude":-4.46722,"longitude":105.45788,"bright_ti4":332.11,"scan":0.39,"track":0.36,"acq_date":"2021-08-16","acq_time":630,"satellite":"N","instrument":"VIIRS","confidence":"n","version":2,"bright_ti5":299.09,"frp":36.22,"daynight":"D","type":0},"geometry":{"type":"Point","coordinates":[105.45788,-4.46722]}},
{"type":"Feature","properties":{"latitude":-4.46385,"longitude":105.45737,"bright_ti4":342.4,"scan":0.39,"track":0.36,"acq_date":"2021-08-16","acq_time":630,"satellite":"N","instrument":"VIIRS","confidence":"n","version":2,"bright_ti5":311.08,"frp":36.22,"daynight":"D","type":0},"geometry":{"type":"Point","coordinates":[105.45737,-4.46385]}},
{"type":"Feature","properties":{"latitude":-4.46049,"longitude":105.45686,"bright_ti4":347.36,"scan":0.39,"track":0.36,"acq_date":"2021-08-16","acq_time":630,"satellite":"N","instrument":"VIIRS","confidence":"n","version":2,"bright_ti5":301.9,"frp":12.02,"daynight":"D","type":0},"geometry":{"type":"Point","coordinates":[105.45686,-4.46049]}},
{"type":"Feature","properties":{"latitude":-4.41826,"longitude":105.40981,"bright_ti4":338.11,"scan":0.39,"track":0.36,"acq_date":"2021-08-16","acq_time":630,"satellite":"N","instrument":"VIIRS","confidence":"n","version":2,"bright_ti5":300.06,"frp":3.48,"daynight":"D","type":0},"geometry":{"type":"Point","coordinates":[105.40981,-4.41826]}},
{"type":"Feature","properties":{"latitude":-4.37779,"longitude":105.38995,"bright_ti4":338.5,"scan":0.49,"track":0.4,"acq_date":"2021-08-17","acq_time":611,"satellite":"N","instrument":"VIIRS","confidence":"n","version":2,"bright_ti5":297.95,"frp":5.27,"daynight":"D","type":0},"geometry":{"type":"Point","coordinates":[105.38995,-4.37779]}},
{"type":"Feature","properties":{"latitude":-4.4315,"longitude":105.57298,"bright_ti4":341.08,"scan":0.5,"track":0.49,"acq_date":"2021-08-23","acq_time":559,"satellite":"N","instrument":"VIIRS","confidence":"n","version":2,"bright_ti5":296.97,"frp":20.05,"daynight":"D","type":0},"geometry":{"type":"Point","coordinates":[105.57298,-4.4315]}},
{"type":"Feature","properties":{"latitude":-4.43083,"longitude":105.57751,"bright_ti4":341.45,"scan":0.5,"track":0.49,"acq_date":"2021-08-23","acq_time":559,"satellite":"N","instrument":"VIIRS","confidence":"n","version":2,"bright_ti5":296.59,"frp":20.05,"daynight":"D","type":0},"geometry":{"type":"Point","coordinates":[105.57751,-4.43083]}},
{"type":"Feature","properties":{"latitude":-4.31786,"longitude":105.45508,"bright_ti4":346.71,"scan":0.51,"track":0.49,"acq_date":"2021-08-23","acq_time":559,"satellite":"N","instrument":"VIIRS","confidence":"n","version":2,"bright_ti5":296.05,"frp":8.6,"daynight":"D","type":0},"geometry":{"type":"Point","coordinates":[105.45508,-4.31786]}},
{"type":"Feature","properties":{"latitude":-4.35755,"longitude":105.45873,"bright_ti4":347.85,"scan":0.53,"track":0.42,"acq_date":"2021-08-26","acq_time":643,"satellite":"N","instrument":"VIIRS","confidence":"n","version":2,"bright_ti5":299.29,"frp":14.63,"daynight":"D","type":0},"geometry":{"type":"Point","coordinates":[105.45873,-4.35755]}},
{"type":"Feature","properties":{"latitude":-4.44259,"longitude":105.40623,"bright_ti4":333.47,"scan":0.53,"track":0.42,"acq_date":"2021-08-26","acq_time":643,"satellite":"N","instrument":"VIIRS","confidence":"n","version":2,"bright_ti5":298.03,"frp":2.75,"daynight":"D","type":0},"geometry":{"type":"Point","coordinates":[105.40623,-4.44259]}},
{"type":"Feature","properties":{"latitude":-4.44081,"longitude":105.40771,"bright_ti4":336.84,"scan":0.53,"track":0.42,"acq_date":"2021-08-26","acq_time":643,"satellite":"N","instrument":"VIIRS","confidence":"n","version":2,"bright_ti5":297.38,"frp":4.22,"daynight":"D","type":0},"geometry":{"type":"Point","coordinates":[105.40771,-4.44081]}},
{"type":"Feature","properties":{"latitude":-4.363,"longitude":105.47438,"bright_ti4":367.0,"scan":0.53,"track":0.42,"acq_date":"2021-08-26","acq_time":643,"satellite":"N","instrument":"VIIRS","confidence":"h","version":2,"bright_ti5":301.28,"frp":13.49,"daynight":"D","type":0},"geometry":{"type":"Point","coordinates":[105.47438,-4.363]}},
{"type":"Feature","properties":{"latitude":-4.36376,"longitude":105.46957,"bright_ti4":349.25,"scan":0.53,"track":0.42,"acq_date":"2021-08-26","acq_time":643,"satellite":"N","instrument":"VIIRS","confidence":"n","version":2,"bright_ti5":298.27,"frp":13.49,"daynight":"D","type":0},"geometry":{"type":"Point","coordinates":[105.46957,-4.36376]}},
{"type":"Feature","properties":{"latitude":-4.35989,"longitude":105.46896,"bright_ti4":348.32,"scan":0.53,"track":0.42,"acq_date":"2021-08-26","acq_time":643,"satellite":"N","instrument":"VIIRS","confidence":"n","version":2,"bright_ti5":294.59,"frp":9.65,"daynight":"D","type":0},"geometry":{"type":"Point","coordinates":[105.46896,-4.35989]}},
{"type":"Feature","properties":{"latitude":-4.35524,"longitude":105.47319,"bright_ti4":344.45,"scan":0.53,"track":0.42,"acq_date":"2021-08-26","acq_time":643,"satellite":"N","instrument":"VIIRS","confidence":"n","version":2,"bright_ti5":301.54,"frp":9.65,"daynight":"D","type":0},"geometry":{"type":"Point","coordinates":[105.47319,-4.35524]}},
{"type":"Feature","properties":{"latitude":-4.35601,"longitude":105.46836,"bright_ti4":348.43,"scan":0.53,"track":0.42,"acq_date":"2021-08-26","acq_time":643,"satellite":"N","instrument":"VIIRS","confidence":"n","version":2,"bright_ti5":295.55,"frp":9.65,"daynight":"D","type":0},"geometry":{"type":"Point","coordinates":[105.46836,-4.35601]}},
{"type":"Feature","properties":{"latitude":-4.35368,"longitude":105.45813,"bright_ti4":343.13,"scan":0.53,"track":0.42,"acq_date":"2021-08-26","acq_time":643,"satellite":"N","instrument":"VIIRS","confidence":"n","version":2,"bright_ti5":297.23,"frp":9.67,"daynight":"D","type":0},"geometry":{"type":"Point","coordinates":[105.45813,-4.35368]}},
{"type":"Feature","properties":{"latitude":-4.3574,"longitude":105.36078,"bright_ti4":330.63,"scan":0.53,"track":0.42,"acq_date":"2021-08-26","acq_time":643,"satellite":"N","instrument":"VIIRS","confidence":"n","version":2,"bright_ti5":296.14,"frp":4.08,"daynight":"D","type":0},"geometry":{"type":"Point","coordinates":[105.36078,-4.3574]}},
{"type":"Feature","properties":{"latitude":-4.31185,"longitude":105.4467,"bright_ti4":337.44,"scan":0.53,"track":0.42,"acq_date":"2021-08-26","acq_time":643,"satellite":"N","instrument":"VIIRS","confidence":"n","version":2,"bright_ti5":297.77,"frp":5.71,"daynight":"D","type":0},"geometry":{"type":"Point","coordinates":[105.4467,-4.31185]}},
{"type":"Feature","properties":{"latitude":-4.31104,"longitude":105.44807,"bright_ti4":338.75,"scan":0.53,"track":0.42,"acq_date":"2021-08-26","acq_time":643,"satellite":"N","instrument":"VIIRS","confidence":"n","version":2,"bright_ti5":297.84,"frp":8.12,"daynight":"D","type":0},"geometry":{"type":"Point","coordinates":[105.44807,-4.31104]}},
{"type":"Feature","properties":{"latitude":-4.32966,"longitude":105.46602,"bright_ti4":335.11,"scan":0.39,"track":0.36,"acq_date":"2021-08-27","acq_time":624,"satellite":"N","instrument":"VIIRS","confidence":"n","version":2,"bright_ti5":289.17,"frp":3.87,"daynight":"D","type":0},"geometry":{"type":"Point","coordinates":[105.46602,-4.32966]}},
{"type":"Feature","properties":{"latitude":-4.42905,"longitude":105.67511,"bright_ti4":335.46,"scan":0.48,"track":0.4,"acq_date":"2021-09-02","acq_time":611,"satellite":"N","instrument":"VIIRS","confidence":"n","version":2,"bright_ti5":297.02,"frp":5.41,"daynight":"D","type":0},"geometry":{"type":"Point","coordinates":[105.67511,-4.42905]}},
{"type":"Feature","properties":{"latitude":-4.42967,"longitude":105.67618,"bright_ti4":335.28,"scan":0.48,"track":0.4,"acq_date":"2021-09-02","acq_time":611,"satellite":"N","instrument":"VIIRS","confidence":"n","version":2,"bright_ti5":297.31,"frp":5.8,"daynight":"D","type":0},"geometry":{"type":"Point","coordinates":[105.67618,-4.42967]}},
{"type":"Feature","properties":{"latitude":-4.46084,"longitude":105.71007,"bright_ti4":344.36,"scan":0.63,"track":0.54,"acq_date":"2021-09-03","acq_time":552,"satellite":"N","instrument":"VIIRS","confidence":"n","version":2,"bright_ti5":295.34,"frp":45.82,"daynight":"D","type":0},"geometry":{"type":"Point","coordinates":[105.71007,-4.46084]}},
{"type":"Feature","properties":{"latitude":-4.46025,"longitude":105.7119,"bright_ti4":340.45,"scan":0.63,"track":0.54,"acq_date":"2021-09-03","acq_time":552,"satellite":"N","instrument":"VIIRS","confidence":"n","version":2,"bright_ti5":293.2,"frp":26.35,"daynight":"D","type":0},"geometry":{"type":"Point","coordinates":[105.7119,-4.46025]}},
{"type":"Feature","properties":{"latitude":-4.418,"longitude":105.74286,"bright_ti4":333.26,"scan":0.79,"track":0.78,"acq_date":"2021-09-09","acq_time":720,"satellite":"N","instrument":"VIIRS","confidence":"n","version":2,"bright_ti5":289.27,"frp":4.88,"daynight":"D","type":0},"geometry":{"type":"Point","coordinates":[105.74286,-4.418]}},
{"type":"Feature","properties":{"latitude":-4.38628,"longitude":105.4601,"bright_ti4":331.61,"scan":0.36,"track":0.58,"acq_date":"2021-09-10","acq_time":701,"satellite":"N","instrument":"VIIRS","confidence":"n","version":2,"bright_ti5":293.89,"frp":2.25,"daynight":"D","type":0},"geometry":{"type":"Point","coordinates":[105.4601,-4.38628]}},
{"type":"Feature","properties":{"latitude":-4.40414,"longitude":105.51884,"bright_ti4":342.11,"scan":0.57,"track":0.52,"acq_date":"2021-09-21","acq_time":655,"satellite":"N","instrument":"VIIRS","confidence":"n","version":2,"bright_ti5":296.03,"frp":9.04,"daynight":"D","type":0},"geometry":{"type":"Point","coordinates":[105.51884,-4.40414]}},
{"type":"Feature","properties":{"latitude":-4.42366,"longitude":105.37447,"bright_ti4":331.12,"scan":0.56,"track":0.51,"acq_date":"2021-09-21","acq_time":655,"satellite":"N","instrument":"VIIRS","confidence":"n","version":2,"bright_ti5":294.85,"frp":5.94,"daynight":"D","type":0},"geometry":{"type":"Point","coordinates":[105.37447,-4.42366]}},
{"type":"Feature","properties":{"latitude":-4.40447,"longitude":105.52122,"bright_ti4":341.36,"scan":0.57,"track":0.52,"acq_date":"2021-09-21","acq_time":655,"satellite":"N","instrument":"VIIRS","confidence":"n","version":2,"bright_ti5":295.02,"frp":7.41,"daynight":"D","type":0},"geometry":{"type":"Point","coordinates":[105.52122,-4.40447]}},
{"type":"Feature","properties":{"latitude":-4.42372,"longitude":105.37141,"bright_ti4":332.14,"scan":0.56,"track":0.51,"acq_date":"2021-09-21","acq_time":655,"satellite":"N","instrument":"VIIRS","confidence":"n","version":2,"bright_ti5":294.2,"frp":3.91,"daynight":"D","type":0},"geometry":{"type":"Point","coordinates":[105.37141,-4.42372]}},
{"type":"Feature","properties":{"latitude":-4.43413,"longitude":105.43478,"bright_ti4":335.36,"scan":0.39,"track":0.36,"acq_date":"2021-10-03","acq_time":630,"satellite":"N","instrument":"VIIRS","confidence":"n","version":2,"bright_ti5":290.19,"frp":3.81,"daynight":"D","type":0},"geometry":{"type":"Point","coordinates":[105.43478,-4.43413]}},
{"type":"Feature","properties":{"latitude":-4.34242,"longitude":105.45829,"bright_ti4":331.91,"scan":0.49,"track":0.4,"acq_date":"2021-10-04","acq_time":611,"satellite":"N","instrument":"VIIRS","confidence":"n","version":2,"bright_ti5":292.88,"frp":3.6,"daynight":"D","type":0},"geometry":{"type":"Point","coordinates":[105.45829,-4.34242]}},
{"type":"Feature","properties":{"latitude":-4.30307,"longitude":105.44262,"bright_ti4":340.39,"scan":0.33,"track":0.55,"acq_date":"2021-10-05","acq_time":553,"satellite":"N","instrument":"VIIRS","confidence":"n","version":2,"bright_ti5":280.7,"frp":3.26,"daynight":"D","type":0},"geometry":{"type":"Point","coordinates":[105.44262,-4.30307]}},
{"type":"Feature","properties":{"latitude":-4.30614,"longitude":105.44334,"bright_ti4":338.23,"scan":0.33,"track":0.55,"acq_date":"2021-10-05","acq_time":553,"satellite":"N","instrument":"VIIRS","confidence":"n","version":2,"bright_ti5":281.67,"frp":3.77,"daynight":"D","type":0},"geometry":{"type":"Point","coordinates":[105.44334,-4.30614]}},
{"type":"Feature","properties":{"latitude":-4.23605,"longitude":105.36459,"bright_ti4":330.14,"scan":0.44,"track":0.38,"acq_date":"2021-10-08","acq_time":637,"satellite":"N","instrument":"VIIRS","confidence":"l","version":2,"bright_ti5":303.56,"frp":2.92,"daynight":"D","type":0},"geometry":{"type":"Point","coordinates":[105.36459,-4.23605]}},
{"type":"Feature","properties":{"latitude":-4.24728,"longitude":105.50117,"bright_ti4":336.54,"scan":0.45,"track":0.39,"acq_date":"2021-10-08","acq_time":637,"satellite":"N","instrument":"VIIRS","confidence":"n","version":2,"bright_ti5":299.69,"frp":6.08,"daynight":"D","type":0},"geometry":{"type":"Point","coordinates":[105.50117,-4.24728]}},
{"type":"Feature","properties":{"latitude":-4.25084,"longitude":105.50172,"bright_ti4":353.02,"scan":0.45,"track":0.39,"acq_date":"2021-10-08","acq_time":637,"satellite":"N","instrument":"VIIRS","confidence":"n","version":2,"bright_ti5":302.31,"frp":9.14,"daynight":"D","type":0},"geometry":{"type":"Point","coordinates":[105.50172,-4.25084]}},
{"type":"Feature","properties":{"latitude":-4.31382,"longitude":105.40095,"bright_ti4":347.94,"scan":0.44,"track":0.38,"acq_date":"2021-10-08","acq_time":637,"satellite":"N","instrument":"VIIRS","confidence":"n","version":2,"bright_ti5":302.65,"frp":4.64,"daynight":"D","type":0},"geometry":{"type":"Point","coordinates":[105.40095,-4.31382]}},
{"type":"Feature","properties":{"latitude":-4.31321,"longitude":105.40492,"bright_ti4":337.75,"scan":0.44,"track":0.38,"acq_date":"2021-10-08","acq_time":637,"satellite":"N","instrument":"VIIRS","confidence":"n","version":2,"bright_ti5":301.1,"frp":4.64,"daynight":"D","type":0},"geometry":{"type":"Point","coordinates":[105.40492,-4.31321]}},
{"type":"Feature","properties":{"latitude":-4.31798,"longitude":105.39751,"bright_ti4":334.08,"scan":0.44,"track":0.38,"acq_date":"2021-10-08","acq_time":637,"satellite":"N","instrument":"VIIRS","confidence":"n","version":2,"bright_ti5":300.9,"frp":5.53,"daynight":"D","type":0},"geometry":{"type":"Point","coordinates":[105.39751,-4.31798]}},
{"type":"Feature","properties":{"latitude":-4.33174,"longitude":105.46803,"bright_ti4":334.38,"scan":0.44,"track":0.39,"acq_date":"2021-10-08","acq_time":637,"satellite":"N","instrument":"VIIRS","confidence":"n","version":2,"bright_ti5":299.72,"frp":4.48,"daynight":"D","type":0},"geometry":{"type":"Point","coordinates":[105.46803,-4.33174]}},
{"type":"Feature","properties":{"latitude":-4.33466,"longitude":105.47257,"bright_ti4":342.02,"scan":0.44,"track":0.39,"acq_date":"2021-10-08","acq_time":637,"satellite":"N","instrument":"VIIRS","confidence":"n","version":2,"bright_ti5":300.72,"frp":4.4,"daynight":"D","type":0},"geometry":{"type":"Point","coordinates":[105.47257,-4.33466]}},
{"type":"Feature","properties":{"latitude":-4.392,"longitude":105.50188,"bright_ti4":338.23,"scan":0.44,"track":0.39,"acq_date":"2021-10-08","acq_time":637,"satellite":"N","instrument":"VIIRS","confidence":"n","version":2,"bright_ti5":296.36,"frp":2.91,"daynight":"D","type":0},"geometry":{"type":"Point","coordinates":[105.50188,-4.392]}},
{"type":"Feature","properties":{"latitude":-4.39555,"longitude":105.50243,"bright_ti4":337.23,"scan":0.44,"track":0.39,"acq_date":"2021-10-08","acq_time":637,"satellite":"N","instrument":"VIIRS","confidence":"n","version":2,"bright_ti5":295.78,"frp":3.05,"daynight":"D","type":0},"geometry":{"type":"Point","coordinates":[105.50243,-4.39555]}},
{"type":"Feature","properties":{"latitude":-4.445,"longitude":105.32307,"bright_ti4":335.3,"scan":0.44,"track":0.38,"acq_date":"2021-10-08","acq_time":637,"satellite":"N","instrument":"VIIRS","confidence":"n","version":2,"bright_ti5":300.3,"frp":7.98,"daynight":"D","type":0},"geometry":{"type":"Point","coordinates":[105.32307,-4.445]}},
{"type":"Feature","properties":{"latitude":-4.44853,"longitude":105.32362,"bright_ti4":338.98,"scan":0.44,"track":0.38,"acq_date":"2021-10-08","acq_time":637,"satellite":"N","instrument":"VIIRS","confidence":"n","version":2,"bright_ti5":297.78,"frp":7.98,"daynight":"D","type":0},"geometry":{"type":"Point","coordinates":[105.32362,-4.44853]}},
{"type":"Feature","properties":{"latitude":-4.30959,"longitude":105.41841,"bright_ti4":332.33,"scan":0.42,"track":0.37,"acq_date":"2021-10-09","acq_time":618,"satellite":"N","instrument":"VIIRS","confidence":"l","version":2,"bright_ti5":300.58,"frp":8.8,"daynight":"D","type":0},"geometry":{"type":"Point","coordinates":[105.41841,-4.30959]}},
{"type":"Feature","properties":{"latitude":-4.31883,"longitude":105.42747,"bright_ti4":340.93,"scan":0.42,"track":0.37,"acq_date":"2021-10-09","acq_time":618,"satellite":"N","instrument":"VIIRS","confidence":"l","version":2,"bright_ti5":301.16,"frp":6.61,"daynight":"D","type":0},"geometry":{"type":"Point","coordinates":[105.42747,-4.31883]}},
{"type":"Feature","properties":{"latitude":-4.31827,"longitude":105.43121,"bright_ti4":330.54,"scan":0.42,"track":0.37,"acq_date":"2021-10-09","acq_time":618,"satellite":"N","instrument":"VIIRS","confidence":"l","version":2,"bright_ti5":300.52,"frp":6.61,"daynight":"D","type":0},"geometry":{"type":"Point","coordinates":[105.43121,-4.31827]}},
{"type":"Feature","properties":{"latitude":-4.32172,"longitude":105.43173,"bright_ti4":330.54,"scan":0.42,"track":0.37,"acq_date":"2021-10-09","acq_time":618,"satellite":"N","instrument":"VIIRS","confidence":"l","version":2,"bright_ti5":302.28,"frp":6.61,"daynight":"D","type":0},"geometry":{"type":"Point","coordinates":[105.43173,-4.32172]}},
{"type":"Feature","properties":{"latitude":-4.32116,"longitude":105.43549,"bright_ti4":335.17,"scan":0.42,"track":0.37,"acq_date":"2021-10-09","acq_time":618,"satellite":"N","instrument":"VIIRS","confidence":"l","version":2,"bright_ti5":300.92,"frp":7.31,"daynight":"D","type":0},"geometry":{"type":"Point","coordinates":[105.43549,-4.32116]}},
{"type":"Feature","properties":{"latitude":-4.33448,"longitude":105.46431,"bright_ti4":330.56,"scan":0.42,"track":0.37,"acq_date":"2021-10-09","acq_time":618,"satellite":"N","instrument":"VIIRS","confidence":"l","version":2,"bright_ti5":300.73,"frp":4.83,"daynight":"D","type":0},"geometry":{"type":"Point","coordinates":[105.46431,-4.33448]}},
{"type":"Feature","properties":{"latitude":-4.43286,"longitude":105.43614,"bright_ti4":331.02,"scan":0.42,"track":0.37,"acq_date":"2021-10-09","acq_time":618,"satellite":"N","instrument":"VIIRS","confidence":"l","version":2,"bright_ti5":301.84,"frp":4.63,"daynight":"D","type":0},"geometry":{"type":"Point","coordinates":[105.43614,-4.43286]}},
{"type":"Feature","properties":{"latitude":-4.43229,"longitude":105.4399,"bright_ti4":337.97,"scan":0.42,"track":0.37,"acq_date":"2021-10-09","acq_time":618,"satellite":"N","instrument":"VIIRS","confidence":"l","version":2,"bright_ti5":300.27,"frp":4.63,"daynight":"D","type":0},"geometry":{"type":"Point","coordinates":[105.4399,-4.43229]}},
{"type":"Feature","properties":{"latitude":-4.37269,"longitude":105.50936,"bright_ti4":326.53,"scan":0.39,"track":0.36,"acq_date":"2021-10-11","acq_time":1823,"satellite":"N","instrument":"VIIRS","confidence":"n","version":2,"bright_ti5":288.67,"frp":1.42,"daynight":"N","type":0},"geometry":{"type":"Point","coordinates":[105.50936,-4.37269]}},
{"type":"Feature","properties":{"latitude":-4.37214,"longitude":105.50587,"bright_ti4":302.96,"scan":0.39,"track":0.36,"acq_date":"2021-10-11","acq_time":1823,"satellite":"N","instrument":"VIIRS","confidence":"n","version":2,"bright_ti5":287.94,"frp":1.42,"daynight":"N","type":0},"geometry":{"type":"Point","coordinates":[105.50587,-4.37214]}},
{"type":"Feature","properties":{"latitude":-4.44102,"longitude":105.78799,"bright_ti4":367.0,"scan":0.4,"track":0.6,"acq_date":"2021-10-16","acq_time":546,"satellite":"N","instrument":"VIIRS","confidence":"h","version":2,"bright_ti5":294.35,"frp":55.62,"daynight":"D","type":0},"geometry":{"type":"Point","coordinates":[105.78799,-4.44102]}},
{"type":"Feature","properties":{"latitude":-4.44153,"longitude":105.78432,"bright_ti4":347.79,"scan":0.4,"track":0.6,"acq_date":"2021-10-16","acq_time":546,"satellite":"N","instrument":"VIIRS","confidence":"n","version":2,"bright_ti5":291.82,"frp":27.07,"daynight":"D","type":0},"geometry":{"type":"Point","coordinates":[105.78432,-4.44153]}},
{"type":"Feature","properties":{"latitude":-4.4428,"longitude":105.78738,"bright_ti4":367.0,"scan":0.4,"track":0.6,"acq_date":"2021-10-16","acq_time":546,"satellite":"N","instrument":"VIIRS","confidence":"h","version":2,"bright_ti5":295.06,"frp":58.24,"daynight":"D","type":0},"geometry":{"type":"Point","coordinates":[105.78738,-4.4428]}},
{"type":"Feature","properties":{"latitude":-4.44334,"longitude":105.7837,"bright_ti4":337.43,"scan":0.4,"track":0.6,"acq_date":"2021-10-16","acq_time":546,"satellite":"N","instrument":"VIIRS","confidence":"n","version":2,"bright_ti5":291.83,"frp":22.01,"daynight":"D","type":0},"geometry":{"type":"Point","coordinates":[105.7837,-4.44334]}},
{"type":"Feature","properties":{"latitude":-4.44076,"longitude":105.7666,"bright_ti4":336.47,"scan":0.38,"track":0.36,"acq_date":"2021-10-30","acq_time":624,"satellite":"N","instrument":"VIIRS","confidence":"n","version":2,"bright_ti5":296.48,"frp":6.4,"daynight":"D","type":0},"geometry":{"type":"Point","coordinates":[105.7666,-4.44076]}},
{"type":"Feature","properties":{"latitude":-4.39282,"longitude":105.71365,"bright_ti4":342.55,"scan":0.38,"track":0.36,"acq_date":"2021-11-15","acq_time":625,"satellite":"N","instrument":"VIIRS","confidence":"n","version":2,"bright_ti5":279.57,"frp":13.43,"daynight":"D","type":0},"geometry":{"type":"Point","coordinates":[105.71365,-4.39282]}},
{"type":"Feature","properties":{"latitude":-4.44318,"longitude":105.27209,"bright_ti4":337.24,"scan":0.39,"track":0.36,"acq_date":"2021-12-01","acq_time":625,"satellite":"N","instrument":"VIIRS","confidence":"n","version":2,"bright_ti5":297.93,"frp":3.58,"daynight":"D","type":0},"geometry":{"type":"Point","coordinates":[105.27209,-4.44318]}},
{"type":"Feature","properties":{"latitude":-4.43923,"longitude":104.64326,"bright_ti4":334.95,"scan":0.41,"track":0.37,"acq_date":"2021-02-26","acq_time":635,"satellite":"N","instrument":"VIIRS","confidence":"n","version":2,"bright_ti5":292.54,"frp":5.15,"daynight":"D","type":0},"geometry":{"type":"Point","coordinates":[104.64326,-4.43923]}},
{"type":"Feature","properties":{"latitude":-4.48343,"longitude":104.35493,"bright_ti4":333.87,"scan":0.4,"track":0.37,"acq_date":"2021-02-26","acq_time":635,"satellite":"N","instrument":"VIIRS","confidence":"n","version":2,"bright_ti5":296.37,"frp":2.34,"daynight":"D","type":0},"geometry":{"type":"Point","coordinates":[104.35493,-4.48343]}},
{"type":"Feature","properties":{"latitude":-4.29659,"longitude":104.70187,"bright_ti4":303.27,"scan":0.38,"track":0.36,"acq_date":"2021-03-01","acq_time":1822,"satellite":"N","instrument":"VIIRS","confidence":"n","version":2,"bright_ti5":281.17,"frp":0.62,"daynight":"N","type":0},"geometry":{"type":"Point","coordinates":[104.70187,-4.29659]}},
{"type":"Feature","properties":{"latitude":-4.30721,"longitude":104.74122,"bright_ti4":333.77,"scan":0.41,"track":0.37,"acq_date":"2021-03-14","acq_time":635,"satellite":"N","instrument":"VIIRS","confidence":"n","version":2,"bright_ti5":294.98,"frp":4.0,"daynight":"D","type":0},"geometry":{"type":"Point","coordinates":[104.74122,-4.30721]}},
{"type":"Feature","properties":{"latitude":-4.41122,"longitude":104.55696,"bright_ti4":337.09,"scan":0.56,"track":0.43,"acq_date":"2021-04-11","acq_time":610,"satellite":"N","instrument":"VIIRS","confidence":"n","version":2,"bright_ti5":295.56,"frp":8.86,"daynight":"D","type":0},"geometry":{"type":"Point","coordinates":[104.55696,-4.41122]}},
{"type":"Feature","properties":{"latitude":-4.42546,"longitude":104.60335,"bright_ti4":332.11,"scan":0.61,"track":0.54,"acq_date":"2021-04-19","acq_time":700,"satellite":"N","instrument":"VIIRS","confidence":"n","version":2,"bright_ti5":293.02,"frp":8.45,"daynight":"D","type":0},"geometry":{"type":"Point","coordinates":[104.60335,-4.42546]}},
{"type":"Feature","properties":{"latitude":-4.40377,"longitude":104.91805,"bright_ti4":307.28,"scan":0.4,"track":0.37,"acq_date":"2021-04-23","acq_time":1828,"satellite":"N","instrument":"VIIRS","confidence":"n","version":2,"bright_ti5":292.15,"frp":0.65,"daynight":"N","type":0},"geometry":{"type":"Point","coordinates":[104.91805,-4.40377]}},
{"type":"Feature","properties":{"latitude":-4.40433,"longitude":104.92167,"bright_ti4":307.67,"scan":0.4,"track":0.37,"acq_date":"2021-04-23","acq_time":1828,"satellite":"N","instrument":"VIIRS","confidence":"n","version":2,"bright_ti5":291.92,"frp":0.65,"daynight":"N","type":0},"geometry":{"type":"Point","coordinates":[104.92167,-4.40433]}},
{"type":"Feature","properties":{"latitude":-4.34186,"longitude":104.8352,"bright_ti4":311.91,"scan":0.47,"track":0.4,"acq_date":"2021-04-24","acq_time":1809,"satellite":"N","instrument":"VIIRS","confidence":"n","version":2,"bright_ti5":282.0,"frp":1.39,"daynight":"N","type":0},"geometry":{"type":"Point","coordinates":[104.8352,-4.34186]}},
{"type":"Feature","properties":{"latitude":-4.35653,"longitude":104.51552,"bright_ti4":345.81,"scan":0.38,"track":0.36,"acq_date":"2021-04-26","acq_time":629,"satellite":"N","instrument":"VIIRS","confidence":"n","version":2,"bright_ti5":298.17,"frp":9.91,"daynight":"D","type":0},"geometry":{"type":"Point","coordinates":[104.51552,-4.35653]}},
{"type":"Feature","properties":{"latitude":-4.55572,"longitude":104.3499,"bright_ti4":330.03,"scan":0.41,"track":0.6,"acq_date":"2021-04-28","acq_time":551,"satellite":"N","instrument":"VIIRS","confidence":"n","version":2,"bright_ti5":287.61,"frp":3.22,"daynight":"D","type":0},"geometry":{"type":"Point","coordinates":[104.3499,-4.55572]}},
{"type":"Feature","properties":{"latitude":-4.56182,"longitude":104.34716,"bright_ti4":326.73,"scan":0.41,"track":0.6,"acq_date":"2021-04-28","acq_time":551,"satellite":"N","instrument":"VIIRS","confidence":"n","version":2,"bright_ti5":288.71,"frp":3.22,"daynight":"D","type":0},"geometry":{"type":"Point","coordinates":[104.34716,-4.56182]}},
{"type":"Feature","properties":{"latitude":-4.56131,"longitude":104.35083,"bright_ti4":332.64,"scan":0.41,"track":0.6,"acq_date":"2021-04-28","acq_time":551,"satellite":"N","instrument":"VIIRS","confidence":"n","version":2,"bright_ti5":289.19,"frp":3.22,"daynight":"D","type":0},"geometry":{"type":"Point","coordinates":[104.35083,-4.56131]}},
{"type":"Feature","properties":{"latitude":-4.36013,"longitude":104.79848,"bright_ti4":321.88,"scan":0.41,"track":0.37,"acq_date":"2021-04-29","acq_time":1815,"satellite":"N","instrument":"VIIRS","confidence":"n","version":2,"bright_ti5":286.71,"frp":1.63,"daynight":"N","type":0},"geometry":{"type":"Point","coordinates":[104.79848,-4.36013]}},
{"type":"Feature","properties":{"latitude":-4.32769,"longitude":104.81497,"bright_ti4":304.62,"scan":0.41,"track":0.37,"acq_date":"2021-04-29","acq_time":1815,"satellite":"N","instrument":"VIIRS","confidence":"n","version":2,"bright_ti5":286.47,"frp":0.34,"daynight":"N","type":0},"geometry":{"type":"Point","coordinates":[104.81497,-4.32769]}},
{"type":"Feature","properties":{"latitude":-4.36355,"longitude":104.79796,"bright_ti4":315.28,"scan":0.41,"track":0.37,"acq_date":"2021-04-29","acq_time":1815,"satellite":"N","instrument":"VIIRS","confidence":"n","version":2,"bright_ti5":286.88,"frp":1.63,"daynight":"N","type":0},"geometry":{"type":"Point","coordinates":[104.79796,-4.36355]}},
{"type":"Feature","properties":{"latitude":-4.27485,"longitude":104.92231,"bright_ti4":330.17,"scan":0.67,"track":0.74,"acq_date":"2021-05-04","acq_time":719,"satellite":"N","instrument":"VIIRS","confidence":"n","version":2,"bright_ti5":280.75,"frp":6.58,"daynight":"D","type":0},"geometry":{"type":"Point","coordinates":[104.92231,-4.27485]}},
{"type":"Feature","properties":{"latitude":-4.29283,"longitude":104.8161,"bright_ti4":302.77,"scan":0.62,"track":0.54,"acq_date":"2021-05-11","acq_time":1750,"satellite":"N","instrument":"VIIRS","confidence":"n","version":2,"bright_ti5":286.44,"frp":1.06,"daynight":"N","type":0},"geometry":{"type":"Point","coordinates":[104.8161,-4.29283]}},
{"type":"Feature","properties":{"latitude":-4.28785,"longitude":104.81699,"bright_ti4":304.4,"scan":0.62,"track":0.54,"acq_date":"2021-05-11","acq_time":1750,"satellite":"N","instrument":"VIIRS","confidence":"n","version":2,"bright_ti5":284.58,"frp":1.06,"daynight":"N","type":0},"geometry":{"type":"Point","coordinates":[104.81699,-4.28785]}},
{"type":"Feature","properties":{"latitude":-4.29271,"longitude":104.81747,"bright_ti4":308.49,"scan":0.62,"track":0.54,"acq_date":"2021-05-11","acq_time":1750,"satellite":"N","instrument":"VIIRS","confidence":"n","version":2,"bright_ti5":286.2,"frp":1.56,"daynight":"N","type":0},"geometry":{"type":"Point","coordinates":[104.81747,-4.29271]}},
{"type":"Feature","properties":{"latitude":-4.28773,"longitude":104.81836,"bright_ti4":303.2,"scan":0.62,"track":0.54,"acq_date":"2021-05-11","acq_time":1750,"satellite":"N","instrument":"VIIRS","confidence":"n","version":2,"bright_ti5":283.05,"frp":1.4,"daynight":"N","type":0},"geometry":{"type":"Point","coordinates":[104.81836,-4.28773]}},
{"type":"Feature","properties":{"latitude":-4.21773,"longitude":104.89031,"bright_ti4":353.99,"scan":0.32,"track":0.55,"acq_date":"2021-05-21","acq_time":700,"satellite":"N","instrument":"VIIRS","confidence":"n","version":2,"bright_ti5":292.0,"frp":5.15,"daynight":"D","type":0},"geometry":{"type":"Point","coordinates":[104.89031,-4.21773]}},
{"type":"Feature","properties":{"latitude":-4.21977,"longitude":104.89092,"bright_ti4":354.03,"scan":0.32,"track":0.55,"acq_date":"2021-05-21","acq_time":700,"satellite":"N","instrument":"VIIRS","confidence":"n","version":2,"bright_ti5":292.17,"frp":5.78,"daynight":"D","type":0},"geometry":{"type":"Point","coordinates":[104.89092,-4.21977]}},
{"type":"Feature","properties":{"latitude":-4.27821,"longitude":104.85204,"bright_ti4":307.43,"scan":0.47,"track":0.48,"acq_date":"2021-05-24","acq_time":1847,"satellite":"N","instrument":"VIIRS","confidence":"n","version":2,"bright_ti5":287.7,"frp":1.34,"daynight":"N","type":0},"geometry":{"type":"Point","coordinates":[104.85204,-4.27821]}},
{"type":"Feature","properties":{"latitude":-4.40256,"longitude":104.90788,"bright_ti4":298.7,"scan":0.4,"track":0.37,"acq_date":"2021-05-25","acq_time":1828,"satellite":"N","instrument":"VIIRS","confidence":"n","version":2,"bright_ti5":268.49,"frp":0.63,"daynight":"N","type":0},"geometry":{"type":"Point","coordinates":[104.90788,-4.40256]}},
{"type":"Feature","properties":{"latitude":-4.35877,"longitude":104.7858,"bright_ti4":302.38,"scan":0.51,"track":0.66,"acq_date":"2021-06-02","acq_time":1738,"satellite":"N","instrument":"VIIRS","confidence":"n","version":2,"bright_ti5":287.17,"frp":0.47,"daynight":"N","type":0},"geometry":{"type":"Point","coordinates":[104.7858,-4.35877]}},
{"type":"Feature","properties":{"latitude":-4.3036,"longitude":104.69183,"bright_ti4":304.59,"scan":0.47,"track":0.4,"acq_date":"2021-06-11","acq_time":1809,"satellite":"N","instrument":"VIIRS","confidence":"n","version":2,"bright_ti5":290.54,"frp":0.97,"daynight":"N","type":0},"geometry":{"type":"Point","coordinates":[104.69183,-4.3036]}},
{"type":"Feature","properties":{"latitude":-4.30429,"longitude":104.69609,"bright_ti4":304.62,"scan":0.47,"track":0.4,"acq_date":"2021-06-11","acq_time":1809,"satellite":"N","instrument":"VIIRS","confidence":"n","version":2,"bright_ti5":290.61,"frp":0.73,"daynight":"N","type":0},"geometry":{"type":"Point","coordinates":[104.69609,-4.30429]}},
{"type":"Feature","properties":{"latitude":-4.26751,"longitude":104.83253,"bright_ti4":342.62,"scan":0.4,"track":0.44,"acq_date":"2021-06-12","acq_time":648,"satellite":"N","instrument":"VIIRS","confidence":"n","version":2,"bright_ti5":293.71,"frp":3.64,"daynight":"D","type":0},"geometry":{"type":"Point","coordinates":[104.83253,-4.26751]}},
{"type":"Feature","properties":{"latitude":-4.4523,"longitude":104.41906,"bright_ti4":314.99,"scan":0.32,"track":0.55,"acq_date":"2021-06-12","acq_time":1751,"satellite":"N","instrument":"VIIRS","confidence":"n","version":2,"bright_ti5":287.56,"frp":0.97,"daynight":"N","type":0},"geometry":{"type":"Point","coordinates":[104.41906,-4.4523]}},
{"type":"Feature","properties":{"latitude":-4.36486,"longitude":104.8401,"bright_ti4":311.32,"scan":0.61,"track":0.53,"acq_date":"2021-06-12","acq_time":1751,"satellite":"N","instrument":"VIIRS","confidence":"n","version":2,"bright_ti5":285.32,"frp":1.28,"daynight":"N","type":0},"geometry":{"type":"Point","coordinates":[104.8401,-4.36486]}},
{"type":"Feature","properties":{"latitude":-4.36441,"longitude":104.84097,"bright_ti4":308.11,"scan":0.61,"track":0.53,"acq_date":"2021-06-12","acq_time":1751,"satellite":"N","instrument":"VIIRS","confidence":"n","version":2,"bright_ti5":285.58,"frp":1.88,"daynight":"N","type":0},"geometry":{"type":"Point","coordinates":[104.84097,-4.36441]}},
{"type":"Feature","properties":{"latitude":-4.31448,"longitude":104.66341,"bright_ti4":333.07,"scan":0.55,"track":0.43,"acq_date":"2021-06-14","acq_time":610,"satellite":"N","instrument":"VIIRS","confidence":"n","version":2,"bright_ti5":293.79,"frp":6.52,"daynight":"D","type":0},"geometry":{"type":"Point","coordinates":[104.66341,-4.31448]}},
{"type":"Feature","properties":{"latitude":-4.31393,"longitude":104.66117,"bright_ti4":335.24,"scan":0.55,"track":0.43,"acq_date":"2021-06-14","acq_time":610,"satellite":"N","instrument":"VIIRS","confidence":"n","version":2,"bright_ti5":293.06,"frp":7.85,"daynight":"D","type":0},"geometry":{"type":"Point","coordinates":[104.66117,-4.31393]}},
{"type":"Feature","properties":{"latitude":-4.67621,"longitude":104.37589,"bright_ti4":331.85,"scan":0.46,"track":0.39,"acq_date":"2021-06-23","acq_time":642,"satellite":"N","instrument":"VIIRS","confidence":"n","version":2,"bright_ti5":290.12,"frp":2.72,"daynight":"D","type":0},"geometry":{"type":"Point","coordinates":[104.37589,-4.67621]}},
{"type":"Feature","properties":{"latitude":-4.27621,"longitude":104.8232,"bright_ti4":295.51,"scan":0.5,"track":0.66,"acq_date":"2021-06-24","acq_time":1906,"satellite":"N","instrument":"VIIRS","confidence":"n","version":2,"bright_ti5":269.62,"frp":0.42,"daynight":"N","type":0},"geometry":{"type":"Point","coordinates":[104.8232,-4.27621]}},
{"type":"Feature","properties":{"latitude":-4.28412,"longitude":104.8538,"bright_ti4":321.07,"scan":0.4,"track":0.37,"acq_date":"2021-07-02","acq_time":1816,"satellite":"N","instrument":"VIIRS","confidence":"n","version":2,"bright_ti5":286.58,"frp":1.23,"daynight":"N","type":0},"geometry":{"type":"Point","coordinates":[104.8538,-4.28412]}},
{"type":"Feature","properties":{"latitude":-4.31995,"longitude":104.81718,"bright_ti4":302.74,"scan":0.48,"track":0.48,"acq_date":"2021-07-03","acq_time":1757,"satellite":"N","instrument":"VIIRS","confidence":"n","version":2,"bright_ti5":276.56,"frp":0.54,"daynight":"N","type":0},"geometry":{"type":"Point","coordinates":[104.81718,-4.31995]}},
{"type":"Feature","properties":{"latitude":-4.37265,"longitude":104.82196,"bright_ti4":300.78,"scan":0.5,"track":0.66,"acq_date":"2021-07-04","acq_time":1738,"satellite":"N","instrument":"VIIRS","confidence":"n","version":2,"bright_ti5":279.43,"frp":0.96,"daynight":"N","type":0},"geometry":{"type":"Point","coordinates":[104.82196,-4.37265]}},
{"type":"Feature","properties":{"latitude":-4.48418,"longitude":104.37193,"bright_ti4":331.23,"scan":0.47,"track":0.39,"acq_date":"2021-07-05","acq_time":617,"satellite":"N","instrument":"VIIRS","confidence":"n","version":2,"bright_ti5":299.52,"frp":2.12,"daynight":"D","type":0},"geometry":{"type":"Point","coordinates":[104.37193,-4.48418]}},
{"type":"Feature","properties":{"latitude":-4.29263,"longitude":104.81348,"bright_ti4":305.35,"scan":0.57,"track":0.43,"acq_date":"2021-07-08","acq_time":1804,"satellite":"N","instrument":"VIIRS","confidence":"n","version":2,"bright_ti5":289.62,"frp":1.47,"daynight":"N","type":0},"geometry":{"type":"Point","coordinates":[104.81348,-4.29263]}},
{"type":"Feature","properties":{"latitude":-4.2895,"longitude":104.81925,"bright_ti4":308.52,"scan":0.57,"track":0.43,"acq_date":"2021-07-08","acq_time":1804,"satellite":"N","instrument":"VIIRS","confidence":"n","version":2,"bright_ti5":289.12,"frp":2.19,"daynight":"N","type":0},"geometry":{"type":"Point","coordinates":[104.81925,-4.2895]}},
{"type":"Feature","properties":{"latitude":-4.28866,"longitude":104.81415,"bright_ti4":329.91,"scan":0.57,"track":0.43,"acq_date":"2021-07-08","acq_time":1804,"satellite":"N","instrument":"VIIRS","confidence":"n","version":2,"bright_ti5":290.02,"frp":4.76,"daynight":"N","type":0},"geometry":{"type":"Point","coordinates":[104.81415,-4.28866]}},
{"type":"Feature","properties":{"latitude":-4.28103,"longitude":104.86513,"bright_ti4":302.44,"scan":0.63,"track":0.72,"acq_date":"2021-07-15","acq_time":1732,"satellite":"N","instrument":"VIIRS","confidence":"n","version":2,"bright_ti5":287.27,"frp":2.63,"daynight":"N","type":0},"geometry":{"type":"Point","coordinates":[104.86513,-4.28103]}},
{"type":"Feature","properties":{"latitude":-4.30888,"longitude":104.69769,"bright_ti4":306.59,"scan":0.6,"track":0.53,"acq_date":"2021-07-16","acq_time":1854,"satellite":"N","instrument":"VIIRS","confidence":"n","version":2,"bright_ti5":288.41,"frp":1.58,"daynight":"N","type":0},"geometry":{"type":"Point","coordinates":[104.69769,-4.30888]}},
{"type":"Feature","properties":{"latitude":-4.31068,"longitude":104.69495,"bright_ti4":309.42,"scan":0.6,"track":0.53,"acq_date":"2021-07-16","acq_time":1854,"satellite":"N","instrument":"VIIRS","confidence":"n","version":2,"bright_ti5":288.13,"frp":1.36,"daynight":"N","type":0},"geometry":{"type":"Point","coordinates":[104.69495,-4.31068]}},
{"type":"Feature","properties":{"latitude":-4.30631,"longitude":104.599,"bright_ti4":328.57,"scan":0.52,"track":0.67,"acq_date":"2021-07-18","acq_time":714,"satellite":"N","instrument":"VIIRS","confidence":"n","version":2,"bright_ti5":288.93,"frp":3.77,"daynight":"D","type":0},"geometry":{"type":"Point","coordinates":[104.599,-4.30631]}},
{"type":"Feature","properties":{"latitude":-4.26961,"longitude":104.84772,"bright_ti4":303.25,"scan":0.4,"track":0.37,"acq_date":"2021-07-18","acq_time":1816,"satellite":"N","instrument":"VIIRS","confidence":"n","version":2,"bright_ti5":291.0,"frp":0.4,"daynight":"N","type":0},"geometry":{"type":"Point","coordinates":[104.84772,-4.26961]}},
{"type":"Feature","properties":{"latitude":-4.23291,"longitude":104.87952,"bright_ti4":320.41,"scan":0.4,"track":0.37,"acq_date":"2021-07-18","acq_time":1816,"satellite":"N","instrument":"VIIRS","confidence":"n","version":2,"bright_ti5":291.63,"frp":1.57,"daynight":"N","type":0},"geometry":{"type":"Point","coordinates":[104.87952,-4.23291]}},
{"type":"Feature","properties":{"latitude":-4.26423,"longitude":104.69267,"bright_ti4":333.46,"scan":0.48,"track":0.4,"acq_date":"2021-07-25","acq_time":642,"satellite":"N","instrument":"VIIRS","confidence":"n","version":2,"bright_ti5":299.8,"frp":6.29,"daynight":"D","type":0},"geometry":{"type":"Point","coordinates":[104.69267,-4.26423]}},
{"type":"Feature","properties":{"latitude":-4.30891,"longitude":104.69151,"bright_ti4":332.46,"scan":0.4,"track":0.37,"acq_date":"2021-07-26","acq_time":623,"satellite":"N","instrument":"VIIRS","confidence":"n","version":2,"bright_ti5":302.97,"frp":1.7,"daynight":"D","type":0},"geometry":{"type":"Point","coordinates":[104.69151,-4.30891]}},
{"type":"Feature","properties":{"latitude":-4.37335,"longitude":104.83575,"bright_ti4":333.6,"scan":0.39,"track":0.36,"acq_date":"2021-07-26","acq_time":623,"satellite":"N","instrument":"VIIRS","confidence":"n","version":2,"bright_ti5":302.26,"frp":3.6,"daynight":"D","type":0},"geometry":{"type":"Point","coordinates":[104.83575,-4.37335]}},
{"type":"Feature","properties":{"latitude":-4.37777,"longitude":104.90935,"bright_ti4":330.69,"scan":0.39,"track":0.36,"acq_date":"2021-07-26","acq_time":623,"satellite":"N","instrument":"VIIRS","confidence":"n","version":2,"bright_ti5":301.81,"frp":2.17,"daynight":"D","type":0},"geometry":{"type":"Point","coordinates":[104.90935,-4.37777]}},
{"type":"Feature","properties":{"latitude":-4.77644,"longitude":104.47541,"bright_ti4":346.57,"scan":0.4,"track":0.37,"acq_date":"2021-07-26","acq_time":623,"satellite":"N","instrument":"VIIRS","confidence":"n","version":2,"bright_ti5":302.19,"frp":5.89,"daynight":"D","type":0},"geometry":{"type":"Point","coordinates":[104.47541,-4.77644]}},
{"type":"Feature","properties":{"latitude":-4.32765,"longitude":104.8445,"bright_ti4":340.28,"scan":0.44,"track":0.46,"acq_date":"2021-07-27","acq_time":605,"satellite":"N","instrument":"VIIRS","confidence":"n","version":2,"bright_ti5":301.34,"frp":5.98,"daynight":"D","type":0},"geometry":{"type":"Point","coordinates":[104.8445,-4.32765]}},
{"type":"Feature","properties":{"latitude":-4.32995,"longitude":104.84367,"bright_ti4":350.1,"scan":0.44,"track":0.46,"acq_date":"2021-07-27","acq_time":605,"satellite":"N","instrument":"VIIRS","confidence":"n","version":2,"bright_ti5":302.88,"frp":8.01,"daynight":"D","type":0},"geometry":{"type":"Point","coordinates":[104.84367,-4.32995]}},
{"type":"Feature","properties":{"latitude":-4.34306,"longitude":104.88728,"bright_ti4":303.86,"scan":0.48,"track":0.48,"acq_date":"2021-07-27","acq_time":1848,"satellite":"N","instrument":"VIIRS","confidence":"n","version":2,"bright_ti5":291.52,"frp":0.83,"daynight":"N","type":0},"geometry":{"type":"Point","coordinates":[104.88728,-4.34306]}},
{"type":"Feature","properties":{"latitude":-4.69966,"longitude":104.31554,"bright_ti4":347.02,"scan":0.38,"track":0.36,"acq_date":"2021-07-31","acq_time":630,"satellite":"N","instrument":"VIIRS","confidence":"n","version":2,"bright_ti5":302.24,"frp":9.79,"daynight":"D","type":0},"geometry":{"type":"Point","coordinates":[104.31554,-4.69966]}},
{"type":"Feature","properties":{"latitude":-4.446,"longitude":104.5843,"bright_ti4":334.88,"scan":0.38,"track":0.36,"acq_date":"2021-07-31","acq_time":630,"satellite":"N","instrument":"VIIRS","confidence":"n","version":2,"bright_ti5":300.87,"frp":5.71,"daynight":"D","type":0},"geometry":{"type":"Point","coordinates":[104.5843,-4.446]}},
{"type":"Feature","properties":{"latitude":-4.44652,"longitude":104.58083,"bright_ti4":346.8,"scan":0.38,"track":0.36,"acq_date":"2021-07-31","acq_time":630,"satellite":"N","instrument":"VIIRS","confidence":"n","version":2,"bright_ti5":301.71,"frp":5.71,"daynight":"D","type":0},"geometry":{"type":"Point","coordinates":[104.58083,-4.44652]}},
{"type":"Feature","properties":{"latitude":-4.44706,"longitude":104.57734,"bright_ti4":332.02,"scan":0.38,"track":0.36,"acq_date":"2021-07-31","acq_time":630,"satellite":"N","instrument":"VIIRS","confidence":"n","version":2,"bright_ti5":299.6,"frp":3.54,"daynight":"D","type":0},"geometry":{"type":"Point","coordinates":[104.57734,-4.44706]}},
{"type":"Feature","properties":{"latitude":-4.346,"longitude":104.90952,"bright_ti4":339.95,"scan":0.52,"track":0.42,"acq_date":"2021-08-01","acq_time":611,"satellite":"N","instrument":"VIIRS","confidence":"n","version":2,"bright_ti5":298.32,"frp":30.42,"daynight":"D","type":0},"geometry":{"type":"Point","coordinates":[104.90952,-4.346]}},
{"type":"Feature","properties":{"latitude":-4.34493,"longitude":104.81705,"bright_ti4":336.63,"scan":0.36,"track":0.58,"acq_date":"2021-08-02","acq_time":552,"satellite":"N","instrument":"VIIRS","confidence":"n","version":2,"bright_ti5":292.22,"frp":2.25,"daynight":"D","type":0},"geometry":{"type":"Point","coordinates":[104.81705,-4.34493]}},
{"type":"Feature","properties":{"latitude":-4.39949,"longitude":104.91341,"bright_ti4":329.0,"scan":0.36,"track":0.57,"acq_date":"2021-08-02","acq_time":552,"satellite":"N","instrument":"VIIRS","confidence":"n","version":2,"bright_ti5":294.96,"frp":3.81,"daynight":"D","type":0},"geometry":{"type":"Point","coordinates":[104.91341,-4.39949]}},
{"type":"Feature","properties":{"latitude":-4.22032,"longitude":104.8795,"bright_ti4":320.71,"scan":0.57,"track":0.43,"acq_date":"2021-08-07","acq_time":1842,"satellite":"N","instrument":"VIIRS","confidence":"n","version":2,"bright_ti5":290.51,"frp":4.3,"daynight":"N","type":0},"geometry":{"type":"Point","coordinates":[104.8795,-4.22032]}},
{"type":"Feature","properties":{"latitude":-4.3934,"longitude":104.5658,"bright_ti4":338.42,"scan":0.66,"track":0.73,"acq_date":"2021-08-08","acq_time":720,"satellite":"N","instrument":"VIIRS","confidence":"n","version":2,"bright_ti5":288.34,"frp":7.27,"daynight":"D","type":0},"geometry":{"type":"Point","coordinates":[104.5658,-4.3934]}},
{"type":"Feature","properties":{"latitude":-4.39954,"longitude":104.56558,"bright_ti4":333.09,"scan":0.66,"track":0.73,"acq_date":"2021-08-08","acq_time":720,"satellite":"N","instrument":"VIIRS","confidence":"n","version":2,"bright_ti5":288.63,"frp":6.44,"daynight":"D","type":0},"geometry":{"type":"Point","coordinates":[104.56558,-4.39954]}},
{"type":"Feature","properties":{"latitude":-4.37059,"longitude":104.81994,"bright_ti4":303.62,"scan":0.56,"track":0.43,"acq_date":"2021-08-09","acq_time":1804,"satellite":"N","instrument":"VIIRS","confidence":"n","version":2,"bright_ti5":289.28,"frp":0.59,"daynight":"N","type":0},"geometry":{"type":"Point","coordinates":[104.81994,-4.37059]}},
{"type":"Feature","properties":{"latitude":-4.7218,"longitude":104.45164,"bright_ti4":340.75,"scan":0.47,"track":0.48,"acq_date":"2021-08-12","acq_time":605,"satellite":"N","instrument":"VIIRS","confidence":"n","version":2,"bright_ti5":294.78,"frp":10.35,"daynight":"D","type":0},"geometry":{"type":"Point","coordinates":[104.45164,-4.7218]}},
{"type":"Feature","properties":{"latitude":-4.28349,"longitude":104.85658,"bright_ti4":307.38,"scan":0.4,"track":0.37,"acq_date":"2021-08-19","acq_time":1817,"satellite":"N","instrument":"VIIRS","confidence":"n","version":2,"bright_ti5":285.22,"frp":0.49,"daynight":"N","type":0},"geometry":{"type":"Point","coordinates":[104.85658,-4.28349]}},
{"type":"Feature","properties":{"latitude":-4.29575,"longitude":104.8923,"bright_ti4":335.76,"scan":0.38,"track":0.44,"acq_date":"2021-08-23","acq_time":1842,"satellite":"N","instrument":"VIIRS","confidence":"n","version":2,"bright_ti5":290.91,"frp":3.49,"daynight":"N","type":0},"geometry":{"type":"Point","coordinates":[104.8923,-4.29575]}},
{"type":"Feature","properties":{"latitude":-4.42153,"longitude":104.54896,"bright_ti4":328.88,"scan":0.62,"track":0.71,"acq_date":"2021-08-24","acq_time":540,"satellite":"N","instrument":"VIIRS","confidence":"n","version":2,"bright_ti5":286.25,"frp":3.9,"daynight":"D","type":0},"geometry":{"type":"Point","coordinates":[104.54896,-4.42153]}},
{"type":"Feature","properties":{"latitude":-4.47031,"longitude":104.58308,"bright_ti4":334.95,"scan":0.48,"track":0.4,"acq_date":"2021-08-26","acq_time":643,"satellite":"N","instrument":"VIIRS","confidence":"n","version":2,"bright_ti5":299.21,"frp":5.13,"daynight":"D","type":0},"geometry":{"type":"Point","coordinates":[104.58308,-4.47031]}},
{"type":"Feature","properties":{"latitude":-4.28645,"longitude":104.86155,"bright_ti4":346.27,"scan":0.5,"track":0.41,"acq_date":"2021-08-26","acq_time":643,"satellite":"N","instrument":"VIIRS","confidence":"n","version":2,"bright_ti5":308.94,"frp":37.44,"daynight":"D","type":0},"geometry":{"type":"Point","coordinates":[104.86155,-4.28645]}},
{"type":"Feature","properties":{"latitude":-4.26592,"longitude":104.62828,"bright_ti4":340.91,"scan":0.48,"track":0.4,"acq_date":"2021-08-26","acq_time":643,"satellite":"N","instrument":"VIIRS","confidence":"n","version":2,"bright_ti5":300.61,"frp":21.17,"daynight":"D","type":0},"geometry":{"type":"Point","coordinates":[104.62828,-4.26592]}},
{"type":"Feature","properties":{"latitude":-4.38262,"longitude":104.86562,"bright_ti4":327.36,"scan":0.38,"track":0.59,"acq_date":"2021-08-26","acq_time":1745,"satellite":"N","instrument":"VIIRS","confidence":"n","version":2,"bright_ti5":282.7,"frp":2.58,"daynight":"N","type":0},"geometry":{"type":"Point","coordinates":[104.86562,-4.38262]}},
{"type":"Feature","properties":{"latitude":-4.38203,"longitude":104.86214,"bright_ti4":325.01,"scan":0.38,"track":0.59,"acq_date":"2021-08-26","acq_time":1745,"satellite":"N","instrument":"VIIRS","confidence":"n","version":2,"bright_ti5":284.17,"frp":2.58,"daynight":"N","type":0},"geometry":{"type":"Point","coordinates":[104.86214,-4.38203]}},
{"type":"Feature","properties":{"latitude":-4.23001,"longitude":104.9258,"bright_ti4":312.69,"scan":0.38,"track":0.59,"acq_date":"2021-08-26","acq_time":1745,"satellite":"N","instrument":"VIIRS","confidence":"n","version":2,"bright_ti5":287.53,"frp":0.73,"daynight":"N","type":0},"geometry":{"type":"Point","coordinates":[104.9258,-4.23001]}},
{"type":"Feature","properties":{"latitude":-4.22868,"longitude":104.92596,"bright_ti4":312.07,"scan":0.38,"track":0.59,"acq_date":"2021-08-26","acq_time":1745,"satellite":"N","instrument":"VIIRS","confidence":"n","version":2,"bright_ti5":287.74,"frp":0.76,"daynight":"N","type":0},"geometry":{"type":"Point","coordinates":[104.92596,-4.22868]}},
{"type":"Feature","properties":{"latitude":-4.70142,"longitude":104.31577,"bright_ti4":331.16,"scan":0.41,"track":0.37,"acq_date":"2021-08-27","acq_time":624,"satellite":"N","instrument":"VIIRS","confidence":"n","version":2,"bright_ti5":303.92,"frp":2.54,"daynight":"D","type":0},"geometry":{"type":"Point","coordinates":[104.31577,-4.70142]}},
{"type":"Feature","properties":{"latitude":-4.65252,"longitude":104.31553,"bright_ti4":343.2,"scan":0.41,"track":0.37,"acq_date":"2021-08-27","acq_time":624,"satellite":"N","instrument":"VIIRS","confidence":"n","version":2,"bright_ti5":306.05,"frp":13.43,"daynight":"D","type":0},"geometry":{"type":"Point","coordinates":[104.31553,-4.65252]}},
{"type":"Feature","properties":{"latitude":-4.64912,"longitude":104.31501,"bright_ti4":346.71,"scan":0.41,"track":0.37,"acq_date":"2021-08-27","acq_time":624,"satellite":"N","instrument":"VIIRS","confidence":"n","version":2,"bright_ti5":302.49,"frp":27.83,"daynight":"D","type":0},"geometry":{"type":"Point","coordinates":[104.31501,-4.64912]}},
{"type":"Feature","properties":{"latitude":-4.55919,"longitude":104.35735,"bright_ti4":332.63,"scan":0.4,"track":0.37,"acq_date":"2021-08-27","acq_time":624,"satellite":"N","instrument":"VIIRS","confidence":"n","version":2,"bright_ti5":302.44,"frp":3.75,"daynight":"D","type":0},"geometry":{"type":"Point","coordinates":[104.35735,-4.55919]}},
{"type":"Feature","properties":{"latitude":-4.30718,"longitude":104.59923,"bright_ti4":332.4,"scan":0.4,"track":0.37,"acq_date":"2021-08-27","acq_time":624,"satellite":"N","instrument":"VIIRS","confidence":"n","version":2,"bright_ti5":300.59,"frp":3.22,"daynight":"D","type":0},"geometry":{"type":"Point","coordinates":[104.59923,-4.30718]}},
{"type":"Feature","properties":{"latitude":-4.30647,"longitude":104.58083,"bright_ti4":339.14,"scan":0.4,"track":0.37,"acq_date":"2021-08-27","acq_time":624,"satellite":"N","instrument":"VIIRS","confidence":"n","version":2,"bright_ti5":299.74,"frp":3.96,"daynight":"D","type":0},"geometry":{"type":"Point","coordinates":[104.58083,-4.30647]}},
{"type":"Feature","properties":{"latitude":-4.26074,"longitude":104.76347,"bright_ti4":340.62,"scan":0.39,"track":0.36,"acq_date":"2021-08-27","acq_time":624,"satellite":"N","instrument":"VIIRS","confidence":"n","version":2,"bright_ti5":300.32,"frp":9.0,"daynight":"D","type":0},"geometry":{"type":"Point","coordinates":[104.76347,-4.26074]}},
{"type":"Feature","properties":{"latitude":-4.34305,"longitude":104.81877,"bright_ti4":314.01,"scan":0.8,"track":0.78,"acq_date":"2021-08-27","acq_time":1726,"satellite":"N","instrument":"VIIRS","confidence":"n","version":2,"bright_ti5":285.79,"frp":4.5,"daynight":"N","type":0},"geometry":{"type":"Point","coordinates":[104.81877,-4.34305]}},
{"type":"Feature","properties":{"latitude":-4.34376,"longitude":104.82098,"bright_ti4":320.7,"scan":0.79,"track":0.78,"acq_date":"2021-08-27","acq_time":1727,"satellite":"N","instrument":"VIIRS","confidence":"n","version":2,"bright_ti5":285.43,"frp":3.95,"daynight":"N","type":0},"geometry":{"type":"Point","coordinates":[104.82098,-4.34376]}},
{"type":"Feature","properties":{"latitude":-4.60856,"longitude":104.44289,"bright_ti4":335.98,"scan":0.47,"track":0.48,"acq_date":"2021-08-28","acq_time":605,"satellite":"N","instrument":"VIIRS","confidence":"n","version":2,"bright_ti5":291.51,"frp":4.19,"daynight":"D","type":0},"geometry":{"type":"Point","coordinates":[104.44289,-4.60856]}},
{"type":"Feature","properties":{"latitude":-4.65579,"longitude":104.34287,"bright_ti4":329.49,"scan":0.38,"track":0.36,"acq_date":"2021-09-01","acq_time":630,"satellite":"N","instrument":"VIIRS","confidence":"n","version":2,"bright_ti5":294.5,"frp":1.58,"daynight":"D","type":0},"geometry":{"type":"Point","coordinates":[104.34287,-4.65579]}},
{"type":"Feature","properties":{"latitude":-4.4263,"longitude":104.53671,"bright_ti4":332.88,"scan":0.49,"track":0.49,"acq_date":"2021-09-05","acq_time":655,"satellite":"N","instrument":"VIIRS","confidence":"n","version":2,"bright_ti5":282.09,"frp":5.64,"daynight":"D","type":0},"geometry":{"type":"Point","coordinates":[104.53671,-4.4263]}},
{"type":"Feature","properties":{"latitude":-4.42901,"longitude":104.46468,"bright_ti4":337.1,"scan":0.49,"track":0.48,"acq_date":"2021-09-05","acq_time":655,"satellite":"N","instrument":"VIIRS","confidence":"n","version":2,"bright_ti5":287.84,"frp":4.24,"daynight":"D","type":0},"geometry":{"type":"Point","coordinates":[104.46468,-4.42901]}},
{"type":"Feature","properties":{"latitude":-4.42455,"longitude":104.46396,"bright_ti4":340.33,"scan":0.49,"track":0.48,"acq_date":"2021-09-05","acq_time":655,"satellite":"N","instrument":"VIIRS","confidence":"n","version":2,"bright_ti5":291.26,"frp":7.34,"daynight":"D","type":0},"geometry":{"type":"Point","coordinates":[104.46396,-4.42455]}},
{"type":"Feature","properties":{"latitude":-4.58673,"longitude":104.46622,"bright_ti4":336.71,"scan":0.48,"track":0.48,"acq_date":"2021-09-05","acq_time":655,"satellite":"N","instrument":"VIIRS","confidence":"n","version":2,"bright_ti5":276.99,"frp":3.24,"daynight":"D","type":0},"geometry":{"type":"Point","coordinates":[104.46622,-4.58673]}},
{"type":"Feature","properties":{"latitude":-4.2459,"longitude":104.91649,"bright_ti4":305.74,"scan":0.38,"track":0.59,"acq_date":"2021-09-11","acq_time":1745,"satellite":"N","instrument":"VIIRS","confidence":"n","version":2,"bright_ti5":269.0,"frp":1.09,"daynight":"N","type":0},"geometry":{"type":"Point","coordinates":[104.91649,-4.2459]}},
{"type":"Feature","properties":{"latitude":-4.25132,"longitude":104.91551,"bright_ti4":307.7,"scan":0.38,"track":0.59,"acq_date":"2021-09-11","acq_time":1745,"satellite":"N","instrument":"VIIRS","confidence":"n","version":2,"bright_ti5":268.24,"frp":1.09,"daynight":"N","type":0},"geometry":{"type":"Point","coordinates":[104.91551,-4.25132]}},
{"type":"Feature","properties":{"latitude":-4.60539,"longitude":104.39397,"bright_ti4":340.85,"scan":0.39,"track":0.59,"acq_date":"2021-09-15","acq_time":708,"satellite":"N","instrument":"VIIRS","confidence":"n","version":2,"bright_ti5":289.25,"frp":5.97,"daynight":"D","type":0},"geometry":{"type":"Point","coordinates":[104.39397,-4.60539]}},
{"type":"Feature","properties":{"latitude":-4.60601,"longitude":104.39038,"bright_ti4":349.38,"scan":0.39,"track":0.59,"acq_date":"2021-09-15","acq_time":708,"satellite":"N","instrument":"VIIRS","confidence":"n","version":2,"bright_ti5":289.49,"frp":5.97,"daynight":"D","type":0},"geometry":{"type":"Point","coordinates":[104.39038,-4.60601]}},
{"type":"Feature","properties":{"latitude":-4.61052,"longitude":104.36454,"bright_ti4":345.18,"scan":0.39,"track":0.59,"acq_date":"2021-09-15","acq_time":708,"satellite":"N","instrument":"VIIRS","confidence":"n","version":2,"bright_ti5":288.86,"frp":5.05,"daynight":"D","type":0},"geometry":{"type":"Point","coordinates":[104.36454,-4.61052]}},
{"type":"Feature","properties":{"latitude":-4.61592,"longitude":104.36609,"bright_ti4":357.72,"scan":0.39,"track":0.59,"acq_date":"2021-09-15","acq_time":708,"satellite":"N","instrument":"VIIRS","confidence":"l","version":2,"bright_ti5":288.6,"frp":5.82,"daynight":"D","type":0},"geometry":{"type":"Point","coordinates":[104.36609,-4.61592]}},
{"type":"Feature","properties":{"latitude":-4.60613,"longitude":104.39102,"bright_ti4":346.71,"scan":0.39,"track":0.59,"acq_date":"2021-09-15","acq_time":708,"satellite":"N","instrument":"VIIRS","confidence":"n","version":2,"bright_ti5":289.85,"frp":12.11,"daynight":"D","type":0},"geometry":{"type":"Point","coordinates":[104.39102,-4.60613]}},
{"type":"Feature","properties":{"latitude":-4.61044,"longitude":104.36511,"bright_ti4":345.31,"scan":0.39,"track":0.59,"acq_date":"2021-09-15","acq_time":708,"satellite":"N","instrument":"VIIRS","confidence":"n","version":2,"bright_ti5":288.57,"frp":5.57,"daynight":"D","type":0},"geometry":{"type":"Point","coordinates":[104.36511,-4.61044]}},
{"type":"Feature","properties":{"latitude":-4.60062,"longitude":104.39016,"bright_ti4":367.0,"scan":0.39,"track":0.59,"acq_date":"2021-09-15","acq_time":708,"satellite":"N","instrument":"VIIRS","confidence":"h","version":2,"bright_ti5":290.82,"frp":12.11,"daynight":"D","type":0},"geometry":{"type":"Point","coordinates":[104.39016,-4.60062]}},
{"type":"Feature","properties":{"latitude":-4.616,"longitude":104.36549,"bright_ti4":356.01,"scan":0.39,"track":0.59,"acq_date":"2021-09-15","acq_time":708,"satellite":"N","instrument":"VIIRS","confidence":"n","version":2,"bright_ti5":288.76,"frp":5.05,"daynight":"D","type":0},"geometry":{"type":"Point","coordinates":[104.36549,-4.616]}},
{"type":"Feature","properties":{"latitude":-4.44056,"longitude":104.66635,"bright_ti4":341.72,"scan":0.4,"track":0.44,"acq_date":"2021-09-16","acq_time":649,"satellite":"N","instrument":"VIIRS","confidence":"n","version":2,"bright_ti5":296.53,"frp":4.2,"daynight":"D","type":0},"geometry":{"type":"Point","coordinates":[104.66635,-4.44056]}},
{"type":"Feature","properties":{"latitude":-4.22689,"longitude":104.90028,"bright_ti4":342.1,"scan":0.59,"track":0.53,"acq_date":"2021-09-16","acq_time":1752,"satellite":"N","instrument":"VIIRS","confidence":"n","version":2,"bright_ti5":289.85,"frp":12.59,"daynight":"N","type":0},"geometry":{"type":"Point","coordinates":[104.90028,-4.22689]}},
{"type":"Feature","properties":{"latitude":-4.22833,"longitude":104.89915,"bright_ti4":355.83,"scan":0.59,"track":0.53,"acq_date":"2021-09-16","acq_time":1752,"satellite":"N","instrument":"VIIRS","confidence":"n","version":2,"bright_ti5":290.25,"frp":20.45,"daynight":"N","type":0},"geometry":{"type":"Point","coordinates":[104.89915,-4.22833]}},
{"type":"Feature","properties":{"latitude":-4.22344,"longitude":104.89994,"bright_ti4":311.56,"scan":0.59,"track":0.53,"acq_date":"2021-09-16","acq_time":1752,"satellite":"N","instrument":"VIIRS","confidence":"n","version":2,"bright_ti5":288.35,"frp":1.52,"daynight":"N","type":0},"geometry":{"type":"Point","coordinates":[104.89994,-4.22344]}},
{"type":"Feature","properties":{"latitude":-4.22601,"longitude":104.89489,"bright_ti4":322.38,"scan":0.6,"track":0.53,"acq_date":"2021-09-16","acq_time":1752,"satellite":"N","instrument":"VIIRS","confidence":"n","version":2,"bright_ti5":288.96,"frp":12.59,"daynight":"N","type":0},"geometry":{"type":"Point","coordinates":[104.89489,-4.22601]}},
{"type":"Feature","properties":{"latitude":-4.37267,"longitude":104.86395,"bright_ti4":346.79,"scan":0.39,"track":0.36,"acq_date":"2021-09-17","acq_time":630,"satellite":"N","instrument":"VIIRS","confidence":"n","version":2,"bright_ti5":300.52,"frp":5.59,"daynight":"D","type":0},"geometry":{"type":"Point","coordinates":[104.86395,-4.37267]}},
{"type":"Feature","properties":{"latitude":-4.34826,"longitude":104.78889,"bright_ti4":297.8,"scan":0.63,"track":0.72,"acq_date":"2021-09-17","acq_time":1733,"satellite":"N","instrument":"VIIRS","confidence":"n","version":2,"bright_ti5":284.46,"frp":3.36,"daynight":"N","type":0},"geometry":{"type":"Point","coordinates":[104.78889,-4.34826]}},
{"type":"Feature","properties":{"latitude":-4.25737,"longitude":104.72315,"bright_ti4":304.03,"scan":0.64,"track":0.72,"acq_date":"2021-09-17","acq_time":1733,"satellite":"N","instrument":"VIIRS","confidence":"n","version":2,"bright_ti5":284.64,"frp":1.14,"daynight":"N","type":0},"geometry":{"type":"Point","coordinates":[104.72315,-4.25737]}},
{"type":"Feature","properties":{"latitude":-4.63333,"longitude":104.34924,"bright_ti4":342.03,"scan":0.39,"track":0.6,"acq_date":"2021-09-19","acq_time":552,"satellite":"N","instrument":"VIIRS","confidence":"n","version":2,"bright_ti5":289.67,"frp":4.12,"daynight":"D","type":0},"geometry":{"type":"Point","coordinates":[104.34924,-4.63333]}},
{"type":"Feature","properties":{"latitude":-4.32771,"longitude":104.67845,"bright_ti4":332.38,"scan":0.53,"track":0.67,"acq_date":"2021-09-20","acq_time":714,"satellite":"N","instrument":"VIIRS","confidence":"n","version":2,"bright_ti5":279.24,"frp":4.59,"daynight":"D","type":0},"geometry":{"type":"Point","coordinates":[104.67845,-4.32771]}},
{"type":"Feature","properties":{"latitude":-4.33017,"longitude":104.67926,"bright_ti4":336.56,"scan":0.53,"track":0.67,"acq_date":"2021-09-20","acq_time":714,"satellite":"N","instrument":"VIIRS","confidence":"n","version":2,"bright_ti5":279.38,"frp":5.49,"daynight":"D","type":0},"geometry":{"type":"Point","coordinates":[104.67926,-4.33017]}},
{"type":"Feature","properties":{"latitude":-4.40002,"longitude":104.89753,"bright_ti4":329.19,"scan":0.4,"track":0.37,"acq_date":"2021-09-20","acq_time":1817,"satellite":"N","instrument":"VIIRS","confidence":"n","version":2,"bright_ti5":291.92,"frp":2.32,"daynight":"N","type":0},"geometry":{"type":"Point","coordinates":[104.89753,-4.40002]}},
{"type":"Feature","properties":{"latitude":-4.57267,"longitude":104.35934,"bright_ti4":342.86,"scan":0.48,"track":0.48,"acq_date":"2021-09-21","acq_time":655,"satellite":"N","instrument":"VIIRS","confidence":"n","version":2,"bright_ti5":296.86,"frp":27.22,"daynight":"D","type":0},"geometry":{"type":"Point","coordinates":[104.35934,-4.57267]}},
{"type":"Feature","properties":{"latitude":-4.30994,"longitude":104.72198,"bright_ti4":303.96,"scan":0.48,"track":0.48,"acq_date":"2021-09-21","acq_time":1758,"satellite":"N","instrument":"VIIRS","confidence":"n","version":2,"bright_ti5":290.29,"frp":0.59,"daynight":"N","type":0},"geometry":{"type":"Point","coordinates":[104.72198,-4.30994]}},
{"type":"Feature","properties":{"latitude":-4.31224,"longitude":104.71826,"bright_ti4":304.36,"scan":0.48,"track":0.48,"acq_date":"2021-09-21","acq_time":1758,"satellite":"N","instrument":"VIIRS","confidence":"n","version":2,"bright_ti5":290.37,"frp":0.4,"daynight":"N","type":0},"geometry":{"type":"Point","coordinates":[104.71826,-4.31224]}},
{"type":"Feature","properties":{"latitude":-4.37115,"longitude":104.87933,"bright_ti4":300.75,"scan":0.46,"track":0.47,"acq_date":"2021-09-21","acq_time":1758,"satellite":"N","instrument":"VIIRS","confidence":"n","version":2,"bright_ti5":284.7,"frp":0.34,"daynight":"N","type":0},"geometry":{"type":"Point","coordinates":[104.87933,-4.37115]}},
{"type":"Feature","properties":{"latitude":-4.43047,"longitude":104.5076,"bright_ti4":339.27,"scan":0.41,"track":0.37,"acq_date":"2021-09-22","acq_time":636,"satellite":"N","instrument":"VIIRS","confidence":"n","version":2,"bright_ti5":297.66,"frp":5.16,"daynight":"D","type":0},"geometry":{"type":"Point","coordinates":[104.5076,-4.43047]}},
{"type":"Feature","properties":{"latitude":-4.62001,"longitude":104.38699,"bright_ti4":346.43,"scan":0.4,"track":0.37,"acq_date":"2021-09-22","acq_time":636,"satellite":"N","instrument":"VIIRS","confidence":"n","version":2,"bright_ti5":296.96,"frp":4.88,"daynight":"D","type":0},"geometry":{"type":"Point","coordinates":[104.38699,-4.62001]}},
{"type":"Feature","properties":{"latitude":-4.61661,"longitude":104.38647,"bright_ti4":344.61,"scan":0.4,"track":0.37,"acq_date":"2021-09-22","acq_time":636,"satellite":"N","instrument":"VIIRS","confidence":"n","version":2,"bright_ti5":296.7,"frp":9.32,"daynight":"D","type":0},"geometry":{"type":"Point","coordinates":[104.38647,-4.61661]}},
{"type":"Feature","properties":{"latitude":-4.58999,"longitude":104.46844,"bright_ti4":333.24,"scan":0.41,"track":0.37,"acq_date":"2021-09-22","acq_time":636,"satellite":"N","instrument":"VIIRS","confidence":"n","version":2,"bright_ti5":296.8,"frp":2.58,"daynight":"D","type":0},"geometry":{"type":"Point","coordinates":[104.46844,-4.58999]}},
{"type":"Feature","properties":{"latitude":-4.47038,"longitude":104.52122,"bright_ti4":330.3,"scan":0.41,"track":0.37,"acq_date":"2021-09-22","acq_time":636,"satellite":"N","instrument":"VIIRS","confidence":"n","version":2,"bright_ti5":296.27,"frp":2.36,"daynight":"D","type":0},"geometry":{"type":"Point","coordinates":[104.52122,-4.47038]}},
{"type":"Feature","properties":{"latitude":-4.43076,"longitude":104.50724,"bright_ti4":335.79,"scan":0.41,"track":0.37,"acq_date":"2021-09-22","acq_time":637,"satellite":"N","instrument":"VIIRS","confidence":"n","version":2,"bright_ti5":297.58,"frp":5.34,"daynight":"D","type":0},"geometry":{"type":"Point","coordinates":[104.50724,-4.43076]}},
{"type":"Feature","properties":{"latitude":-4.41087,"longitude":104.5457,"bright_ti4":341.88,"scan":0.41,"track":0.37,"acq_date":"2021-09-22","acq_time":637,"satellite":"N","instrument":"VIIRS","confidence":"n","version":2,"bright_ti5":300.99,"frp":6.2,"daynight":"D","type":0},"geometry":{"type":"Point","coordinates":[104.5457,-4.41087]}},
{"type":"Feature","properties":{"latitude":-4.41701,"longitude":104.45994,"bright_ti4":333.47,"scan":0.41,"track":0.37,"acq_date":"2021-09-22","acq_time":637,"satellite":"N","instrument":"VIIRS","confidence":"n","version":2,"bright_ti5":297.55,"frp":3.71,"daynight":"D","type":0},"geometry":{"type":"Point","coordinates":[104.45994,-4.41701]}},
{"type":"Feature","properties":{"latitude":-4.22155,"longitude":104.91714,"bright_ti4":338.01,"scan":0.39,"track":0.36,"acq_date":"2021-09-28","acq_time":624,"satellite":"N","instrument":"VIIRS","confidence":"n","version":2,"bright_ti5":292.45,"frp":3.04,"daynight":"D","type":0},"geometry":{"type":"Point","coordinates":[104.91714,-4.22155]}},
{"type":"Feature","properties":{"latitude":-4.61859,"longitude":104.42755,"bright_ti4":334.06,"scan":0.38,"track":0.36,"acq_date":"2021-10-03","acq_time":630,"satellite":"N","instrument":"VIIRS","confidence":"n","version":2,"bright_ti5":300.16,"frp":2.81,"daynight":"D","type":0},"geometry":{"type":"Point","coordinates":[104.42755,-4.61859]}},
{"type":"Feature","properties":{"latitude":-4.73769,"longitude":104.44623,"bright_ti4":334.49,"scan":0.38,"track":0.36,"acq_date":"2021-10-03","acq_time":630,"satellite":"N","instrument":"VIIRS","confidence":"n","version":2,"bright_ti5":297.21,"frp":7.91,"daynight":"D","type":0},"geometry":{"type":"Point","coordinates":[104.44623,-4.73769]}},
{"type":"Feature","properties":{"latitude":-4.25837,"longitude":104.81893,"bright_ti4":322.17,"scan":0.47,"track":0.39,"acq_date":"2021-10-05","acq_time":1836,"satellite":"N","instrument":"VIIRS","confidence":"n","version":2,"bright_ti5":284.06,"frp":2.22,"daynight":"N","type":0},"geometry":{"type":"Point","coordinates":[104.81893,-4.25837]}},
{"type":"Feature","properties":{"latitude":-4.32465,"longitude":104.92393,"bright_ti4":333.47,"scan":0.52,"track":0.5,"acq_date":"2021-10-07","acq_time":655,"satellite":"N","instrument":"VIIRS","confidence":"n","version":2,"bright_ti5":288.12,"frp":4.13,"daynight":"D","type":0},"geometry":{"type":"Point","coordinates":[104.92393,-4.32465]}},
{"type":"Feature","properties":{"latitude":-4.42898,"longitude":104.53859,"bright_ti4":344.34,"scan":0.41,"track":0.37,"acq_date":"2021-10-08","acq_time":637,"satellite":"N","instrument":"VIIRS","confidence":"n","version":2,"bright_ti5":301.08,"frp":7.07,"daynight":"D","type":0},"geometry":{"type":"Point","coordinates":[104.53859,-4.42898]}},
{"type":"Feature","properties":{"latitude":-4.47878,"longitude":104.37351,"bright_ti4":331.89,"scan":0.4,"track":0.37,"acq_date":"2021-10-08","acq_time":637,"satellite":"N","instrument":"VIIRS","confidence":"l","version":2,"bright_ti5":302.12,"frp":4.53,"daynight":"D","type":0},"geometry":{"type":"Point","coordinates":[104.37351,-4.47878]}},
{"type":"Feature","properties":{"latitude":-4.52516,"longitude":104.41393,"bright_ti4":333.62,"scan":0.41,"track":0.37,"acq_date":"2021-10-08","acq_time":637,"satellite":"N","instrument":"VIIRS","confidence":"n","version":2,"bright_ti5":302.06,"frp":4.17,"daynight":"D","type":0},"geometry":{"type":"Point","coordinates":[104.41393,-4.52516]}},
{"type":"Feature","properties":{"latitude":-4.52459,"longitude":104.4176,"bright_ti4":338.09,"scan":0.41,"track":0.37,"acq_date":"2021-10-08","acq_time":637,"satellite":"N","instrument":"VIIRS","confidence":"n","version":2,"bright_ti5":306.01,"frp":4.17,"daynight":"D","type":0},"geometry":{"type":"Point","coordinates":[104.4176,-4.52459]}},
{"type":"Feature","properties":{"latitude":-4.5936,"longitude":104.4436,"bright_ti4":334.9,"scan":0.41,"track":0.37,"acq_date":"2021-10-08","acq_time":637,"satellite":"N","instrument":"VIIRS","confidence":"n","version":2,"bright_ti5":300.95,"frp":2.36,"daynight":"D","type":0},"geometry":{"type":"Point","coordinates":[104.4436,-4.5936]}},
{"type":"Feature","properties":{"latitude":-4.60042,"longitude":104.44463,"bright_ti4":331.59,"scan":0.41,"track":0.37,"acq_date":"2021-10-08","acq_time":637,"satellite":"N","instrument":"VIIRS","confidence":"n","version":2,"bright_ti5":301.3,"frp":1.66,"daynight":"D","type":0},"geometry":{"type":"Point","coordinates":[104.44463,-4.60042]}},
{"type":"Feature","properties":{"latitude":-4.64871,"longitude":104.44823,"bright_ti4":337.88,"scan":0.41,"track":0.37,"acq_date":"2021-10-08","acq_time":637,"satellite":"N","instrument":"VIIRS","confidence":"n","version":2,"bright_ti5":299.27,"frp":3.55,"daynight":"D","type":0},"geometry":{"type":"Point","coordinates":[104.44823,-4.64871]}},
{"type":"Feature","properties":{"latitude":-4.6932,"longitude":104.29475,"bright_ti4":331.83,"scan":0.4,"track":0.37,"acq_date":"2021-10-08","acq_time":637,"satellite":"N","instrument":"VIIRS","confidence":"n","version":2,"bright_ti5":300.6,"frp":2.86,"daynight":"D","type":0},"geometry":{"type":"Point","coordinates":[104.29475,-4.6932]}},
{"type":"Feature","properties":{"latitude":-4.66297,"longitude":104.49163,"bright_ti4":333.75,"scan":0.41,"track":0.37,"acq_date":"2021-10-08","acq_time":637,"satellite":"N","instrument":"VIIRS","confidence":"n","version":2,"bright_ti5":300.85,"frp":4.37,"daynight":"D","type":0},"geometry":{"type":"Point","coordinates":[104.49163,-4.66297]}},
{"type":"Feature","properties":{"latitude":-4.42625,"longitude":104.53579,"bright_ti4":349.69,"scan":0.45,"track":0.39,"acq_date":"2021-10-09","acq_time":618,"satellite":"N","instrument":"VIIRS","confidence":"n","version":2,"bright_ti5":306.61,"frp":19.44,"daynight":"D","type":0},"geometry":{"type":"Point","coordinates":[104.53579,-4.42625]}},
{"type":"Feature","properties":{"latitude":-4.61726,"longitude":104.42722,"bright_ti4":337.06,"scan":0.46,"track":0.39,"acq_date":"2021-10-09","acq_time":618,"satellite":"N","instrument":"VIIRS","confidence":"l","version":2,"bright_ti5":300.32,"frp":23.6,"daynight":"D","type":0},"geometry":{"type":"Point","coordinates":[104.42722,-4.61726]}},
{"type":"Feature","properties":{"latitude":-4.33633,"longitude":104.91912,"bright_ti4":312.88,"scan":0.4,"track":0.6,"acq_date":"2021-10-09","acq_time":1901,"satellite":"N","instrument":"VIIRS","confidence":"n","version":2,"bright_ti5":290.56,"frp":1.05,"daynight":"N","type":0},"geometry":{"type":"Point","coordinates":[104.91912,-4.33633]}},
{"type":"Feature","properties":{"latitude":-4.45567,"longitude":104.40141,"bright_ti4":335.42,"scan":0.6,"track":0.53,"acq_date":"2021-10-10","acq_time":559,"satellite":"N","instrument":"VIIRS","confidence":"n","version":2,"bright_ti5":291.05,"frp":8.69,"daynight":"D","type":0},"geometry":{"type":"Point","coordinates":[104.40141,-4.45567]}},
{"type":"Feature","properties":{"latitude":-4.45489,"longitude":104.40685,"bright_ti4":339.95,"scan":0.6,"track":0.53,"acq_date":"2021-10-10","acq_time":559,"satellite":"N","instrument":"VIIRS","confidence":"n","version":2,"bright_ti5":292.53,"frp":8.69,"daynight":"D","type":0},"geometry":{"type":"Point","coordinates":[104.40685,-4.45489]}},
{"type":"Feature","properties":{"latitude":-4.3237,"longitude":104.82204,"bright_ti4":298.24,"scan":0.57,"track":0.43,"acq_date":"2021-10-10","acq_time":1842,"satellite":"N","instrument":"VIIRS","confidence":"n","version":2,"bright_ti5":260.83,"frp":1.23,"daynight":"N","type":0},"geometry":{"type":"Point","coordinates":[104.82204,-4.3237]}},
{"type":"Feature","properties":{"latitude":-4.37124,"longitude":104.87943,"bright_ti4":340.24,"scan":0.33,"track":0.55,"acq_date":"2021-10-12","acq_time":702,"satellite":"N","instrument":"VIIRS","confidence":"n","version":2,"bright_ti5":288.57,"frp":3.38,"daynight":"D","type":0},"geometry":{"type":"Point","coordinates":[104.87943,-4.37124]}},
{"type":"Feature","properties":{"latitude":-4.37394,"longitude":104.87931,"bright_ti4":339.95,"scan":0.33,"track":0.55,"acq_date":"2021-10-12","acq_time":702,"satellite":"N","instrument":"VIIRS","confidence":"n","version":2,"bright_ti5":287.84,"frp":2.13,"daynight":"D","type":0},"geometry":{"type":"Point","coordinates":[104.87931,-4.37394]}},
{"type":"Feature","properties":{"latitude":-4.24639,"longitude":104.86225,"bright_ti4":339.9,"scan":0.39,"track":0.36,"acq_date":"2021-10-14","acq_time":624,"satellite":"N","instrument":"VIIRS","confidence":"n","version":2,"bright_ti5":295.8,"frp":12.03,"daynight":"D","type":0},"geometry":{"type":"Point","coordinates":[104.86225,-4.24639]}},
{"type":"Feature","properties":{"latitude":-4.32106,"longitude":104.82107,"bright_ti4":304.1,"scan":0.62,"track":0.54,"acq_date":"2021-10-20","acq_time":1855,"satellite":"N","instrument":"VIIRS","confidence":"n","version":2,"bright_ti5":284.34,"frp":0.96,"daynight":"N","type":0},"geometry":{"type":"Point","coordinates":[104.82107,-4.32106]}},
{"type":"Feature","properties":{"latitude":-4.37785,"longitude":104.91672,"bright_ti4":335.38,"scan":0.52,"track":0.5,"acq_date":"2021-10-23","acq_time":656,"satellite":"N","instrument":"VIIRS","confidence":"n","version":2,"bright_ti5":289.6,"frp":2.49,"daynight":"D","type":0},"geometry":{"type":"Point","coordinates":[104.91672,-4.37785]}},
{"type":"Feature","properties":{"latitude":-4.59289,"longitude":104.42352,"bright_ti4":335.1,"scan":0.41,"track":0.37,"acq_date":"2021-10-24","acq_time":637,"satellite":"N","instrument":"VIIRS","confidence":"n","version":2,"bright_ti5":297.54,"frp":2.92,"daynight":"D","type":0},"geometry":{"type":"Point","coordinates":[104.42352,-4.59289]}},
{"type":"Feature","properties":{"latitude":-4.53716,"longitude":104.44508,"bright_ti4":334.14,"scan":0.41,"track":0.37,"acq_date":"2021-10-24","acq_time":637,"satellite":"N","instrument":"VIIRS","confidence":"n","version":2,"bright_ti5":296.13,"frp":2.55,"daynight":"D","type":0},"geometry":{"type":"Point","coordinates":[104.44508,-4.53716]}},
{"type":"Feature","properties":{"latitude":-4.58948,"longitude":104.423,"bright_ti4":332.48,"scan":0.41,"track":0.37,"acq_date":"2021-10-24","acq_time":637,"satellite":"N","instrument":"VIIRS","confidence":"n","version":2,"bright_ti5":298.11,"frp":18.21,"daynight":"D","type":0},"geometry":{"type":"Point","coordinates":[104.423,-4.58948]}},
{"type":"Feature","properties":{"latitude":-4.58891,"longitude":104.42668,"bright_ti4":334.43,"scan":0.41,"track":0.37,"acq_date":"2021-10-24","acq_time":637,"satellite":"N","instrument":"VIIRS","confidence":"n","version":2,"bright_ti5":297.16,"frp":11.31,"daynight":"D","type":0},"geometry":{"type":"Point","coordinates":[104.42668,-4.58891]}},
{"type":"Feature","properties":{"latitude":-4.24426,"longitude":104.85194,"bright_ti4":330.69,"scan":0.5,"track":0.41,"acq_date":"2021-10-29","acq_time":643,"satellite":"N","instrument":"VIIRS","confidence":"n","version":2,"bright_ti5":294.16,"frp":6.81,"daynight":"D","type":0},"geometry":{"type":"Point","coordinates":[104.85194,-4.24426]}},
{"type":"Feature","properties":{"latitude":-4.24355,"longitude":104.85644,"bright_ti4":335.12,"scan":0.5,"track":0.41,"acq_date":"2021-10-29","acq_time":643,"satellite":"N","instrument":"VIIRS","confidence":"n","version":2,"bright_ti5":295.28,"frp":12.32,"daynight":"D","type":0},"geometry":{"type":"Point","coordinates":[104.85644,-4.24355]}},
{"type":"Feature","properties":{"latitude":-4.28449,"longitude":104.6941,"bright_ti4":332.2,"scan":0.49,"track":0.4,"acq_date":"2021-10-29","acq_time":643,"satellite":"N","instrument":"VIIRS","confidence":"n","version":2,"bright_ti5":296.55,"frp":4.53,"daynight":"D","type":0},"geometry":{"type":"Point","coordinates":[104.6941,-4.28449]}},
{"type":"Feature","properties":{"latitude":-4.35878,"longitude":104.81281,"bright_ti4":344.55,"scan":0.49,"track":0.41,"acq_date":"2021-10-29","acq_time":643,"satellite":"N","instrument":"VIIRS","confidence":"n","version":2,"bright_ti5":294.87,"frp":6.15,"daynight":"D","type":0},"geometry":{"type":"Point","coordinates":[104.81281,-4.35878]}},
{"type":"Feature","properties":{"latitude":-4.50678,"longitude":104.34702,"bright_ti4":338.31,"scan":0.47,"track":0.39,"acq_date":"2021-10-29","acq_time":643,"satellite":"N","instrument":"VIIRS","confidence":"n","version":2,"bright_ti5":294.31,"frp":9.12,"daynight":"D","type":0},"geometry":{"type":"Point","coordinates":[104.34702,-4.50678]}},
{"type":"Feature","properties":{"latitude":-4.32185,"longitude":104.70432,"bright_ti4":329.87,"scan":0.39,"track":0.36,"acq_date":"2021-10-30","acq_time":624,"satellite":"N","instrument":"VIIRS","confidence":"n","version":2,"bright_ti5":293.68,"frp":1.99,"daynight":"D","type":0},"geometry":{"type":"Point","coordinates":[104.70432,-4.32185]}},
{"type":"Feature","properties":{"latitude":-4.57904,"longitude":104.41338,"bright_ti4":330.1,"scan":0.47,"track":0.48,"acq_date":"2021-10-31","acq_time":606,"satellite":"N","instrument":"VIIRS","confidence":"n","version":2,"bright_ti5":288.79,"frp":4.14,"daynight":"D","type":0},"geometry":{"type":"Point","coordinates":[104.41338,-4.57904]}},
{"type":"Feature","properties":{"latitude":-4.57868,"longitude":104.41517,"bright_ti4":334.7,"scan":0.47,"track":0.48,"acq_date":"2021-10-31","acq_time":606,"satellite":"N","instrument":"VIIRS","confidence":"n","version":2,"bright_ti5":288.63,"frp":3.34,"daynight":"D","type":0},"geometry":{"type":"Point","coordinates":[104.41517,-4.57868]}},
{"type":"Feature","properties":{"latitude":-4.37295,"longitude":104.81602,"bright_ti4":330.3,"scan":0.42,"track":0.61,"acq_date":"2021-11-02","acq_time":708,"satellite":"N","instrument":"VIIRS","confidence":"n","version":2,"bright_ti5":287.44,"frp":1.49,"daynight":"D","type":0},"geometry":{"type":"Point","coordinates":[104.81602,-4.37295]}},
{"type":"Feature","properties":{"latitude":-4.55141,"longitude":104.32923,"bright_ti4":340.34,"scan":0.47,"track":0.48,"acq_date":"2021-11-16","acq_time":606,"satellite":"N","instrument":"VIIRS","confidence":"n","version":2,"bright_ti5":276.0,"frp":6.97,"daynight":"D","type":0},"geometry":{"type":"Point","coordinates":[104.32923,-4.55141]}},
{"type":"Feature","properties":{"latitude":-4.55215,"longitude":104.33007,"bright_ti4":340.13,"scan":0.47,"track":0.48,"acq_date":"2021-11-16","acq_time":606,"satellite":"N","instrument":"VIIRS","confidence":"n","version":2,"bright_ti5":276.93,"frp":5.49,"daynight":"D","type":0},"geometry":{"type":"Point","coordinates":[104.33007,-4.55215]}},
{"type":"Feature","properties":{"latitude":-4.47631,"longitude":104.38823,"bright_ti4":336.41,"scan":0.46,"track":0.47,"acq_date":"2021-11-16","acq_time":606,"satellite":"N","instrument":"VIIRS","confidence":"n","version":2,"bright_ti5":278.41,"frp":3.83,"daynight":"D","type":0},"geometry":{"type":"Point","coordinates":[104.38823,-4.47631]}},
{"type":"Feature","properties":{"latitude":-4.4345,"longitude":104.36895,"bright_ti4":337.07,"scan":0.38,"track":0.36,"acq_date":"2021-11-20","acq_time":631,"satellite":"N","instrument":"VIIRS","confidence":"n","version":2,"bright_ti5":295.74,"frp":4.55,"daynight":"D","type":0},"geometry":{"type":"Point","coordinates":[104.36895,-4.4345]}},
{"type":"Feature","properties":{"latitude":-4.58427,"longitude":104.41321,"bright_ti4":334.73,"scan":0.41,"track":0.37,"acq_date":"2021-11-25","acq_time":637,"satellite":"N","instrument":"VIIRS","confidence":"n","version":2,"bright_ti5":292.54,"frp":4.55,"daynight":"D","type":0},"geometry":{"type":"Point","coordinates":[104.41321,-4.58427]}},
{"type":"Feature","properties":{"latitude":-4.34919,"longitude":104.64539,"bright_ti4":330.92,"scan":0.4,"track":0.37,"acq_date":"2021-12-17","acq_time":624,"satellite":"N","instrument":"VIIRS","confidence":"n","version":2,"bright_ti5":289.32,"frp":2.22,"daynight":"D","type":0},"geometry":{"type":"Point","coordinates":[104.64539,-4.34919]}}
]
}
